root,type,adaptation,cap,method,selected,hf_queries,hf_episode_cost,gain,isr,stop_reason,queried
49000,cooperative,4,96,pivot_kg,0,2,76.0,0.9905893199548714,8.968747127706905,budget_exhausted,"[0, 1]"
49000,cooperative,4,96,pivot_kg_stop,0,2,76.0,0.9905893199548714,8.968747127706905,budget_exhausted,"[0, 1]"
49000,cooperative,4,96,uniform_v2,4,2,76.0,-0.2938993497242137,10.25323579738599,budget_exhausted,"[4, 1]"
49000,cooperative,4,96,ivr_v2,7,2,76.0,9.678343069158615,0.28099337850316175,budget_exhausted,"[0, 7]"
49000,cooperative,4,96,lucb_v2,0,2,76.0,0.9905893199548714,8.968747127706905,budget_exhausted,"[0, 1]"
49000,cooperative,4,,no_hf_v2,0,0,0.0,0.9905893199548714,8.968747127706905,no_hf_method,[]
49000,cooperative,4,,proxy_only,0,0,0.0,0.9905893199548714,8.968747127706905,no_hf_method,[]
49000,cooperative,4,96,author_random_hf,0,2,76.0,0.9905893199548714,8.968747127706905,batch,"[0, 3]"
49000,cooperative,4,96,author_paired_lucb,0,2,76.0,0.9905893199548714,8.968747127706905,batch,"[0, 1]"
49000,cooperative,4,96,author_global_voi,0,2,76.0,0.9905893199548714,8.968747127706905,batch,"[3, 4]"
49000,cooperative,4,96,author_pivot_voi,0,2,76.0,0.9905893199548714,8.968747127706905,batch,"[0, 1]"
49000,cooperative,4,192,pivot_kg,7,5,184.0,9.678343069158615,0.28099337850316175,budget_exhausted,"[0, 1, 7, 2, 5]"
49000,cooperative,4,192,pivot_kg_stop,7,3,112.0,9.678343069158615,0.28099337850316175,selection_probability,"[0, 1, 7]"
49000,cooperative,4,192,uniform_v2,6,5,184.0,9.959336447661777,0.0,budget_exhausted,"[4, 1, 3, 2, 6]"
49000,cooperative,4,192,ivr_v2,7,5,184.0,9.678343069158615,0.28099337850316175,budget_exhausted,"[0, 7, 1, 5, 2]"
49000,cooperative,4,192,lucb_v2,7,5,184.0,9.678343069158615,0.28099337850316175,budget_exhausted,"[0, 1, 2, 7, 6]"
49000,cooperative,4,192,author_random_hf,6,5,184.0,9.959336447661777,0.0,batch,"[0, 3, 6, 5, 4]"
49000,cooperative,4,192,author_paired_lucb,0,5,184.0,0.9905893199548714,8.968747127706905,batch,"[0, 1, 2, 3, 4]"
49000,cooperative,4,192,author_global_voi,0,5,184.0,0.9905893199548714,8.968747127706905,batch,"[3, 4, 5, 2, 1]"
49000,cooperative,4,192,author_pivot_voi,0,5,184.0,0.9905893199548714,8.968747127706905,batch,"[0, 1, 2, 3, 4]"
49000,cooperative,4,384,pivot_kg,7,8,292.0,9.678343069158615,0.28099337850316175,budget_exhausted,"[0, 1, 7, 2, 5, 3, 6, 4]"
49000,cooperative,4,384,pivot_kg_stop,7,3,112.0,9.678343069158615,0.28099337850316175,selection_probability,"[0, 1, 7]"
49000,cooperative,4,384,uniform_v2,7,8,292.0,9.678343069158615,0.28099337850316175,budget_exhausted,"[4, 1, 3, 2, 6, 7, 0, 5]"
49000,cooperative,4,384,ivr_v2,7,8,292.0,9.678343069158615,0.28099337850316175,budget_exhausted,"[0, 7, 1, 5, 2, 6, 4, 3]"
49000,cooperative,4,384,lucb_v2,7,8,292.0,9.678343069158615,0.28099337850316175,budget_exhausted,"[0, 1, 2, 7, 6, 5, 4, 3]"
49000,cooperative,4,384,author_random_hf,7,8,292.0,9.678343069158615,0.28099337850316175,batch,"[0, 3, 6, 5, 4, 7, 2, 1]"
49000,cooperative,4,384,author_paired_lucb,7,8,292.0,9.678343069158615,0.28099337850316175,batch,"[0, 1, 2, 3, 4, 5, 6, 7]"
49000,cooperative,4,384,author_global_voi,7,8,292.0,9.678343069158615,0.28099337850316175,batch,"[3, 4, 5, 2, 1, 6, 7, 0]"
49000,cooperative,4,384,author_pivot_voi,7,8,292.0,9.678343069158615,0.28099337850316175,batch,"[0, 1, 2, 3, 4, 5, 6, 7]"
49000,cooperative,4,,all_hf_reference,7,8,292.0,9.678343069158615,0.28099337850316175,all,"[0, 1, 2, 3, 4, 5, 6, 7]"
49000,cooperative,32,96,pivot_kg,7,1,96.0,18.41596367923649,0.0,budget_exhausted,[7]
49000,cooperative,32,96,pivot_kg_stop,7,1,96.0,18.41596367923649,0.0,budget_exhausted,[7]
49000,cooperative,32,96,uniform_v2,0,1,96.0,-3.0382969149291235,21.454260594165614,budget_exhausted,[4]
49000,cooperative,32,96,ivr_v2,7,1,96.0,18.41596367923649,0.0,budget_exhausted,[7]
49000,cooperative,32,96,lucb_v2,7,1,96.0,18.41596367923649,0.0,budget_exhausted,[7]
49000,cooperative,32,,no_hf_v2,0,0,0.0,-3.0382969149291235,21.454260594165614,no_hf_method,[]
49000,cooperative,32,,proxy_only,0,0,0.0,-3.0382969149291235,21.454260594165614,no_hf_method,[]
49000,cooperative,32,96,author_random_hf,0,1,96.0,-3.0382969149291235,21.454260594165614,batch,[0]
49000,cooperative,32,96,author_paired_lucb,0,1,96.0,-3.0382969149291235,21.454260594165614,batch,[0]
49000,cooperative,32,96,author_global_voi,0,1,96.0,-3.0382969149291235,21.454260594165614,batch,[3]
49000,cooperative,32,96,author_pivot_voi,0,1,96.0,-3.0382969149291235,21.454260594165614,batch,[0]
49000,cooperative,32,192,pivot_kg,7,2,160.0,18.41596367923649,0.0,budget_exhausted,"[7, 6]"
49000,cooperative,32,192,pivot_kg_stop,7,2,160.0,18.41596367923649,0.0,budget_exhausted,"[7, 6]"
49000,cooperative,32,192,uniform_v2,7,2,160.0,18.41596367923649,0.0,budget_exhausted,"[4, 1]"
49000,cooperative,32,192,ivr_v2,7,2,160.0,18.41596367923649,0.0,budget_exhausted,"[7, 6]"
49000,cooperative,32,192,lucb_v2,7,2,160.0,18.41596367923649,0.0,budget_exhausted,"[7, 6]"
49000,cooperative,32,192,author_random_hf,0,2,160.0,-3.0382969149291235,21.454260594165614,batch,"[0, 3]"
49000,cooperative,32,192,author_paired_lucb,0,2,160.0,-3.0382969149291235,21.454260594165614,batch,"[0, 1]"
49000,cooperative,32,192,author_global_voi,0,2,160.0,-3.0382969149291235,21.454260594165614,batch,"[3, 4]"
49000,cooperative,32,192,author_pivot_voi,0,2,160.0,-3.0382969149291235,21.454260594165614,batch,"[0, 3]"
49000,cooperative,32,384,pivot_kg,7,5,352.0,18.41596367923649,0.0,budget_exhausted,"[7, 6, 5, 0, 1]"
49000,cooperative,32,384,pivot_kg_stop,7,2,160.0,18.41596367923649,0.0,selection_probability,"[7, 6]"
49000,cooperative,32,384,uniform_v2,6,5,352.0,16.310907518038455,2.1050561611980356,budget_exhausted,"[4, 1, 3, 2, 6]"
49000,cooperative,32,384,ivr_v2,7,5,352.0,18.41596367923649,0.0,budget_exhausted,"[7, 6, 0, 1, 5]"
49000,cooperative,32,384,lucb_v2,7,5,352.0,18.41596367923649,0.0,budget_exhausted,"[7, 6, 0, 1, 5]"
49000,cooperative,32,384,author_random_hf,6,5,352.0,16.310907518038455,2.1050561611980356,batch,"[0, 3, 6, 5, 4]"
49000,cooperative,32,384,author_paired_lucb,0,5,352.0,-3.0382969149291235,21.454260594165614,batch,"[0, 1, 2, 3, 4]"
49000,cooperative,32,384,author_global_voi,5,5,352.0,7.383176739883325,11.032786939353166,batch,"[3, 4, 5, 2, 1]"
49000,cooperative,32,384,author_pivot_voi,0,5,352.0,-3.0382969149291235,21.454260594165614,batch,"[0, 3, 1, 2, 4]"
49000,cooperative,32,,all_hf_reference,7,8,544.0,18.41596367923649,0.0,all,"[0, 1, 2, 3, 4, 5, 6, 7]"
49001,competitive,4,96,pivot_kg,1,2,76.0,2.631618850435842,0.9569523092493952,budget_exhausted,"[7, 0]"
49001,competitive,4,96,pivot_kg_stop,1,2,76.0,2.631618850435842,0.9569523092493952,budget_exhausted,"[7, 0]"
49001,competitive,4,96,uniform_v2,7,2,76.0,-6.2541681160511615,9.842739275736399,budget_exhausted,"[2, 4]"
49001,competitive,4,96,ivr_v2,1,2,76.0,2.631618850435842,0.9569523092493952,budget_exhausted,"[0, 7]"
49001,competitive,4,96,lucb_v2,1,2,76.0,2.631618850435842,0.9569523092493952,budget_exhausted,"[7, 0]"
49001,competitive,4,,no_hf_v2,7,0,0.0,-6.2541681160511615,9.842739275736399,no_hf_method,[]
49001,competitive,4,,proxy_only,7,0,0.0,-6.2541681160511615,9.842739275736399,no_hf_method,[]
49001,competitive,4,96,author_random_hf,6,2,76.0,-5.040657769658537,8.629228929343775,batch,"[7, 0]"
49001,competitive,4,96,author_paired_lucb,5,2,76.0,-3.827147423265913,7.4157185829511505,batch,"[7, 6]"
49001,competitive,4,96,author_global_voi,7,2,76.0,-6.2541681160511615,9.842739275736399,batch,"[3, 4]"
49001,competitive,4,96,author_pivot_voi,7,2,76.0,-6.2541681160511615,9.842739275736399,batch,"[0, 1]"
49001,competitive,4,192,pivot_kg,1,5,184.0,2.631618850435842,0.9569523092493952,budget_exhausted,"[7, 0, 1, 5, 2]"
49001,competitive,4,192,pivot_kg_stop,1,5,184.0,2.631618850435842,0.9569523092493952,budget_exhausted,"[7, 0, 1, 5, 2]"
49001,competitive,4,192,uniform_v2,0,5,184.0,3.5885711596852374,0.0,budget_exhausted,"[2, 4, 5, 7, 3]"
49001,competitive,4,192,ivr_v2,1,5,184.0,2.631618850435842,0.9569523092493952,budget_exhausted,"[0, 7, 1, 5, 2]"
49001,competitive,4,192,lucb_v2,1,5,184.0,2.631618850435842,0.9569523092493952,budget_exhausted,"[7, 0, 1, 6, 2]"
49001,competitive,4,192,author_random_hf,6,5,184.0,-5.040657769658537,8.629228929343775,batch,"[7, 0, 3, 2, 5]"
49001,competitive,4,192,author_paired_lucb,3,5,184.0,0.7177142319370375,2.8708569277482,batch,"[7, 6, 5, 4, 3]"
49001,competitive,4,192,author_global_voi,7,5,184.0,-6.2541681160511615,9.842739275736399,batch,"[3, 4, 2, 5, 1]"
49001,competitive,4,192,author_pivot_voi,7,5,184.0,-6.2541681160511615,9.842739275736399,batch,"[0, 1, 2, 3, 4]"
49001,competitive,4,384,pivot_kg,1,8,292.0,2.631618850435842,0.9569523092493952,budget_exhausted,"[7, 0, 1, 5, 2, 3, 6, 4]"
49001,competitive,4,384,pivot_kg_stop,1,8,292.0,2.631618850435842,0.9569523092493952,budget_exhausted,"[7, 0, 1, 5, 2, 3, 6, 4]"
49001,competitive,4,384,uniform_v2,1,8,292.0,2.631618850435842,0.9569523092493952,budget_exhausted,"[2, 4, 5, 7, 3, 1, 6, 0]"
49001,competitive,4,384,ivr_v2,1,8,292.0,2.631618850435842,0.9569523092493952,budget_exhausted,"[0, 7, 1, 5, 2, 6, 4, 3]"
49001,competitive,4,384,lucb_v2,1,8,292.0,2.631618850435842,0.9569523092493952,budget_exhausted,"[7, 0, 1, 6, 2, 5, 4, 3]"
49001,competitive,4,384,author_random_hf,1,8,292.0,2.631618850435842,0.9569523092493952,batch,"[7, 0, 3, 2, 5, 1, 4, 6]"
49001,competitive,4,384,author_paired_lucb,1,8,292.0,2.631618850435842,0.9569523092493952,batch,"[7, 6, 5, 4, 3, 2, 1, 0]"
49001,competitive,4,384,author_global_voi,1,8,292.0,2.631618850435842,0.9569523092493952,batch,"[3, 4, 2, 5, 1, 6, 7, 0]"
49001,competitive,4,384,author_pivot_voi,1,8,292.0,2.631618850435842,0.9569523092493952,batch,"[0, 1, 2, 3, 4, 5, 6, 7]"
49001,competitive,4,,all_hf_reference,1,8,292.0,2.631618850435842,0.9569523092493952,all,"[0, 1, 2, 3, 4, 5, 6, 7]"
49001,competitive,32,96,pivot_kg,0,1,96.0,11.607339150447054,0.0,budget_exhausted,[7]
49001,competitive,32,96,pivot_kg_stop,0,1,96.0,11.607339150447054,0.0,budget_exhausted,[7]
49001,competitive,32,96,uniform_v2,2,1,96.0,5.148858363890085,6.458480786556969,budget_exhausted,[2]
49001,competitive,32,96,ivr_v2,0,1,96.0,11.607339150447054,0.0,budget_exhausted,[7]
49001,competitive,32,96,lucb_v2,0,1,96.0,11.607339150447054,0.0,budget_exhausted,[7]
49001,competitive,32,,no_hf_v2,7,0,0.0,-8.893043761251409,20.500382911698463,no_hf_method,[]
49001,competitive,32,,proxy_only,7,0,0.0,-8.893043761251409,20.500382911698463,no_hf_method,[]
49001,competitive,32,96,author_random_hf,6,1,96.0,-2.8097612618530547,14.417100412300108,batch,[7]
49001,competitive,32,96,author_paired_lucb,6,1,96.0,-2.8097612618530547,14.417100412300108,batch,[7]
49001,competitive,32,96,author_global_voi,7,1,96.0,-8.893043761251409,20.500382911698463,batch,[3]
49001,competitive,32,96,author_pivot_voi,0,1,96.0,11.607339150447054,0.0,batch,[0]
49001,competitive,32,192,pivot_kg,0,2,160.0,11.607339150447054,0.0,budget_exhausted,"[7, 6]"
49001,competitive,32,192,pivot_kg_stop,0,2,160.0,11.607339150447054,0.0,budget_exhausted,"[7, 6]"
49001,competitive,32,192,uniform_v2,0,2,160.0,11.607339150447054,0.0,budget_exhausted,"[2, 4]"
49001,competitive,32,192,ivr_v2,0,2,160.0,11.607339150447054,0.0,budget_exhausted,"[7, 6]"
49001,competitive,32,192,lucb_v2,0,2,160.0,11.607339150447054,0.0,budget_exhausted,"[7, 6]"
49001,competitive,32,192,author_random_hf,0,2,160.0,11.607339150447054,0.0,batch,"[7, 0]"
49001,competitive,32,192,author_paired_lucb,5,2,160.0,-6.486141883599448,18.0934810340465,batch,"[7, 6]"
49001,competitive,32,192,author_global_voi,7,2,160.0,-8.893043761251409,20.500382911698463,batch,"[3, 4]"
49001,competitive,32,192,author_pivot_voi,0,2,160.0,11.607339150447054,0.0,batch,"[0, 1]"
49001,competitive,32,384,pivot_kg,0,5,352.0,11.607339150447054,0.0,budget_exhausted,"[7, 6, 0, 1, 2]"
49001,competitive,32,384,pivot_kg_stop,0,5,352.0,11.607339150447054,0.0,budget_exhausted,"[7, 6, 0, 1, 2]"
49001,competitive,32,384,uniform_v2,0,5,352.0,11.607339150447054,0.0,budget_exhausted,"[2, 4, 5, 7, 3]"
49001,competitive,32,384,ivr_v2,0,5,352.0,11.607339150447054,0.0,budget_exhausted,"[7, 6, 0, 1, 5]"
49001,competitive,32,384,lucb_v2,0,5,352.0,11.607339150447054,0.0,budget_exhausted,"[7, 6, 0, 1, 5]"
49001,competitive,32,384,author_random_hf,0,5,352.0,11.607339150447054,0.0,batch,"[7, 0, 3, 2, 5]"
49001,competitive,32,384,author_paired_lucb,3,5,352.0,2.7168765203541874,8.890462630092866,batch,"[7, 6, 5, 4, 3]"
49001,competitive,32,384,author_global_voi,1,5,352.0,8.695626877359,2.911712273088053,batch,"[3, 4, 2, 5, 1]"
49001,competitive,32,384,author_pivot_voi,0,5,352.0,11.607339150447054,0.0,batch,"[0, 1, 2, 3, 4]"
49001,competitive,32,,all_hf_reference,0,8,544.0,11.607339150447054,0.0,all,"[0, 1, 2, 3, 4, 5, 6, 7]"
49002,cooperative,4,96,pivot_kg,1,2,76.0,1.0953893382159094,0.920747683154751,budget_exhausted,"[0, 1]"
49002,cooperative,4,96,pivot_kg_stop,1,2,76.0,1.0953893382159094,0.920747683154751,budget_exhausted,"[0, 1]"
49002,cooperative,4,96,uniform_v2,1,2,76.0,1.0953893382159094,0.920747683154751,budget_exhausted,"[0, 6]"
49002,cooperative,4,96,ivr_v2,1,2,76.0,1.0953893382159094,0.920747683154751,budget_exhausted,"[0, 7]"
49002,cooperative,4,96,lucb_v2,1,2,76.0,1.0953893382159094,0.920747683154751,budget_exhausted,"[0, 1]"
49002,cooperative,4,,no_hf_v2,0,0,0.0,2.0161370213706604,0.0,no_hf_method,[]
49002,cooperative,4,,proxy_only,0,0,0.0,2.0161370213706604,0.0,no_hf_method,[]
49002,cooperative,4,96,author_random_hf,0,2,76.0,2.0161370213706604,0.0,batch,"[6, 7]"
49002,cooperative,4,96,author_paired_lucb,2,2,76.0,0.17464165506115847,1.841495366309502,batch,"[0, 1]"
49002,cooperative,4,96,author_global_voi,0,2,76.0,2.0161370213706604,0.0,batch,"[3, 4]"
49002,cooperative,4,96,author_pivot_voi,2,2,76.0,0.17464165506115847,1.841495366309502,batch,"[0, 1]"
49002,cooperative,4,192,pivot_kg,5,5,184.0,-1.2420879973564638,3.2582250187271242,budget_exhausted,"[0, 1, 2, 5, 7]"
49002,cooperative,4,192,pivot_kg_stop,5,5,184.0,-1.2420879973564638,3.2582250187271242,budget_exhausted,"[0, 1, 2, 5, 7]"
49002,cooperative,4,192,uniform_v2,0,5,184.0,2.0161370213706604,0.0,budget_exhausted,"[0, 6, 7, 3, 4]"
49002,cooperative,4,192,ivr_v2,5,5,184.0,-1.2420879973564638,3.2582250187271242,budget_exhausted,"[0, 7, 1, 5, 2]"
49002,cooperative,4,192,lucb_v2,5,5,184.0,-1.2420879973564638,3.2582250187271242,budget_exhausted,"[0, 1, 7, 6, 5]"
49002,cooperative,4,192,author_random_hf,1,5,184.0,1.0953893382159094,0.920747683154751,batch,"[6, 7, 3, 0, 2]"
49002,cooperative,4,192,author_paired_lucb,2,5,184.0,0.17464165506115847,1.841495366309502,batch,"[0, 1, 2, 3, 4]"
49002,cooperative,4,192,author_global_voi,0,5,184.0,2.0161370213706604,0.0,batch,"[3, 4, 2, 5, 1]"
49002,cooperative,4,192,author_pivot_voi,2,5,184.0,0.17464165506115847,1.841495366309502,batch,"[0, 1, 2, 3, 4]"
49002,cooperative,4,384,pivot_kg,5,8,292.0,-1.2420879973564638,3.2582250187271242,budget_exhausted,"[0, 1, 2, 5, 7, 3, 4, 6]"
49002,cooperative,4,384,pivot_kg_stop,5,8,292.0,-1.2420879973564638,3.2582250187271242,budget_exhausted,"[0, 1, 2, 5, 7, 3, 4, 6]"
49002,cooperative,4,384,uniform_v2,5,8,292.0,-1.2420879973564638,3.2582250187271242,budget_exhausted,"[0, 6, 7, 3, 4, 2, 1, 5]"
49002,cooperative,4,384,ivr_v2,5,8,292.0,-1.2420879973564638,3.2582250187271242,budget_exhausted,"[0, 7, 1, 5, 2, 6, 4, 3]"
49002,cooperative,4,384,lucb_v2,5,8,292.0,-1.2420879973564638,3.2582250187271242,budget_exhausted,"[0, 1, 7, 6, 5, 2, 4, 3]"
49002,cooperative,4,384,author_random_hf,5,8,292.0,-1.2420879973564638,3.2582250187271242,batch,"[6, 7, 3, 0, 2, 1, 5, 4]"
49002,cooperative,4,384,author_paired_lucb,5,8,292.0,-1.2420879973564638,3.2582250187271242,batch,"[0, 1, 2, 3, 4, 5, 6, 7]"
49002,cooperative,4,384,author_global_voi,5,8,292.0,-1.2420879973564638,3.2582250187271242,batch,"[3, 4, 2, 5, 1, 6, 0, 7]"
49002,cooperative,4,384,author_pivot_voi,5,8,292.0,-1.2420879973564638,3.2582250187271242,batch,"[0, 1, 2, 3, 4, 5, 6, 7]"
49002,cooperative,4,,all_hf_reference,5,8,292.0,-1.2420879973564638,3.2582250187271242,all,"[0, 1, 2, 3, 4, 5, 6, 7]"
49002,cooperative,32,96,pivot_kg,7,1,96.0,12.453059823732339,0.0,budget_exhausted,[7]
49002,cooperative,32,96,pivot_kg_stop,7,1,96.0,12.453059823732339,0.0,budget_exhausted,[7]
49002,cooperative,32,96,uniform_v2,0,1,96.0,2.5353145488440987,9.91774527488824,budget_exhausted,[0]
49002,cooperative,32,96,ivr_v2,7,1,96.0,12.453059823732339,0.0,budget_exhausted,[7]
49002,cooperative,32,96,lucb_v2,7,1,96.0,12.453059823732339,0.0,budget_exhausted,[7]
49002,cooperative,32,,no_hf_v2,0,0,0.0,2.5353145488440987,9.91774527488824,no_hf_method,[]
49002,cooperative,32,,proxy_only,0,0,0.0,2.5353145488440987,9.91774527488824,no_hf_method,[]
49002,cooperative,32,96,author_random_hf,6,1,96.0,7.435438629610104,5.017621194122235,batch,[6]
49002,cooperative,32,96,author_paired_lucb,1,1,96.0,-0.8154758012649914,13.26853562499733,batch,[0]
49002,cooperative,32,96,author_global_voi,0,1,96.0,2.5353145488440987,9.91774527488824,batch,[3]
49002,cooperative,32,96,author_pivot_voi,1,1,96.0,-0.8154758012649914,13.26853562499733,batch,[0]
49002,cooperative,32,192,pivot_kg,7,2,160.0,12.453059823732339,0.0,budget_exhausted,"[7, 0]"
49002,cooperative,32,192,pivot_kg_stop,7,2,160.0,12.453059823732339,0.0,budget_exhausted,"[7, 0]"
49002,cooperative,32,192,uniform_v2,6,2,160.0,7.435438629610104,5.017621194122235,budget_exhausted,"[0, 6]"
49002,cooperative,32,192,ivr_v2,7,2,160.0,12.453059823732339,0.0,budget_exhausted,"[7, 6]"
49002,cooperative,32,192,lucb_v2,7,2,160.0,12.453059823732339,0.0,budget_exhausted,"[7, 6]"
49002,cooperative,32,192,author_random_hf,7,2,160.0,12.453059823732339,0.0,batch,"[6, 7]"
49002,cooperative,32,192,author_paired_lucb,2,2,160.0,-3.89083367458721,16.34389349831955,batch,"[0, 1]"
49002,cooperative,32,192,author_global_voi,0,2,160.0,2.5353145488440987,9.91774527488824,batch,"[3, 4]"
49002,cooperative,32,192,author_pivot_voi,2,2,160.0,-3.89083367458721,16.34389349831955,batch,"[0, 1]"
49002,cooperative,32,384,pivot_kg,5,5,352.0,9.787590863594339,2.665468960138,budget_exhausted,"[7, 0, 6, 1, 5]"
49002,cooperative,32,384,pivot_kg_stop,5,5,352.0,9.787590863594339,2.665468960138,budget_exhausted,"[7, 0, 6, 1, 5]"
49002,cooperative,32,384,uniform_v2,7,5,352.0,12.453059823732339,0.0,budget_exhausted,"[0, 6, 7, 3, 4]"
49002,cooperative,32,384,ivr_v2,5,5,352.0,9.787590863594339,2.665468960138,budget_exhausted,"[7, 6, 0, 1, 5]"
49002,cooperative,32,384,lucb_v2,5,5,352.0,9.787590863594339,2.665468960138,budget_exhausted,"[7, 6, 0, 1, 5]"
49002,cooperative,32,384,author_random_hf,7,5,352.0,12.453059823732339,0.0,batch,"[6, 7, 3, 0, 2]"
49002,cooperative,32,384,author_paired_lucb,0,5,352.0,2.5353145488440987,9.91774527488824,batch,"[0, 1, 2, 3, 4]"
49002,cooperative,32,384,author_global_voi,5,5,352.0,9.787590863594339,2.665468960138,batch,"[3, 4, 2, 5, 1]"
49002,cooperative,32,384,author_pivot_voi,0,5,352.0,2.5353145488440987,9.91774527488824,batch,"[0, 1, 2, 3, 4]"
49002,cooperative,32,,all_hf_reference,5,8,544.0,9.787590863594339,2.665468960138,all,"[0, 1, 2, 3, 4, 5, 6, 7]"
49003,competitive,4,96,pivot_kg,2,2,76.0,1.2771324652815323,1.8677121455130177,budget_exhausted,"[0, 1]"
49003,competitive,4,96,pivot_kg_stop,2,2,76.0,1.2771324652815323,1.8677121455130177,budget_exhausted,"[0, 1]"
49003,competitive,4,96,uniform_v2,0,2,76.0,3.14484461079455,0.0,budget_exhausted,"[5, 2]"
49003,competitive,4,96,ivr_v2,1,2,76.0,1.6493672833283881,1.495477327466162,budget_exhausted,"[0, 7]"
49003,competitive,4,96,lucb_v2,2,2,76.0,1.2771324652815323,1.8677121455130177,budget_exhausted,"[0, 1]"
49003,competitive,4,,no_hf_v2,0,0,0.0,3.14484461079455,0.0,no_hf_method,[]
49003,competitive,4,,proxy_only,7,0,0.0,-4.296077962432921,7.440922573227471,no_hf_method,[]
49003,competitive,4,96,author_random_hf,7,2,76.0,-4.296077962432921,7.440922573227471,batch,"[0, 6]"
49003,competitive,4,96,author_paired_lucb,2,2,76.0,1.2771324652815323,1.8677121455130177,batch,"[0, 1]"
49003,competitive,4,96,author_global_voi,0,2,76.0,3.14484461079455,0.0,batch,"[4, 3]"
49003,competitive,4,96,author_pivot_voi,2,2,76.0,1.2771324652815323,1.8677121455130177,batch,"[0, 1]"
49003,competitive,4,192,pivot_kg,3,5,184.0,-0.00603524076527151,3.1508798515598215,budget_exhausted,"[0, 1, 7, 2, 5]"
49003,competitive,4,192,pivot_kg_stop,3,5,184.0,-0.00603524076527151,3.1508798515598215,budget_exhausted,"[0, 1, 7, 2, 5]"
49003,competitive,4,192,uniform_v2,0,5,184.0,3.14484461079455,0.0,budget_exhausted,"[5, 2, 3, 4, 1]"
49003,competitive,4,192,ivr_v2,3,5,184.0,-0.00603524076527151,3.1508798515598215,budget_exhausted,"[0, 7, 1, 5, 2]"
49003,competitive,4,192,lucb_v2,0,5,184.0,3.14484461079455,0.0,budget_exhausted,"[0, 1, 7, 2, 3]"
49003,competitive,4,192,author_random_hf,7,5,184.0,-4.296077962432921,7.440922573227471,batch,"[0, 6, 1, 2, 3]"
49003,competitive,4,192,author_paired_lucb,8,5,184.0,0.0,3.14484461079455,batch,"[0, 1, 2, 3, 4]"
49003,competitive,4,192,author_global_voi,0,5,184.0,3.14484461079455,0.0,batch,"[4, 3, 2, 5, 1]"
49003,competitive,4,192,author_pivot_voi,8,5,184.0,0.0,3.14484461079455,batch,"[0, 1, 2, 3, 4]"
49003,competitive,4,384,pivot_kg,0,8,292.0,3.14484461079455,0.0,budget_exhausted,"[0, 1, 7, 2, 5, 3, 4, 6]"
49003,competitive,4,384,pivot_kg_stop,0,8,292.0,3.14484461079455,0.0,budget_exhausted,"[0, 1, 7, 2, 5, 3, 4, 6]"
49003,competitive,4,384,uniform_v2,0,8,292.0,3.14484461079455,0.0,budget_exhausted,"[5, 2, 3, 4, 1, 6, 7, 0]"
49003,competitive,4,384,ivr_v2,0,8,292.0,3.14484461079455,0.0,budget_exhausted,"[0, 7, 1, 5, 2, 6, 4, 3]"
49003,competitive,4,384,lucb_v2,0,8,292.0,3.14484461079455,0.0,budget_exhausted,"[0, 1, 7, 2, 3, 6, 5, 4]"
49003,competitive,4,384,author_random_hf,8,8,292.0,0.0,3.14484461079455,batch,"[0, 6, 1, 2, 3, 7, 4, 5]"
49003,competitive,4,384,author_paired_lucb,8,8,292.0,0.0,3.14484461079455,batch,"[0, 1, 2, 3, 4, 5, 6, 7]"
49003,competitive,4,384,author_global_voi,8,8,292.0,0.0,3.14484461079455,batch,"[4, 3, 2, 5, 1, 6, 0, 7]"
49003,competitive,4,384,author_pivot_voi,8,8,292.0,0.0,3.14484461079455,batch,"[0, 1, 2, 3, 4, 5, 6, 7]"
49003,competitive,4,,all_hf_reference,8,8,292.0,0.0,3.14484461079455,all,"[0, 1, 2, 3, 4, 5, 6, 7]"
49003,competitive,32,96,pivot_kg,0,1,96.0,11.475880444834662,0.0,budget_exhausted,[7]
49003,competitive,32,96,pivot_kg_stop,0,1,96.0,11.475880444834662,0.0,budget_exhausted,[7]
49003,competitive,32,96,uniform_v2,0,1,96.0,11.475880444834662,0.0,budget_exhausted,[5]
49003,competitive,32,96,ivr_v2,0,1,96.0,11.475880444834662,0.0,budget_exhausted,[7]
49003,competitive,32,96,lucb_v2,0,1,96.0,11.475880444834662,0.0,budget_exhausted,[7]
49003,competitive,32,,no_hf_v2,0,0,0.0,11.475880444834662,0.0,no_hf_method,[]
49003,competitive,32,,proxy_only,7,0,0.0,-8.108409632160264,19.584290076994925,no_hf_method,[]
49003,competitive,32,96,author_random_hf,0,1,96.0,11.475880444834662,0.0,batch,[0]
49003,competitive,32,96,author_paired_lucb,0,1,96.0,11.475880444834662,0.0,batch,[0]
49003,competitive,32,96,author_global_voi,0,1,96.0,11.475880444834662,0.0,batch,[4]
49003,competitive,32,96,author_pivot_voi,0,1,96.0,11.475880444834662,0.0,batch,[0]
49003,competitive,32,192,pivot_kg,0,2,160.0,11.475880444834662,0.0,budget_exhausted,"[7, 0]"
49003,competitive,32,192,pivot_kg_stop,0,2,160.0,11.475880444834662,0.0,budget_exhausted,"[7, 0]"
49003,competitive,32,192,uniform_v2,0,2,160.0,11.475880444834662,0.0,budget_exhausted,"[5, 2]"
49003,competitive,32,192,ivr_v2,0,2,160.0,11.475880444834662,0.0,budget_exhausted,"[7, 6]"
49003,competitive,32,192,lucb_v2,0,2,160.0,11.475880444834662,0.0,budget_exhausted,"[7, 0]"
49003,competitive,32,192,author_random_hf,0,2,160.0,11.475880444834662,0.0,batch,"[0, 6]"
49003,competitive,32,192,author_paired_lucb,0,2,160.0,11.475880444834662,0.0,batch,"[0, 1]"
49003,competitive,32,192,author_global_voi,3,2,160.0,2.4003724638487647,9.075507980985897,batch,"[4, 3]"
49003,competitive,32,192,author_pivot_voi,0,2,160.0,11.475880444834662,0.0,batch,"[0, 1]"
49003,competitive,32,384,pivot_kg,0,5,352.0,11.475880444834662,0.0,budget_exhausted,"[7, 0, 1, 6, 2]"
49003,competitive,32,384,pivot_kg_stop,0,5,352.0,11.475880444834662,0.0,budget_exhausted,"[7, 0, 1, 6, 2]"
49003,competitive,32,384,uniform_v2,0,5,352.0,11.475880444834662,0.0,budget_exhausted,"[5, 2, 3, 4, 1]"
49003,competitive,32,384,ivr_v2,0,5,352.0,11.475880444834662,0.0,budget_exhausted,"[7, 6, 0, 1, 5]"
49003,competitive,32,384,lucb_v2,0,5,352.0,11.475880444834662,0.0,budget_exhausted,"[7, 0, 1, 6, 2]"
49003,competitive,32,384,author_random_hf,0,5,352.0,11.475880444834662,0.0,batch,"[0, 6, 1, 2, 3]"
49003,competitive,32,384,author_paired_lucb,0,5,352.0,11.475880444834662,0.0,batch,"[0, 1, 7, 6, 2]"
49003,competitive,32,384,author_global_voi,1,5,352.0,7.733930789742548,3.741949655092114,batch,"[4, 3, 2, 5, 1]"
49003,competitive,32,384,author_pivot_voi,0,5,352.0,11.475880444834662,0.0,batch,"[0, 1, 2, 3, 4]"
49003,competitive,32,,all_hf_reference,0,8,544.0,11.475880444834662,0.0,all,"[0, 1, 2, 3, 4, 5, 6, 7]"
49004,cooperative,4,96,pivot_kg,0,2,76.0,2.649415450753253,0.0,budget_exhausted,"[0, 1]"
49004,cooperative,4,96,pivot_kg_stop,0,2,76.0,2.649415450753253,0.0,budget_exhausted,"[0, 1]"
49004,cooperative,4,96,uniform_v2,0,2,76.0,2.649415450753253,0.0,budget_exhausted,"[2, 5]"
49004,cooperative,4,96,ivr_v2,0,2,76.0,2.649415450753253,0.0,budget_exhausted,"[0, 7]"
49004,cooperative,4,96,lucb_v2,0,2,76.0,2.649415450753253,0.0,budget_exhausted,"[0, 1]"
49004,cooperative,4,,no_hf_v2,0,0,0.0,2.649415450753253,0.0,no_hf_method,[]
49004,cooperative,4,,proxy_only,7,0,0.0,-0.9314441279436991,3.580859578696952,no_hf_method,[]
49004,cooperative,4,96,author_random_hf,6,2,76.0,-0.39192909685760213,3.041344547610855,batch,"[7, 5]"
49004,cooperative,4,96,author_paired_lucb,0,2,76.0,2.649415450753253,0.0,batch,"[0, 1]"
49004,cooperative,4,96,author_global_voi,3,2,76.0,0.5298830901506548,2.119532360602598,batch,"[4, 3]"
49004,cooperative,4,96,author_pivot_voi,0,2,76.0,2.649415450753253,0.0,batch,"[0, 1]"
49004,cooperative,4,192,pivot_kg,0,5,184.0,2.649415450753253,0.0,budget_exhausted,"[0, 1, 7, 2, 5]"
49004,cooperative,4,192,pivot_kg_stop,0,5,184.0,2.649415450753253,0.0,budget_exhausted,"[0, 1, 7, 2, 5]"
49004,cooperative,4,192,uniform_v2,0,5,184.0,2.649415450753253,0.0,budget_exhausted,"[2, 5, 0, 6, 7]"
49004,cooperative,4,192,ivr_v2,0,5,184.0,2.649415450753253,0.0,budget_exhausted,"[0, 7, 1, 5, 2]"
49004,cooperative,4,192,lucb_v2,0,5,184.0,2.649415450753253,0.0,budget_exhausted,"[0, 1, 7, 6, 5]"
49004,cooperative,4,192,author_random_hf,0,5,184.0,2.649415450753253,0.0,batch,"[7, 5, 0, 1, 6]"
49004,cooperative,4,192,author_paired_lucb,0,5,184.0,2.649415450753253,0.0,batch,"[0, 1, 2, 3, 4]"
49004,cooperative,4,192,author_global_voi,2,5,184.0,1.2363938770181875,1.4130215737350653,batch,"[4, 3, 2, 5, 1]"
49004,cooperative,4,192,author_pivot_voi,0,5,184.0,2.649415450753253,0.0,batch,"[0, 1, 2, 3, 4]"
49004,cooperative,4,384,pivot_kg,0,8,292.0,2.649415450753253,0.0,budget_exhausted,"[0, 1, 7, 2, 5, 3, 4, 6]"
49004,cooperative,4,384,pivot_kg_stop,0,8,292.0,2.649415450753253,0.0,budget_exhausted,"[0, 1, 7, 2, 5, 3, 4, 6]"
49004,cooperative,4,384,uniform_v2,0,8,292.0,2.649415450753253,0.0,budget_exhausted,"[2, 5, 0, 6, 7, 4, 3, 1]"
49004,cooperative,4,384,ivr_v2,0,8,292.0,2.649415450753253,0.0,budget_exhausted,"[0, 7, 1, 5, 2, 6, 4, 3]"
49004,cooperative,4,384,lucb_v2,0,8,292.0,2.649415450753253,0.0,budget_exhausted,"[0, 1, 7, 6, 5, 2, 4, 3]"
49004,cooperative,4,384,author_random_hf,0,8,292.0,2.649415450753253,0.0,batch,"[7, 5, 0, 1, 6, 3, 4, 2]"
49004,cooperative,4,384,author_paired_lucb,0,8,292.0,2.649415450753253,0.0,batch,"[0, 1, 2, 3, 4, 5, 6, 7]"
49004,cooperative,4,384,author_global_voi,0,8,292.0,2.649415450753253,0.0,batch,"[4, 3, 2, 5, 1, 6, 0, 7]"
49004,cooperative,4,384,author_pivot_voi,0,8,292.0,2.649415450753253,0.0,batch,"[0, 1, 2, 3, 4, 5, 6, 7]"
49004,cooperative,4,,all_hf_reference,0,8,292.0,2.649415450753253,0.0,all,"[0, 1, 2, 3, 4, 5, 6, 7]"
49004,cooperative,32,96,pivot_kg,7,1,96.0,11.703267403849392,0.0,budget_exhausted,[7]
49004,cooperative,32,96,pivot_kg_stop,7,1,96.0,11.703267403849392,0.0,budget_exhausted,[7]
49004,cooperative,32,96,uniform_v2,0,1,96.0,6.098952312745514,5.604315091103878,budget_exhausted,[2]
49004,cooperative,32,96,ivr_v2,7,1,96.0,11.703267403849392,0.0,budget_exhausted,[7]
49004,cooperative,32,96,lucb_v2,7,1,96.0,11.703267403849392,0.0,budget_exhausted,[7]
49004,cooperative,32,,no_hf_v2,7,0,0.0,11.703267403849392,0.0,no_hf_method,[]
49004,cooperative,32,,proxy_only,7,0,0.0,11.703267403849392,0.0,no_hf_method,[]
49004,cooperative,32,96,author_random_hf,7,1,96.0,11.703267403849392,0.0,batch,[7]
49004,cooperative,32,96,author_paired_lucb,7,1,96.0,11.703267403849392,0.0,batch,[7]
49004,cooperative,32,96,author_global_voi,7,1,96.0,11.703267403849392,0.0,batch,[4]
49004,cooperative,32,96,author_pivot_voi,7,1,96.0,11.703267403849392,0.0,batch,[4]
49004,cooperative,32,192,pivot_kg,6,2,160.0,11.108303092536215,0.5949643113131771,budget_exhausted,"[7, 6]"
49004,cooperative,32,192,pivot_kg_stop,6,2,160.0,11.108303092536215,0.5949643113131771,budget_exhausted,"[7, 6]"
49004,cooperative,32,192,uniform_v2,6,2,160.0,11.108303092536215,0.5949643113131771,budget_exhausted,"[2, 5]"
49004,cooperative,32,192,ivr_v2,6,2,160.0,11.108303092536215,0.5949643113131771,budget_exhausted,"[7, 6]"
49004,cooperative,32,192,lucb_v2,6,2,160.0,11.108303092536215,0.5949643113131771,budget_exhausted,"[7, 6]"
49004,cooperative,32,192,author_random_hf,7,2,160.0,11.703267403849392,0.0,batch,"[7, 5]"
49004,cooperative,32,192,author_paired_lucb,6,2,160.0,11.108303092536215,0.5949643113131771,batch,"[7, 6]"
49004,cooperative,32,192,author_global_voi,3,2,160.0,2.525897017442052,9.17737038640734,batch,"[4, 3]"
49004,cooperative,32,192,author_pivot_voi,7,2,160.0,11.703267403849392,0.0,batch,"[4, 2]"
49004,cooperative,32,384,pivot_kg,6,5,352.0,11.108303092536215,0.5949643113131771,budget_exhausted,"[7, 6, 0, 5, 1]"
49004,cooperative,32,384,pivot_kg_stop,6,5,352.0,11.108303092536215,0.5949643113131771,budget_exhausted,"[7, 6, 0, 5, 1]"
49004,cooperative,32,384,uniform_v2,6,5,352.0,11.108303092536215,0.5949643113131771,budget_exhausted,"[2, 5, 0, 6, 7]"
49004,cooperative,32,384,ivr_v2,6,5,352.0,11.108303092536215,0.5949643113131771,budget_exhausted,"[7, 6, 0, 1, 5]"
49004,cooperative,32,384,lucb_v2,6,5,352.0,11.108303092536215,0.5949643113131771,budget_exhausted,"[7, 6, 0, 5, 1]"
49004,cooperative,32,384,author_random_hf,6,5,352.0,11.108303092536215,0.5949643113131771,batch,"[7, 5, 0, 1, 6]"
49004,cooperative,32,384,author_paired_lucb,6,5,352.0,11.108303092536215,0.5949643113131771,batch,"[7, 6, 5, 0, 1]"
49004,cooperative,32,384,author_global_voi,1,5,352.0,3.728489705583673,7.974777698265719,batch,"[4, 3, 2, 5, 1]"
49004,cooperative,32,384,author_pivot_voi,6,5,352.0,11.108303092536215,0.5949643113131771,batch,"[4, 2, 6, 3, 5]"
49004,cooperative,32,,all_hf_reference,6,8,544.0,11.108303092536215,0.5949643113131771,all,"[0, 1, 2, 3, 4, 5, 6, 7]"
49005,competitive,4,96,pivot_kg,0,2,76.0,5.467961917550319,0.0,budget_exhausted,"[7, 0]"
49005,competitive,4,96,pivot_kg_stop,0,2,76.0,5.467961917550319,0.0,budget_exhausted,"[7, 0]"
49005,competitive,4,96,uniform_v2,0,2,76.0,5.467961917550319,0.0,budget_exhausted,"[3, 0]"
49005,competitive,4,96,ivr_v2,0,2,76.0,5.467961917550319,0.0,budget_exhausted,"[0, 7]"
49005,competitive,4,96,lucb_v2,0,2,76.0,5.467961917550319,0.0,budget_exhausted,"[7, 0]"
49005,competitive,4,,no_hf_v2,7,0,0.0,-6.043262248517106,11.511224166067425,no_hf_method,[]
49005,competitive,4,,proxy_only,7,0,0.0,-6.043262248517106,11.511224166067425,no_hf_method,[]
49005,competitive,4,96,author_random_hf,6,2,76.0,-2.568085236504075,8.036047154054394,batch,"[5, 7]"
49005,competitive,4,96,author_paired_lucb,5,2,76.0,-1.6342360595934977,7.102197977143817,batch,"[7, 6]"
49005,competitive,4,96,author_global_voi,7,2,76.0,-6.043262248517106,11.511224166067425,batch,"[3, 4]"
49005,competitive,4,96,author_pivot_voi,0,2,76.0,5.467961917550319,0.0,batch,"[0, 1]"
49005,competitive,4,192,pivot_kg,0,5,184.0,5.467961917550319,0.0,budget_exhausted,"[7, 0, 1, 2, 5]"
49005,competitive,4,192,pivot_kg_stop,0,5,184.0,5.467961917550319,0.0,budget_exhausted,"[7, 0, 1, 2, 5]"
49005,competitive,4,192,uniform_v2,0,5,184.0,5.467961917550319,0.0,budget_exhausted,"[3, 0, 6, 5, 7]"
49005,competitive,4,192,ivr_v2,0,5,184.0,5.467961917550319,0.0,budget_exhausted,"[0, 7, 1, 5, 2]"
49005,competitive,4,192,lucb_v2,0,5,184.0,5.467961917550319,0.0,budget_exhausted,"[7, 0, 1, 6, 5]"
49005,competitive,4,192,author_random_hf,0,5,184.0,5.467961917550319,0.0,batch,"[5, 7, 1, 0, 2]"
49005,competitive,4,192,author_paired_lucb,3,5,184.0,0.7003868826829276,4.7675750348673915,batch,"[7, 6, 5, 4, 3]"
49005,competitive,4,192,author_global_voi,2,5,184.0,5.038190100158012,0.4297718173923073,batch,"[3, 4, 2, 5, 1]"
49005,competitive,4,192,author_pivot_voi,0,5,184.0,5.467961917550319,0.0,batch,"[0, 1, 2, 3, 4]"
49005,competitive,4,384,pivot_kg,0,8,292.0,5.467961917550319,0.0,budget_exhausted,"[7, 0, 1, 2, 5, 6, 3, 4]"
49005,competitive,4,384,pivot_kg_stop,0,8,292.0,5.467961917550319,0.0,budget_exhausted,"[7, 0, 1, 2, 5, 6, 3, 4]"
49005,competitive,4,384,uniform_v2,0,8,292.0,5.467961917550319,0.0,budget_exhausted,"[3, 0, 6, 5, 7, 2, 1, 4]"
49005,competitive,4,384,ivr_v2,0,8,292.0,5.467961917550319,0.0,budget_exhausted,"[0, 7, 1, 5, 2, 6, 4, 3]"
49005,competitive,4,384,lucb_v2,0,8,292.0,5.467961917550319,0.0,budget_exhausted,"[7, 0, 1, 6, 5, 2, 4, 3]"
49005,competitive,4,384,author_random_hf,0,8,292.0,5.467961917550319,0.0,batch,"[5, 7, 1, 0, 2, 6, 3, 4]"
49005,competitive,4,384,author_paired_lucb,0,8,292.0,5.467961917550319,0.0,batch,"[7, 6, 5, 4, 3, 2, 1, 0]"
49005,competitive,4,384,author_global_voi,0,8,292.0,5.467961917550319,0.0,batch,"[3, 4, 2, 5, 1, 6, 0, 7]"
49005,competitive,4,384,author_pivot_voi,0,8,292.0,5.467961917550319,0.0,batch,"[0, 1, 2, 3, 4, 5, 6, 7]"
49005,competitive,4,,all_hf_reference,0,8,292.0,5.467961917550319,0.0,all,"[0, 1, 2, 3, 4, 5, 6, 7]"
49005,competitive,32,96,pivot_kg,0,1,96.0,12.854396644501755,0.0,budget_exhausted,[7]
49005,competitive,32,96,pivot_kg_stop,0,1,96.0,12.854396644501755,0.0,budget_exhausted,[7]
49005,competitive,32,96,uniform_v2,3,1,96.0,2.3700565679954018,10.484340076506353,budget_exhausted,[3]
49005,competitive,32,96,ivr_v2,0,1,96.0,12.854396644501755,0.0,budget_exhausted,[7]
49005,competitive,32,96,lucb_v2,0,1,96.0,12.854396644501755,0.0,budget_exhausted,[7]
49005,competitive,32,,no_hf_v2,7,0,0.0,-11.553679894215822,24.408076538717577,no_hf_method,[]
49005,competitive,32,,proxy_only,7,0,0.0,-11.553679894215822,24.408076538717577,no_hf_method,[]
49005,competitive,32,96,author_random_hf,7,1,96.0,-11.553679894215822,24.408076538717577,batch,[5]
49005,competitive,32,96,author_paired_lucb,6,1,96.0,-6.764066298342957,19.61846294284471,batch,[7]
49005,competitive,32,96,author_global_voi,7,1,96.0,-11.553679894215822,24.408076538717577,batch,[3]
49005,competitive,32,96,author_pivot_voi,0,1,96.0,12.854396644501755,0.0,batch,[0]
49005,competitive,32,192,pivot_kg,0,2,160.0,12.854396644501755,0.0,budget_exhausted,"[7, 6]"
49005,competitive,32,192,pivot_kg_stop,0,2,160.0,12.854396644501755,0.0,budget_exhausted,"[7, 6]"
49005,competitive,32,192,uniform_v2,0,2,160.0,12.854396644501755,0.0,budget_exhausted,"[3, 0]"
49005,competitive,32,192,ivr_v2,0,2,160.0,12.854396644501755,0.0,budget_exhausted,"[7, 6]"
49005,competitive,32,192,lucb_v2,0,2,160.0,12.854396644501755,0.0,budget_exhausted,"[7, 6]"
49005,competitive,32,192,author_random_hf,6,2,160.0,-6.764066298342957,19.61846294284471,batch,"[5, 7]"
49005,competitive,32,192,author_paired_lucb,5,2,160.0,-5.213804630271188,18.068201274772942,batch,"[7, 6]"
49005,competitive,32,192,author_global_voi,7,2,160.0,-11.553679894215822,24.408076538717577,batch,"[3, 4]"
49005,competitive,32,192,author_pivot_voi,0,2,160.0,12.854396644501755,0.0,batch,"[0, 1]"
49005,competitive,32,384,pivot_kg,0,5,352.0,12.854396644501755,0.0,budget_exhausted,"[7, 6, 0, 1, 2]"
49005,competitive,32,384,pivot_kg_stop,0,5,352.0,12.854396644501755,0.0,budget_exhausted,"[7, 6, 0, 1, 2]"
49005,competitive,32,384,uniform_v2,0,5,352.0,12.854396644501755,0.0,budget_exhausted,"[3, 0, 6, 5, 7]"
49005,competitive,32,384,ivr_v2,0,5,352.0,12.854396644501755,0.0,budget_exhausted,"[7, 6, 0, 1, 5]"
49005,competitive,32,384,lucb_v2,0,5,352.0,12.854396644501755,0.0,budget_exhausted,"[7, 6, 0, 1, 5]"
49005,competitive,32,384,author_random_hf,0,5,352.0,12.854396644501755,0.0,batch,"[5, 7, 1, 0, 2]"
49005,competitive,32,384,author_paired_lucb,3,5,352.0,2.3700565679954018,10.484340076506353,batch,"[7, 6, 5, 4, 3]"
49005,competitive,32,384,author_global_voi,1,5,352.0,9.881717831929887,2.9726788125718677,batch,"[3, 4, 2, 5, 1]"
49005,competitive,32,384,author_pivot_voi,0,5,352.0,12.854396644501755,0.0,batch,"[0, 1, 2, 3, 4]"
49005,competitive,32,,all_hf_reference,0,8,544.0,12.854396644501755,0.0,all,"[0, 1, 2, 3, 4, 5, 6, 7]"
49006,cooperative,4,96,pivot_kg,7,2,76.0,5.816784911156624,0.0,budget_exhausted,"[0, 7]"
49006,cooperative,4,96,pivot_kg_stop,7,2,76.0,5.816784911156624,0.0,budget_exhausted,"[0, 7]"
49006,cooperative,4,96,uniform_v2,0,2,76.0,-0.810397629582404,6.627182540739028,budget_exhausted,"[1, 2]"
49006,cooperative,4,96,ivr_v2,7,2,76.0,5.816784911156624,0.0,budget_exhausted,"[0, 7]"
49006,cooperative,4,96,lucb_v2,8,2,76.0,0.0,5.816784911156624,budget_exhausted,"[0, 1]"
49006,cooperative,4,,no_hf_v2,0,0,0.0,-0.810397629582404,6.627182540739028,no_hf_method,[]
49006,cooperative,4,,proxy_only,0,0,0.0,-0.810397629582404,6.627182540739028,no_hf_method,[]
49006,cooperative,4,96,author_random_hf,0,2,76.0,-0.810397629582404,6.627182540739028,batch,"[2, 3]"
49006,cooperative,4,96,author_paired_lucb,2,2,76.0,0.12686418831679447,5.68992072283983,batch,"[0, 1]"
49006,cooperative,4,96,author_global_voi,0,2,76.0,-0.810397629582404,6.627182540739028,batch,"[3, 4]"
49006,cooperative,4,96,author_pivot_voi,2,2,76.0,0.12686418831679447,5.68992072283983,batch,"[0, 1]"
49006,cooperative,4,192,pivot_kg,7,5,184.0,5.816784911156624,0.0,budget_exhausted,"[0, 7, 1, 5, 6]"
49006,cooperative,4,192,pivot_kg_stop,7,5,184.0,5.816784911156624,0.0,budget_exhausted,"[0, 7, 1, 5, 6]"
49006,cooperative,4,192,uniform_v2,7,5,184.0,5.816784911156624,0.0,budget_exhausted,"[1, 2, 5, 7, 4]"
49006,cooperative,4,192,ivr_v2,7,5,184.0,5.816784911156624,0.0,budget_exhausted,"[0, 7, 1, 5, 2]"
49006,cooperative,4,192,lucb_v2,7,5,184.0,5.816784911156624,0.0,budget_exhausted,"[0, 1, 7, 6, 5]"
49006,cooperative,4,192,author_random_hf,2,5,184.0,0.12686418831679447,5.68992072283983,batch,"[2, 3, 6, 0, 1]"
49006,cooperative,4,192,author_paired_lucb,4,5,184.0,4.1600408325404175,1.6567440786162067,batch,"[0, 1, 2, 3, 4]"
49006,cooperative,4,192,author_global_voi,0,5,184.0,-0.810397629582404,6.627182540739028,batch,"[3, 4, 2, 5, 6]"
49006,cooperative,4,192,author_pivot_voi,4,5,184.0,4.1600408325404175,1.6567440786162067,batch,"[0, 1, 2, 3, 4]"
49006,cooperative,4,384,pivot_kg,7,8,292.0,5.816784911156624,0.0,budget_exhausted,"[0, 7, 1, 5, 6, 2, 3, 4]"
49006,cooperative,4,384,pivot_kg_stop,7,8,292.0,5.816784911156624,0.0,budget_exhausted,"[0, 7, 1, 5, 6, 2, 3, 4]"
49006,cooperative,4,384,uniform_v2,7,8,292.0,5.816784911156624,0.0,budget_exhausted,"[1, 2, 5, 7, 4, 0, 3, 6]"
49006,cooperative,4,384,ivr_v2,7,8,292.0,5.816784911156624,0.0,budget_exhausted,"[0, 7, 1, 5, 2, 6, 4, 3]"
49006,cooperative,4,384,lucb_v2,7,8,292.0,5.816784911156624,0.0,budget_exhausted,"[0, 1, 7, 6, 5, 2, 4, 3]"
49006,cooperative,4,384,author_random_hf,7,8,292.0,5.816784911156624,0.0,batch,"[2, 3, 6, 0, 1, 4, 5, 7]"
49006,cooperative,4,384,author_paired_lucb,7,8,292.0,5.816784911156624,0.0,batch,"[0, 1, 2, 3, 4, 5, 6, 7]"
49006,cooperative,4,384,author_global_voi,7,8,292.0,5.816784911156624,0.0,batch,"[3, 4, 2, 5, 6, 1, 0, 7]"
49006,cooperative,4,384,author_pivot_voi,7,8,292.0,5.816784911156624,0.0,batch,"[0, 1, 2, 3, 4, 5, 6, 7]"
49006,cooperative,4,,all_hf_reference,7,8,292.0,5.816784911156624,0.0,all,"[0, 1, 2, 3, 4, 5, 6, 7]"
49006,cooperative,32,96,pivot_kg,7,1,96.0,5.848223234727193,3.271521745443998,budget_exhausted,[7]
49006,cooperative,32,96,pivot_kg_stop,7,1,96.0,5.848223234727193,3.271521745443998,budget_exhausted,[7]
49006,cooperative,32,96,uniform_v2,7,1,96.0,5.848223234727193,3.271521745443998,budget_exhausted,[1]
49006,cooperative,32,96,ivr_v2,7,1,96.0,5.848223234727193,3.271521745443998,budget_exhausted,[7]
49006,cooperative,32,96,lucb_v2,7,1,96.0,5.848223234727193,3.271521745443998,budget_exhausted,[7]
49006,cooperative,32,,no_hf_v2,0,0,0.0,-3.792084164575776,12.911829144746967,no_hf_method,[]
49006,cooperative,32,,proxy_only,0,0,0.0,-3.792084164575776,12.911829144746967,no_hf_method,[]
49006,cooperative,32,96,author_random_hf,0,1,96.0,-3.792084164575776,12.911829144746967,batch,[2]
49006,cooperative,32,96,author_paired_lucb,1,1,96.0,-4.461079181991984,13.580824162163175,batch,[0]
49006,cooperative,32,96,author_global_voi,0,1,96.0,-3.792084164575776,12.911829144746967,batch,[3]
49006,cooperative,32,96,author_pivot_voi,1,1,96.0,-4.461079181991984,13.580824162163175,batch,[0]
49006,cooperative,32,192,pivot_kg,6,2,160.0,1.7350933552880718,7.384651624883119,budget_exhausted,"[7, 0]"
49006,cooperative,32,192,pivot_kg_stop,6,2,160.0,1.7350933552880718,7.384651624883119,budget_exhausted,"[7, 0]"
49006,cooperative,32,192,uniform_v2,7,2,160.0,5.848223234727193,3.271521745443998,budget_exhausted,"[1, 2]"
49006,cooperative,32,192,ivr_v2,7,2,160.0,5.848223234727193,3.271521745443998,budget_exhausted,"[7, 6]"
49006,cooperative,32,192,lucb_v2,7,2,160.0,5.848223234727193,3.271521745443998,budget_exhausted,"[7, 6]"
49006,cooperative,32,192,author_random_hf,0,2,160.0,-3.792084164575776,12.911829144746967,batch,"[2, 3]"
49006,cooperative,32,192,author_paired_lucb,2,2,160.0,-3.5955128919527084,12.7152578721239,batch,"[0, 1]"
49006,cooperative,32,192,author_global_voi,4,2,160.0,9.119744980171191,0.0,batch,"[3, 4]"
49006,cooperative,32,192,author_pivot_voi,2,2,160.0,-3.5955128919527084,12.7152578721239,batch,"[0, 1]"
49006,cooperative,32,384,pivot_kg,7,5,352.0,5.848223234727193,3.271521745443998,budget_exhausted,"[7, 0, 6, 5, 1]"
49006,cooperative,32,384,pivot_kg_stop,7,5,352.0,5.848223234727193,3.271521745443998,budget_exhausted,"[7, 0, 6, 5, 1]"
49006,cooperative,32,384,uniform_v2,6,5,352.0,1.7350933552880718,7.384651624883119,budget_exhausted,"[1, 2, 5, 7, 4]"
49006,cooperative,32,384,ivr_v2,7,5,352.0,5.848223234727193,3.271521745443998,budget_exhausted,"[7, 6, 0, 1, 5]"
49006,cooperative,32,384,lucb_v2,7,5,352.0,5.848223234727193,3.271521745443998,budget_exhausted,"[7, 6, 0, 5, 1]"
49006,cooperative,32,384,author_random_hf,8,5,352.0,0.0,9.119744980171191,batch,"[2, 3, 6, 0, 1]"
49006,cooperative,32,384,author_paired_lucb,4,5,352.0,9.119744980171191,0.0,batch,"[0, 1, 2, 3, 4]"
49006,cooperative,32,384,author_global_voi,4,5,352.0,9.119744980171191,0.0,batch,"[3, 4, 2, 5, 6]"
49006,cooperative,32,384,author_pivot_voi,4,5,352.0,9.119744980171191,0.0,batch,"[0, 1, 2, 3, 4]"
49006,cooperative,32,,all_hf_reference,4,8,544.0,9.119744980171191,0.0,all,"[0, 1, 2, 3, 4, 5, 6, 7]"
49007,competitive,4,96,pivot_kg,1,2,76.0,0.8993052620215849,1.4772778356238447,budget_exhausted,"[0, 1]"
49007,competitive,4,96,pivot_kg_stop,1,2,76.0,0.8993052620215849,1.4772778356238447,budget_exhausted,"[0, 1]"
49007,competitive,4,96,uniform_v2,7,2,76.0,-7.093304095868447,9.469887193513877,budget_exhausted,"[3, 0]"
49007,competitive,4,96,ivr_v2,1,2,76.0,0.8993052620215849,1.4772778356238447,budget_exhausted,"[0, 7]"
49007,competitive,4,96,lucb_v2,1,2,76.0,0.8993052620215849,1.4772778356238447,budget_exhausted,"[0, 1]"
49007,competitive,4,,no_hf_v2,0,0,0.0,2.3765830976454296,0.0,no_hf_method,[]
49007,competitive,4,,proxy_only,0,0,0.0,2.3765830976454296,0.0,no_hf_method,[]
49007,competitive,4,96,author_random_hf,1,2,76.0,0.8993052620215849,1.4772778356238447,batch,"[1, 5]"
49007,competitive,4,96,author_paired_lucb,1,2,76.0,0.8993052620215849,1.4772778356238447,batch,"[0, 1]"
49007,competitive,4,96,author_global_voi,0,2,76.0,2.3765830976454296,0.0,batch,"[4, 3]"
49007,competitive,4,96,author_pivot_voi,1,2,76.0,0.8993052620215849,1.4772778356238447,batch,"[0, 6]"
49007,competitive,4,192,pivot_kg,1,5,184.0,0.8993052620215849,1.4772778356238447,budget_exhausted,"[0, 1, 7, 2, 5]"
49007,competitive,4,192,pivot_kg_stop,1,5,184.0,0.8993052620215849,1.4772778356238447,budget_exhausted,"[0, 1, 7, 2, 5]"
49007,competitive,4,192,uniform_v2,1,5,184.0,0.8993052620215849,1.4772778356238447,budget_exhausted,"[3, 0, 7, 5, 4]"
49007,competitive,4,192,ivr_v2,1,5,184.0,0.8993052620215849,1.4772778356238447,budget_exhausted,"[0, 7, 1, 5, 2]"
49007,competitive,4,192,lucb_v2,1,5,184.0,0.8993052620215849,1.4772778356238447,budget_exhausted,"[0, 1, 7, 6, 5]"
49007,competitive,4,192,author_random_hf,1,5,184.0,0.8993052620215849,1.4772778356238447,batch,"[1, 5, 6, 0, 4]"
49007,competitive,4,192,author_paired_lucb,1,5,184.0,0.8993052620215849,1.4772778356238447,batch,"[0, 1, 2, 3, 4]"
49007,competitive,4,192,author_global_voi,0,5,184.0,2.3765830976454296,0.0,batch,"[4, 3, 5, 2, 6]"
49007,competitive,4,192,author_pivot_voi,1,5,184.0,0.8993052620215849,1.4772778356238447,batch,"[0, 6, 7, 5, 3]"
49007,competitive,4,384,pivot_kg,1,8,292.0,0.8993052620215849,1.4772778356238447,budget_exhausted,"[0, 1, 7, 2, 5, 4, 3, 6]"
49007,competitive,4,384,pivot_kg_stop,1,8,292.0,0.8993052620215849,1.4772778356238447,budget_exhausted,"[0, 1, 7, 2, 5, 4, 3, 6]"
49007,competitive,4,384,uniform_v2,1,8,292.0,0.8993052620215849,1.4772778356238447,budget_exhausted,"[3, 0, 7, 5, 4, 6, 2, 1]"
49007,competitive,4,384,ivr_v2,1,8,292.0,0.8993052620215849,1.4772778356238447,budget_exhausted,"[0, 7, 1, 5, 2, 6, 4, 3]"
49007,competitive,4,384,lucb_v2,1,8,292.0,0.8993052620215849,1.4772778356238447,budget_exhausted,"[0, 1, 7, 6, 5, 2, 4, 3]"
49007,competitive,4,384,author_random_hf,1,8,292.0,0.8993052620215849,1.4772778356238447,batch,"[1, 5, 6, 0, 4, 2, 7, 3]"
49007,competitive,4,384,author_paired_lucb,1,8,292.0,0.8993052620215849,1.4772778356238447,batch,"[0, 1, 2, 3, 4, 5, 6, 7]"
49007,competitive,4,384,author_global_voi,1,8,292.0,0.8993052620215849,1.4772778356238447,batch,"[4, 3, 5, 2, 6, 1, 7, 0]"
49007,competitive,4,384,author_pivot_voi,1,8,292.0,0.8993052620215849,1.4772778356238447,batch,"[0, 6, 7, 5, 3, 4, 1, 2]"
49007,competitive,4,,all_hf_reference,1,8,292.0,0.8993052620215849,1.4772778356238447,all,"[0, 1, 2, 3, 4, 5, 6, 7]"
49007,competitive,32,96,pivot_kg,0,1,96.0,12.326096555261287,0.0,budget_exhausted,[7]
49007,competitive,32,96,pivot_kg_stop,0,1,96.0,12.326096555261287,0.0,budget_exhausted,[7]
49007,competitive,32,96,uniform_v2,0,1,96.0,12.326096555261287,0.0,budget_exhausted,[3]
49007,competitive,32,96,ivr_v2,0,1,96.0,12.326096555261287,0.0,budget_exhausted,[7]
49007,competitive,32,96,lucb_v2,0,1,96.0,12.326096555261287,0.0,budget_exhausted,[7]
49007,competitive,32,,no_hf_v2,0,0,0.0,12.326096555261287,0.0,no_hf_method,[]
49007,competitive,32,,proxy_only,0,0,0.0,12.326096555261287,0.0,no_hf_method,[]
49007,competitive,32,96,author_random_hf,1,1,96.0,8.897286726789105,3.4288098284721826,batch,[1]
49007,competitive,32,96,author_paired_lucb,0,1,96.0,12.326096555261287,0.0,batch,[0]
49007,competitive,32,96,author_global_voi,0,1,96.0,12.326096555261287,0.0,batch,[4]
49007,competitive,32,96,author_pivot_voi,0,1,96.0,12.326096555261287,0.0,batch,[0]
49007,competitive,32,192,pivot_kg,0,2,160.0,12.326096555261287,0.0,budget_exhausted,"[7, 6]"
49007,competitive,32,192,pivot_kg_stop,0,2,160.0,12.326096555261287,0.0,budget_exhausted,"[7, 6]"
49007,competitive,32,192,uniform_v2,0,2,160.0,12.326096555261287,0.0,budget_exhausted,"[3, 0]"
49007,competitive,32,192,ivr_v2,0,2,160.0,12.326096555261287,0.0,budget_exhausted,"[7, 6]"
49007,competitive,32,192,lucb_v2,0,2,160.0,12.326096555261287,0.0,budget_exhausted,"[7, 6]"
49007,competitive,32,192,author_random_hf,1,2,160.0,8.897286726789105,3.4288098284721826,batch,"[1, 5]"
49007,competitive,32,192,author_paired_lucb,1,2,160.0,8.897286726789105,3.4288098284721826,batch,"[0, 1]"
49007,competitive,32,192,author_global_voi,0,2,160.0,12.326096555261287,0.0,batch,"[4, 3]"
49007,competitive,32,192,author_pivot_voi,1,2,160.0,8.897286726789105,3.4288098284721826,batch,"[0, 1]"
49007,competitive,32,384,pivot_kg,1,5,352.0,8.897286726789105,3.4288098284721826,budget_exhausted,"[7, 6, 0, 1, 2]"
49007,competitive,32,384,pivot_kg_stop,1,5,352.0,8.897286726789105,3.4288098284721826,budget_exhausted,"[7, 6, 0, 1, 2]"
49007,competitive,32,384,uniform_v2,0,5,352.0,12.326096555261287,0.0,budget_exhausted,"[3, 0, 7, 5, 4]"
49007,competitive,32,384,ivr_v2,1,5,352.0,8.897286726789105,3.4288098284721826,budget_exhausted,"[7, 6, 0, 1, 5]"
49007,competitive,32,384,lucb_v2,1,5,352.0,8.897286726789105,3.4288098284721826,budget_exhausted,"[7, 6, 0, 1, 5]"
49007,competitive,32,384,author_random_hf,1,5,352.0,8.897286726789105,3.4288098284721826,batch,"[1, 5, 6, 0, 4]"
49007,competitive,32,384,author_paired_lucb,1,5,352.0,8.897286726789105,3.4288098284721826,batch,"[0, 1, 2, 7, 6]"
49007,competitive,32,384,author_global_voi,2,5,352.0,5.951217933645886,6.374878621615402,batch,"[4, 3, 5, 2, 6]"
49007,competitive,32,384,author_pivot_voi,1,5,352.0,8.897286726789105,3.4288098284721826,batch,"[0, 1, 2, 3, 4]"
49007,competitive,32,,all_hf_reference,1,8,544.0,8.897286726789105,3.4288098284721826,all,"[0, 1, 2, 3, 4, 5, 6, 7]"
49008,cooperative,4,96,pivot_kg,0,2,76.0,-1.0916564420500094,6.045435747429401,budget_exhausted,"[0, 1]"
49008,cooperative,4,96,pivot_kg_stop,0,2,76.0,-1.0916564420500094,6.045435747429401,budget_exhausted,"[0, 1]"
49008,cooperative,4,96,uniform_v2,7,2,76.0,4.953779305379392,0.0,budget_exhausted,"[3, 7]"
49008,cooperative,4,96,ivr_v2,0,2,76.0,-1.0916564420500094,6.045435747429401,budget_exhausted,"[0, 7]"
49008,cooperative,4,96,lucb_v2,0,2,76.0,-1.0916564420500094,6.045435747429401,budget_exhausted,"[0, 1]"
49008,cooperative,4,,no_hf_v2,0,0,0.0,-1.0916564420500094,6.045435747429401,no_hf_method,[]
49008,cooperative,4,,proxy_only,0,0,0.0,-1.0916564420500094,6.045435747429401,no_hf_method,[]
49008,cooperative,4,96,author_random_hf,0,2,76.0,-1.0916564420500094,6.045435747429401,batch,"[7, 3]"
49008,cooperative,4,96,author_paired_lucb,0,2,76.0,-1.0916564420500094,6.045435747429401,batch,"[0, 1]"
49008,cooperative,4,96,author_global_voi,0,2,76.0,-1.0916564420500094,6.045435747429401,batch,"[3, 4]"
49008,cooperative,4,96,author_pivot_voi,0,2,76.0,-1.0916564420500094,6.045435747429401,batch,"[0, 1]"
49008,cooperative,4,192,pivot_kg,5,5,184.0,3.873615355070804,1.080163950308588,budget_exhausted,"[0, 1, 2, 7, 5]"
49008,cooperative,4,192,pivot_kg_stop,5,5,184.0,3.873615355070804,1.080163950308588,budget_exhausted,"[0, 1, 2, 7, 5]"
49008,cooperative,4,192,uniform_v2,5,5,184.0,3.873615355070804,1.080163950308588,budget_exhausted,"[3, 7, 5, 1, 0]"
49008,cooperative,4,192,ivr_v2,5,5,184.0,3.873615355070804,1.080163950308588,budget_exhausted,"[0, 7, 1, 5, 2]"
49008,cooperative,4,192,lucb_v2,0,5,184.0,-1.0916564420500094,6.045435747429401,budget_exhausted,"[0, 1, 2, 7, 6]"
49008,cooperative,4,192,author_random_hf,5,5,184.0,3.873615355070804,1.080163950308588,batch,"[7, 3, 0, 5, 4]"
49008,cooperative,4,192,author_paired_lucb,0,5,184.0,-1.0916564420500094,6.045435747429401,batch,"[0, 1, 2, 3, 4]"
49008,cooperative,4,192,author_global_voi,5,5,184.0,3.873615355070804,1.080163950308588,batch,"[3, 4, 2, 5, 1]"
49008,cooperative,4,192,author_pivot_voi,0,5,184.0,-1.0916564420500094,6.045435747429401,batch,"[0, 1, 2, 3, 4]"
49008,cooperative,4,384,pivot_kg,5,8,292.0,3.873615355070804,1.080163950308588,budget_exhausted,"[0, 1, 2, 7, 5, 6, 3, 4]"
49008,cooperative,4,384,pivot_kg_stop,5,8,292.0,3.873615355070804,1.080163950308588,budget_exhausted,"[0, 1, 2, 7, 5, 6, 3, 4]"
49008,cooperative,4,384,uniform_v2,5,8,292.0,3.873615355070804,1.080163950308588,budget_exhausted,"[3, 7, 5, 1, 0, 6, 4, 2]"
49008,cooperative,4,384,ivr_v2,5,8,292.0,3.873615355070804,1.080163950308588,budget_exhausted,"[0, 7, 1, 5, 2, 6, 4, 3]"
49008,cooperative,4,384,lucb_v2,5,8,292.0,3.873615355070804,1.080163950308588,budget_exhausted,"[0, 1, 2, 7, 6, 5, 4, 3]"
49008,cooperative,4,384,author_random_hf,5,8,292.0,3.873615355070804,1.080163950308588,batch,"[7, 3, 0, 5, 4, 1, 6, 2]"
49008,cooperative,4,384,author_paired_lucb,5,8,292.0,3.873615355070804,1.080163950308588,batch,"[0, 1, 2, 3, 4, 5, 6, 7]"
49008,cooperative,4,384,author_global_voi,5,8,292.0,3.873615355070804,1.080163950308588,batch,"[3, 4, 2, 5, 1, 6, 0, 7]"
49008,cooperative,4,384,author_pivot_voi,5,8,292.0,3.873615355070804,1.080163950308588,batch,"[0, 1, 2, 3, 4, 5, 6, 7]"
49008,cooperative,4,,all_hf_reference,5,8,292.0,3.873615355070804,1.080163950308588,all,"[0, 1, 2, 3, 4, 5, 6, 7]"
49008,cooperative,32,96,pivot_kg,7,1,96.0,15.504748388159861,0.0,budget_exhausted,[7]
49008,cooperative,32,96,pivot_kg_stop,7,1,96.0,15.504748388159861,0.0,budget_exhausted,[7]
49008,cooperative,32,96,uniform_v2,0,1,96.0,-13.267997843340957,28.77274623150082,budget_exhausted,[3]
49008,cooperative,32,96,ivr_v2,7,1,96.0,15.504748388159861,0.0,budget_exhausted,[7]
49008,cooperative,32,96,lucb_v2,7,1,96.0,15.504748388159861,0.0,budget_exhausted,[7]
49008,cooperative,32,,no_hf_v2,0,0,0.0,-13.267997843340957,28.77274623150082,no_hf_method,[]
49008,cooperative,32,,proxy_only,0,0,0.0,-13.267997843340957,28.77274623150082,no_hf_method,[]
49008,cooperative,32,96,author_random_hf,7,1,96.0,15.504748388159861,0.0,batch,[7]
49008,cooperative,32,96,author_paired_lucb,1,1,96.0,-14.328411799716946,29.833160187876807,batch,[0]
49008,cooperative,32,96,author_global_voi,0,1,96.0,-13.267997843340957,28.77274623150082,batch,[3]
49008,cooperative,32,96,author_pivot_voi,1,1,96.0,-14.328411799716946,29.833160187876807,batch,[0]
49008,cooperative,32,192,pivot_kg,7,2,160.0,15.504748388159861,0.0,budget_exhausted,"[7, 6]"
49008,cooperative,32,192,pivot_kg_stop,7,2,160.0,15.504748388159861,0.0,budget_exhausted,"[7, 6]"
49008,cooperative,32,192,uniform_v2,7,2,160.0,15.504748388159861,0.0,budget_exhausted,"[3, 7]"
49008,cooperative,32,192,ivr_v2,7,2,160.0,15.504748388159861,0.0,budget_exhausted,"[7, 6]"
49008,cooperative,32,192,lucb_v2,7,2,160.0,15.504748388159861,0.0,budget_exhausted,"[7, 6]"
49008,cooperative,32,192,author_random_hf,7,2,160.0,15.504748388159861,0.0,batch,"[7, 3]"
49008,cooperative,32,192,author_paired_lucb,2,2,160.0,-3.118464496557067,18.623212884716928,batch,"[0, 1]"
49008,cooperative,32,192,author_global_voi,0,2,160.0,-13.267997843340957,28.77274623150082,batch,"[3, 4]"
49008,cooperative,32,192,author_pivot_voi,2,2,160.0,-3.118464496557067,18.623212884716928,batch,"[0, 1]"
49008,cooperative,32,384,pivot_kg,7,5,352.0,15.504748388159861,0.0,budget_exhausted,"[7, 6, 0, 5, 1]"
49008,cooperative,32,384,pivot_kg_stop,7,5,352.0,15.504748388159861,0.0,budget_exhausted,"[7, 6, 0, 5, 1]"
49008,cooperative,32,384,uniform_v2,7,5,352.0,15.504748388159861,0.0,budget_exhausted,"[3, 7, 5, 1, 0]"
49008,cooperative,32,384,ivr_v2,7,5,352.0,15.504748388159861,0.0,budget_exhausted,"[7, 6, 0, 1, 5]"
49008,cooperative,32,384,lucb_v2,7,5,352.0,15.504748388159861,0.0,budget_exhausted,"[7, 6, 0, 1, 5]"
49008,cooperative,32,384,author_random_hf,7,5,352.0,15.504748388159861,0.0,batch,"[7, 3, 0, 5, 4]"
49008,cooperative,32,384,author_paired_lucb,4,5,352.0,4.098947517321406,11.405800870838455,batch,"[0, 1, 2, 3, 4]"
49008,cooperative,32,384,author_global_voi,5,5,352.0,8.795197936162722,6.7095504519971385,batch,"[3, 4, 2, 5, 1]"
49008,cooperative,32,384,author_pivot_voi,4,5,352.0,4.098947517321406,11.405800870838455,batch,"[0, 1, 2, 3, 4]"
49008,cooperative,32,,all_hf_reference,7,8,544.0,15.504748388159861,0.0,all,"[0, 1, 2, 3, 4, 5, 6, 7]"
49009,competitive,4,96,pivot_kg,0,2,76.0,3.8540306172640193,0.0,budget_exhausted,"[0, 1]"
49009,competitive,4,96,pivot_kg_stop,0,2,76.0,3.8540306172640193,0.0,budget_exhausted,"[0, 1]"
49009,competitive,4,96,uniform_v2,0,2,76.0,3.8540306172640193,0.0,budget_exhausted,"[7, 2]"
49009,competitive,4,96,ivr_v2,0,2,76.0,3.8540306172640193,0.0,budget_exhausted,"[0, 7]"
49009,competitive,4,96,lucb_v2,0,2,76.0,3.8540306172640193,0.0,budget_exhausted,"[0, 1]"
49009,competitive,4,,no_hf_v2,0,0,0.0,3.8540306172640193,0.0,no_hf_method,[]
49009,competitive,4,,proxy_only,0,0,0.0,3.8540306172640193,0.0,no_hf_method,[]
49009,competitive,4,96,author_random_hf,1,2,76.0,2.741785154127978,1.1122454631360412,batch,"[0, 5]"
49009,competitive,4,96,author_paired_lucb,0,2,76.0,3.8540306172640193,0.0,batch,"[0, 1]"
49009,competitive,4,96,author_global_voi,0,2,76.0,3.8540306172640193,0.0,batch,"[3, 4]"
49009,competitive,4,96,author_pivot_voi,0,2,76.0,3.8540306172640193,0.0,batch,"[0, 1]"
49009,competitive,4,192,pivot_kg,0,5,184.0,3.8540306172640193,0.0,budget_exhausted,"[0, 1, 2, 5, 7]"
49009,competitive,4,192,pivot_kg_stop,0,5,184.0,3.8540306172640193,0.0,budget_exhausted,"[0, 1, 2, 5, 7]"
49009,competitive,4,192,uniform_v2,0,5,184.0,3.8540306172640193,0.0,budget_exhausted,"[7, 2, 4, 6, 3]"
49009,competitive,4,192,ivr_v2,0,5,184.0,3.8540306172640193,0.0,budget_exhausted,"[0, 7, 1, 5, 2]"
49009,competitive,4,192,lucb_v2,0,5,184.0,3.8540306172640193,0.0,budget_exhausted,"[0, 1, 7, 6, 5]"
49009,competitive,4,192,author_random_hf,0,5,184.0,3.8540306172640193,0.0,batch,"[0, 5, 6, 2, 1]"
49009,competitive,4,192,author_paired_lucb,0,5,184.0,3.8540306172640193,0.0,batch,"[0, 1, 2, 3, 4]"
49009,competitive,4,192,author_global_voi,0,5,184.0,3.8540306172640193,0.0,batch,"[3, 4, 2, 5, 1]"
49009,competitive,4,192,author_pivot_voi,0,5,184.0,3.8540306172640193,0.0,batch,"[0, 1, 2, 3, 4]"
49009,competitive,4,384,pivot_kg,0,8,292.0,3.8540306172640193,0.0,budget_exhausted,"[0, 1, 2, 5, 7, 4, 3, 6]"
49009,competitive,4,384,pivot_kg_stop,0,8,292.0,3.8540306172640193,0.0,budget_exhausted,"[0, 1, 2, 5, 7, 4, 3, 6]"
49009,competitive,4,384,uniform_v2,0,8,292.0,3.8540306172640193,0.0,budget_exhausted,"[7, 2, 4, 6, 3, 5, 0, 1]"
49009,competitive,4,384,ivr_v2,0,8,292.0,3.8540306172640193,0.0,budget_exhausted,"[0, 7, 1, 5, 2, 6, 4, 3]"
49009,competitive,4,384,lucb_v2,0,8,292.0,3.8540306172640193,0.0,budget_exhausted,"[0, 1, 7, 6, 5, 2, 4, 3]"
49009,competitive,4,384,author_random_hf,0,8,292.0,3.8540306172640193,0.0,batch,"[0, 5, 6, 2, 1, 4, 3, 7]"
49009,competitive,4,384,author_paired_lucb,0,8,292.0,3.8540306172640193,0.0,batch,"[0, 1, 2, 3, 4, 5, 6, 7]"
49009,competitive,4,384,author_global_voi,0,8,292.0,3.8540306172640193,0.0,batch,"[3, 4, 2, 5, 1, 6, 0, 7]"
49009,competitive,4,384,author_pivot_voi,0,8,292.0,3.8540306172640193,0.0,batch,"[0, 1, 2, 3, 4, 5, 6, 7]"
49009,competitive,4,,all_hf_reference,0,8,292.0,3.8540306172640193,0.0,all,"[0, 1, 2, 3, 4, 5, 6, 7]"
49009,competitive,32,96,pivot_kg,0,1,96.0,12.070832934525846,0.0,budget_exhausted,[7]
49009,competitive,32,96,pivot_kg_stop,0,1,96.0,12.070832934525846,0.0,budget_exhausted,[7]
49009,competitive,32,96,uniform_v2,0,1,96.0,12.070832934525846,0.0,budget_exhausted,[7]
49009,competitive,32,96,ivr_v2,0,1,96.0,12.070832934525846,0.0,budget_exhausted,[7]
49009,competitive,32,96,lucb_v2,0,1,96.0,12.070832934525846,0.0,budget_exhausted,[0]
49009,competitive,32,,no_hf_v2,0,0,0.0,12.070832934525846,0.0,no_hf_method,[]
49009,competitive,32,,proxy_only,0,0,0.0,12.070832934525846,0.0,no_hf_method,[]
49009,competitive,32,96,author_random_hf,0,1,96.0,12.070832934525846,0.0,batch,[0]
49009,competitive,32,96,author_paired_lucb,0,1,96.0,12.070832934525846,0.0,batch,[0]
49009,competitive,32,96,author_global_voi,0,1,96.0,12.070832934525846,0.0,batch,[3]
49009,competitive,32,96,author_pivot_voi,0,1,96.0,12.070832934525846,0.0,batch,[0]
49009,competitive,32,192,pivot_kg,0,2,160.0,12.070832934525846,0.0,budget_exhausted,"[7, 0]"
49009,competitive,32,192,pivot_kg_stop,0,2,160.0,12.070832934525846,0.0,budget_exhausted,"[7, 0]"
49009,competitive,32,192,uniform_v2,0,2,160.0,12.070832934525846,0.0,budget_exhausted,"[7, 2]"
49009,competitive,32,192,ivr_v2,0,2,160.0,12.070832934525846,0.0,budget_exhausted,"[7, 6]"
49009,competitive,32,192,lucb_v2,0,2,160.0,12.070832934525846,0.0,budget_exhausted,"[0, 1]"
49009,competitive,32,192,author_random_hf,0,2,160.0,12.070832934525846,0.0,batch,"[0, 5]"
49009,competitive,32,192,author_paired_lucb,0,2,160.0,12.070832934525846,0.0,batch,"[0, 1]"
49009,competitive,32,192,author_global_voi,0,2,160.0,12.070832934525846,0.0,batch,"[3, 4]"
49009,competitive,32,192,author_pivot_voi,0,2,160.0,12.070832934525846,0.0,batch,"[0, 1]"
49009,competitive,32,384,pivot_kg,0,5,352.0,12.070832934525846,0.0,budget_exhausted,"[7, 0, 1, 6, 2]"
49009,competitive,32,384,pivot_kg_stop,0,5,352.0,12.070832934525846,0.0,budget_exhausted,"[7, 0, 1, 6, 2]"
49009,competitive,32,384,uniform_v2,0,5,352.0,12.070832934525846,0.0,budget_exhausted,"[7, 2, 4, 6, 3]"
49009,competitive,32,384,ivr_v2,0,5,352.0,12.070832934525846,0.0,budget_exhausted,"[7, 6, 0, 1, 5]"
49009,competitive,32,384,lucb_v2,0,5,352.0,12.070832934525846,0.0,budget_exhausted,"[0, 1, 7, 6, 5]"
49009,competitive,32,384,author_random_hf,0,5,352.0,12.070832934525846,0.0,batch,"[0, 5, 6, 2, 1]"
49009,competitive,32,384,author_paired_lucb,0,5,352.0,12.070832934525846,0.0,batch,"[0, 1, 2, 3, 4]"
49009,competitive,32,384,author_global_voi,0,5,352.0,12.070832934525846,0.0,batch,"[3, 4, 2, 5, 1]"
49009,competitive,32,384,author_pivot_voi,0,5,352.0,12.070832934525846,0.0,batch,"[0, 1, 2, 3, 4]"
49009,competitive,32,,all_hf_reference,0,8,544.0,12.070832934525846,0.0,all,"[0, 1, 2, 3, 4, 5, 6, 7]"
49010,cooperative,4,96,pivot_kg,1,2,76.0,-1.15448153124985,1.2152114756919659,budget_exhausted,"[0, 1]"
49010,cooperative,4,96,pivot_kg_stop,1,2,76.0,-1.15448153124985,1.2152114756919659,budget_exhausted,"[0, 1]"
49010,cooperative,4,96,uniform_v2,0,2,76.0,-0.6311761410898171,0.691906085531933,budget_exhausted,"[1, 6]"
49010,cooperative,4,96,ivr_v2,1,2,76.0,-1.15448153124985,1.2152114756919659,budget_exhausted,"[0, 7]"
49010,cooperative,4,96,lucb_v2,1,2,76.0,-1.15448153124985,1.2152114756919659,budget_exhausted,"[0, 1]"
49010,cooperative,4,,no_hf_v2,0,0,0.0,-0.6311761410898171,0.691906085531933,no_hf_method,[]
49010,cooperative,4,,proxy_only,0,0,0.0,-0.6311761410898171,0.691906085531933,no_hf_method,[]
49010,cooperative,4,96,author_random_hf,0,2,76.0,-0.6311761410898171,0.691906085531933,batch,"[6, 5]"
49010,cooperative,4,96,author_paired_lucb,1,2,76.0,-1.15448153124985,1.2152114756919659,batch,"[0, 1]"
49010,cooperative,4,96,author_global_voi,0,2,76.0,-0.6311761410898171,0.691906085531933,batch,"[3, 4]"
49010,cooperative,4,96,author_pivot_voi,1,2,76.0,-1.15448153124985,1.2152114756919659,batch,"[0, 1]"
49010,cooperative,4,192,pivot_kg,1,5,184.0,-1.15448153124985,1.2152114756919659,budget_exhausted,"[0, 1, 2, 7, 5]"
49010,cooperative,4,192,pivot_kg_stop,1,5,184.0,-1.15448153124985,1.2152114756919659,budget_exhausted,"[0, 1, 2, 7, 5]"
49010,cooperative,4,192,uniform_v2,1,5,184.0,-1.15448153124985,1.2152114756919659,budget_exhausted,"[1, 6, 3, 2, 7]"
49010,cooperative,4,192,ivr_v2,1,5,184.0,-1.15448153124985,1.2152114756919659,budget_exhausted,"[0, 7, 1, 5, 2]"
49010,cooperative,4,192,lucb_v2,1,5,184.0,-1.15448153124985,1.2152114756919659,budget_exhausted,"[0, 1, 7, 6, 5]"
49010,cooperative,4,192,author_random_hf,0,5,184.0,-0.6311761410898171,0.691906085531933,batch,"[6, 5, 4, 1, 7]"
49010,cooperative,4,192,author_paired_lucb,1,5,184.0,-1.15448153124985,1.2152114756919659,batch,"[0, 1, 2, 3, 4]"
49010,cooperative,4,192,author_global_voi,0,5,184.0,-0.6311761410898171,0.691906085531933,batch,"[3, 4, 2, 5, 1]"
49010,cooperative,4,192,author_pivot_voi,1,5,184.0,-1.15448153124985,1.2152114756919659,batch,"[0, 1, 2, 3, 4]"
49010,cooperative,4,384,pivot_kg,1,8,292.0,-1.15448153124985,1.2152114756919659,budget_exhausted,"[0, 1, 2, 7, 5, 3, 4, 6]"
49010,cooperative,4,384,pivot_kg_stop,1,8,292.0,-1.15448153124985,1.2152114756919659,budget_exhausted,"[0, 1, 2, 7, 5, 3, 4, 6]"
49010,cooperative,4,384,uniform_v2,1,8,292.0,-1.15448153124985,1.2152114756919659,budget_exhausted,"[1, 6, 3, 2, 7, 4, 5, 0]"
49010,cooperative,4,384,ivr_v2,1,8,292.0,-1.15448153124985,1.2152114756919659,budget_exhausted,"[0, 7, 1, 5, 2, 6, 4, 3]"
49010,cooperative,4,384,lucb_v2,1,8,292.0,-1.15448153124985,1.2152114756919659,budget_exhausted,"[0, 1, 7, 6, 5, 2, 4, 3]"
49010,cooperative,4,384,author_random_hf,1,8,292.0,-1.15448153124985,1.2152114756919659,batch,"[6, 5, 4, 1, 7, 0, 2, 3]"
49010,cooperative,4,384,author_paired_lucb,1,8,292.0,-1.15448153124985,1.2152114756919659,batch,"[0, 1, 2, 3, 4, 5, 6, 7]"
49010,cooperative,4,384,author_global_voi,1,8,292.0,-1.15448153124985,1.2152114756919659,batch,"[3, 4, 2, 5, 1, 6, 0, 7]"
49010,cooperative,4,384,author_pivot_voi,1,8,292.0,-1.15448153124985,1.2152114756919659,batch,"[0, 1, 2, 3, 4, 5, 6, 7]"
49010,cooperative,4,,all_hf_reference,1,8,292.0,-1.15448153124985,1.2152114756919659,all,"[0, 1, 2, 3, 4, 5, 6, 7]"
49010,cooperative,32,96,pivot_kg,7,1,96.0,12.29648542421954,0.0,budget_exhausted,[7]
49010,cooperative,32,96,pivot_kg_stop,7,1,96.0,12.29648542421954,0.0,budget_exhausted,[7]
49010,cooperative,32,96,uniform_v2,7,1,96.0,12.29648542421954,0.0,budget_exhausted,[1]
49010,cooperative,32,96,ivr_v2,7,1,96.0,12.29648542421954,0.0,budget_exhausted,[7]
49010,cooperative,32,96,lucb_v2,7,1,96.0,12.29648542421954,0.0,budget_exhausted,[7]
49010,cooperative,32,,no_hf_v2,0,0,0.0,-8.829461883150863,21.125947307370403,no_hf_method,[]
49010,cooperative,32,,proxy_only,0,0,0.0,-8.829461883150863,21.125947307370403,no_hf_method,[]
49010,cooperative,32,96,author_random_hf,6,1,96.0,10.302137463108856,1.9943479611106838,batch,[6]
49010,cooperative,32,96,author_paired_lucb,1,1,96.0,-11.258044018611933,23.554529442831473,batch,[0]
49010,cooperative,32,96,author_global_voi,0,1,96.0,-8.829461883150863,21.125947307370403,batch,[3]
49010,cooperative,32,96,author_pivot_voi,1,1,96.0,-11.258044018611933,23.554529442831473,batch,[0]
49010,cooperative,32,192,pivot_kg,7,2,160.0,12.29648542421954,0.0,budget_exhausted,"[7, 0]"
49010,cooperative,32,192,pivot_kg_stop,7,2,160.0,12.29648542421954,0.0,budget_exhausted,"[7, 0]"
49010,cooperative,32,192,uniform_v2,6,2,160.0,10.302137463108856,1.9943479611106838,budget_exhausted,"[1, 6]"
49010,cooperative,32,192,ivr_v2,6,2,160.0,10.302137463108856,1.9943479611106838,budget_exhausted,"[7, 6]"
49010,cooperative,32,192,lucb_v2,7,2,160.0,12.29648542421954,0.0,budget_exhausted,"[7, 0]"
49010,cooperative,32,192,author_random_hf,6,2,160.0,10.302137463108856,1.9943479611106838,batch,"[6, 5]"
49010,cooperative,32,192,author_paired_lucb,2,2,160.0,-12.445886848238331,24.74237227245787,batch,"[0, 1]"
49010,cooperative,32,192,author_global_voi,0,2,160.0,-8.829461883150863,21.125947307370403,batch,"[3, 4]"
49010,cooperative,32,192,author_pivot_voi,2,2,160.0,-12.445886848238331,24.74237227245787,batch,"[0, 1]"
49010,cooperative,32,384,pivot_kg,6,5,352.0,10.302137463108856,1.9943479611106838,budget_exhausted,"[7, 0, 6, 5, 1]"
49010,cooperative,32,384,pivot_kg_stop,6,5,352.0,10.302137463108856,1.9943479611106838,budget_exhausted,"[7, 0, 6, 5, 1]"
49010,cooperative,32,384,uniform_v2,6,5,352.0,10.302137463108856,1.9943479611106838,budget_exhausted,"[1, 6, 3, 2, 7]"
49010,cooperative,32,384,ivr_v2,6,5,352.0,10.302137463108856,1.9943479611106838,budget_exhausted,"[7, 6, 0, 1, 5]"
49010,cooperative,32,384,lucb_v2,6,5,352.0,10.302137463108856,1.9943479611106838,budget_exhausted,"[7, 0, 6, 5, 1]"
49010,cooperative,32,384,author_random_hf,6,5,352.0,10.302137463108856,1.9943479611106838,batch,"[6, 5, 4, 1, 7]"
49010,cooperative,32,384,author_paired_lucb,4,5,352.0,4.407906935614427,7.888578488605113,batch,"[0, 1, 2, 3, 4]"
49010,cooperative,32,384,author_global_voi,0,5,352.0,-8.829461883150863,21.125947307370403,batch,"[3, 4, 2, 5, 1]"
49010,cooperative,32,384,author_pivot_voi,4,5,352.0,4.407906935614427,7.888578488605113,batch,"[0, 1, 2, 3, 4]"
49010,cooperative,32,,all_hf_reference,6,8,544.0,10.302137463108856,1.9943479611106838,all,"[0, 1, 2, 3, 4, 5, 6, 7]"
49011,competitive,4,96,pivot_kg,0,2,76.0,3.297653975848668,0.0,budget_exhausted,"[0, 1]"
49011,competitive,4,96,pivot_kg_stop,0,2,76.0,3.297653975848668,0.0,budget_exhausted,"[0, 1]"
49011,competitive,4,96,uniform_v2,0,2,76.0,3.297653975848668,0.0,budget_exhausted,"[1, 3]"
49011,competitive,4,96,ivr_v2,0,2,76.0,3.297653975848668,0.0,budget_exhausted,"[0, 7]"
49011,competitive,4,96,lucb_v2,0,2,76.0,3.297653975848668,0.0,budget_exhausted,"[0, 1]"
49011,competitive,4,,no_hf_v2,0,0,0.0,3.297653975848668,0.0,no_hf_method,[]
49011,competitive,4,,proxy_only,0,0,0.0,3.297653975848668,0.0,no_hf_method,[]
49011,competitive,4,96,author_random_hf,1,2,76.0,2.418279582289024,0.8793743935596439,batch,"[6, 1]"
49011,competitive,4,96,author_paired_lucb,0,2,76.0,3.297653975848668,0.0,batch,"[0, 1]"
49011,competitive,4,96,author_global_voi,0,2,76.0,3.297653975848668,0.0,batch,"[3, 4]"
49011,competitive,4,96,author_pivot_voi,0,2,76.0,3.297653975848668,0.0,batch,"[0, 1]"
49011,competitive,4,192,pivot_kg,0,5,184.0,3.297653975848668,0.0,budget_exhausted,"[0, 1, 2, 7, 5]"
49011,competitive,4,192,pivot_kg_stop,0,5,184.0,3.297653975848668,0.0,budget_exhausted,"[0, 1, 2, 7, 5]"
49011,competitive,4,192,uniform_v2,0,5,184.0,3.297653975848668,0.0,budget_exhausted,"[1, 3, 2, 7, 5]"
49011,competitive,4,192,ivr_v2,0,5,184.0,3.297653975848668,0.0,budget_exhausted,"[0, 7, 1, 5, 2]"
49011,competitive,4,192,lucb_v2,0,5,184.0,3.297653975848668,0.0,budget_exhausted,"[0, 1, 7, 6, 5]"
49011,competitive,4,192,author_random_hf,1,5,184.0,2.418279582289024,0.8793743935596439,batch,"[6, 1, 7, 5, 3]"
49011,competitive,4,192,author_paired_lucb,0,5,184.0,3.297653975848668,0.0,batch,"[0, 1, 2, 3, 4]"
49011,competitive,4,192,author_global_voi,0,5,184.0,3.297653975848668,0.0,batch,"[3, 4, 5, 2, 6]"
49011,competitive,4,192,author_pivot_voi,0,5,184.0,3.297653975848668,0.0,batch,"[0, 1, 2, 3, 4]"
49011,competitive,4,384,pivot_kg,0,8,292.0,3.297653975848668,0.0,budget_exhausted,"[0, 1, 2, 7, 5, 4, 6, 3]"
49011,competitive,4,384,pivot_kg_stop,0,8,292.0,3.297653975848668,0.0,budget_exhausted,"[0, 1, 2, 7, 5, 4, 6, 3]"
49011,competitive,4,384,uniform_v2,0,8,292.0,3.297653975848668,0.0,budget_exhausted,"[1, 3, 2, 7, 5, 4, 0, 6]"
49011,competitive,4,384,ivr_v2,0,8,292.0,3.297653975848668,0.0,budget_exhausted,"[0, 7, 1, 5, 2, 6, 4, 3]"
49011,competitive,4,384,lucb_v2,0,8,292.0,3.297653975848668,0.0,budget_exhausted,"[0, 1, 7, 6, 5, 2, 4, 3]"
49011,competitive,4,384,author_random_hf,0,8,292.0,3.297653975848668,0.0,batch,"[6, 1, 7, 5, 3, 4, 0, 2]"
49011,competitive,4,384,author_paired_lucb,0,8,292.0,3.297653975848668,0.0,batch,"[0, 1, 2, 3, 4, 5, 6, 7]"
49011,competitive,4,384,author_global_voi,0,8,292.0,3.297653975848668,0.0,batch,"[3, 4, 5, 2, 6, 1, 7, 0]"
49011,competitive,4,384,author_pivot_voi,0,8,292.0,3.297653975848668,0.0,batch,"[0, 1, 2, 3, 4, 5, 6, 7]"
49011,competitive,4,,all_hf_reference,0,8,292.0,3.297653975848668,0.0,all,"[0, 1, 2, 3, 4, 5, 6, 7]"
49011,competitive,32,96,pivot_kg,0,1,96.0,11.824042522995708,0.0,budget_exhausted,[7]
49011,competitive,32,96,pivot_kg_stop,0,1,96.0,11.824042522995708,0.0,budget_exhausted,[7]
49011,competitive,32,96,uniform_v2,0,1,96.0,11.824042522995708,0.0,budget_exhausted,[1]
49011,competitive,32,96,ivr_v2,0,1,96.0,11.824042522995708,0.0,budget_exhausted,[7]
49011,competitive,32,96,lucb_v2,0,1,96.0,11.824042522995708,0.0,budget_exhausted,[7]
49011,competitive,32,,no_hf_v2,0,0,0.0,11.824042522995708,0.0,no_hf_method,[]
49011,competitive,32,,proxy_only,0,0,0.0,11.824042522995708,0.0,no_hf_method,[]
49011,competitive,32,96,author_random_hf,0,1,96.0,11.824042522995708,0.0,batch,[6]
49011,competitive,32,96,author_paired_lucb,0,1,96.0,11.824042522995708,0.0,batch,[0]
49011,competitive,32,96,author_global_voi,0,1,96.0,11.824042522995708,0.0,batch,[3]
49011,competitive,32,96,author_pivot_voi,0,1,96.0,11.824042522995708,0.0,batch,[0]
49011,competitive,32,192,pivot_kg,0,2,160.0,11.824042522995708,0.0,budget_exhausted,"[7, 0]"
49011,competitive,32,192,pivot_kg_stop,0,2,160.0,11.824042522995708,0.0,budget_exhausted,"[7, 0]"
49011,competitive,32,192,uniform_v2,0,2,160.0,11.824042522995708,0.0,budget_exhausted,"[1, 3]"
49011,competitive,32,192,ivr_v2,0,2,160.0,11.824042522995708,0.0,budget_exhausted,"[7, 6]"
49011,competitive,32,192,lucb_v2,0,2,160.0,11.824042522995708,0.0,budget_exhausted,"[7, 0]"
49011,competitive,32,192,author_random_hf,1,2,160.0,8.462715663811743,3.361326859183965,batch,"[6, 1]"
49011,competitive,32,192,author_paired_lucb,0,2,160.0,11.824042522995708,0.0,batch,"[0, 1]"
49011,competitive,32,192,author_global_voi,0,2,160.0,11.824042522995708,0.0,batch,"[3, 4]"
49011,competitive,32,192,author_pivot_voi,0,2,160.0,11.824042522995708,0.0,batch,"[0, 1]"
49011,competitive,32,384,pivot_kg,0,5,352.0,11.824042522995708,0.0,budget_exhausted,"[7, 0, 1, 6, 2]"
49011,competitive,32,384,pivot_kg_stop,0,5,352.0,11.824042522995708,0.0,budget_exhausted,"[7, 0, 1, 6, 2]"
49011,competitive,32,384,uniform_v2,0,5,352.0,11.824042522995708,0.0,budget_exhausted,"[1, 3, 2, 7, 5]"
49011,competitive,32,384,ivr_v2,0,5,352.0,11.824042522995708,0.0,budget_exhausted,"[7, 6, 0, 1, 5]"
49011,competitive,32,384,lucb_v2,0,5,352.0,11.824042522995708,0.0,budget_exhausted,"[7, 0, 1, 6, 5]"
49011,competitive,32,384,author_random_hf,1,5,352.0,8.462715663811743,3.361326859183965,batch,"[6, 1, 7, 5, 3]"
49011,competitive,32,384,author_paired_lucb,0,5,352.0,11.824042522995708,0.0,batch,"[0, 1, 2, 3, 4]"
49011,competitive,32,384,author_global_voi,0,5,352.0,11.824042522995708,0.0,batch,"[3, 4, 5, 2, 6]"
49011,competitive,32,384,author_pivot_voi,0,5,352.0,11.824042522995708,0.0,batch,"[0, 1, 2, 3, 4]"
49011,competitive,32,,all_hf_reference,0,8,544.0,11.824042522995708,0.0,all,"[0, 1, 2, 3, 4, 5, 6, 7]"
49012,cooperative,4,96,pivot_kg,7,2,76.0,5.108582974399816,0.0,budget_exhausted,"[0, 7]"
49012,cooperative,4,96,pivot_kg_stop,7,2,76.0,5.108582974399816,0.0,budget_exhausted,"[0, 7]"
49012,cooperative,4,96,uniform_v2,6,2,76.0,4.135931240321597,0.9726517340782195,budget_exhausted,"[4, 6]"
49012,cooperative,4,96,ivr_v2,7,2,76.0,5.108582974399816,0.0,budget_exhausted,"[0, 7]"
49012,cooperative,4,96,lucb_v2,7,2,76.0,5.108582974399816,0.0,budget_exhausted,"[0, 7]"
49012,cooperative,4,,no_hf_v2,7,0,0.0,5.108582974399816,0.0,no_hf_method,[]
49012,cooperative,4,,proxy_only,7,0,0.0,5.108582974399816,0.0,no_hf_method,[]
49012,cooperative,4,96,author_random_hf,7,2,76.0,5.108582974399816,0.0,batch,"[0, 4]"
49012,cooperative,4,96,author_paired_lucb,6,2,76.0,4.135931240321597,0.9726517340782195,batch,"[7, 6]"
49012,cooperative,4,96,author_global_voi,7,2,76.0,5.108582974399816,0.0,batch,"[4, 3]"
49012,cooperative,4,96,author_pivot_voi,7,2,76.0,5.108582974399816,0.0,batch,"[0, 1]"
49012,cooperative,4,192,pivot_kg,7,5,184.0,5.108582974399816,0.0,budget_exhausted,"[0, 7, 1, 2, 5]"
49012,cooperative,4,192,pivot_kg_stop,7,5,184.0,5.108582974399816,0.0,budget_exhausted,"[0, 7, 1, 2, 5]"
49012,cooperative,4,192,uniform_v2,6,5,184.0,4.135931240321597,0.9726517340782195,budget_exhausted,"[4, 6, 2, 3, 7]"
49012,cooperative,4,192,ivr_v2,7,5,184.0,5.108582974399816,0.0,budget_exhausted,"[0, 7, 1, 5, 2]"
49012,cooperative,4,192,lucb_v2,6,5,184.0,4.135931240321597,0.9726517340782195,budget_exhausted,"[0, 7, 1, 6, 5]"
49012,cooperative,4,192,author_random_hf,7,5,184.0,5.108582974399816,0.0,batch,"[0, 4, 7, 5, 1]"
49012,cooperative,4,192,author_paired_lucb,6,5,184.0,4.135931240321597,0.9726517340782195,batch,"[7, 6, 5, 4, 3]"
49012,cooperative,4,192,author_global_voi,5,5,184.0,2.3748225200245017,2.7337604543753145,batch,"[4, 3, 5, 2, 1]"
49012,cooperative,4,192,author_pivot_voi,2,5,184.0,-2.087281496963797,7.195864471363613,batch,"[0, 1, 2, 3, 4]"
49012,cooperative,4,384,pivot_kg,6,8,292.0,4.135931240321597,0.9726517340782195,budget_exhausted,"[0, 7, 1, 2, 5, 6, 3, 4]"
49012,cooperative,4,384,pivot_kg_stop,6,8,292.0,4.135931240321597,0.9726517340782195,budget_exhausted,"[0, 7, 1, 2, 5, 6, 3, 4]"
49012,cooperative,4,384,uniform_v2,6,8,292.0,4.135931240321597,0.9726517340782195,budget_exhausted,"[4, 6, 2, 3, 7, 5, 0, 1]"
49012,cooperative,4,384,ivr_v2,6,8,292.0,4.135931240321597,0.9726517340782195,budget_exhausted,"[0, 7, 1, 5, 2, 6, 4, 3]"
49012,cooperative,4,384,lucb_v2,6,8,292.0,4.135931240321597,0.9726517340782195,budget_exhausted,"[0, 7, 1, 6, 5, 2, 4, 3]"
49012,cooperative,4,384,author_random_hf,6,8,292.0,4.135931240321597,0.9726517340782195,batch,"[0, 4, 7, 5, 1, 3, 6, 2]"
49012,cooperative,4,384,author_paired_lucb,6,8,292.0,4.135931240321597,0.9726517340782195,batch,"[7, 6, 5, 4, 3, 2, 1, 0]"
49012,cooperative,4,384,author_global_voi,6,8,292.0,4.135931240321597,0.9726517340782195,batch,"[4, 3, 5, 2, 1, 6, 0, 7]"
49012,cooperative,4,384,author_pivot_voi,6,8,292.0,4.135931240321597,0.9726517340782195,batch,"[0, 1, 2, 3, 4, 5, 6, 7]"
49012,cooperative,4,,all_hf_reference,6,8,292.0,4.135931240321597,0.9726517340782195,all,"[0, 1, 2, 3, 4, 5, 6, 7]"
49012,cooperative,32,96,pivot_kg,7,1,96.0,11.246450630936685,0.0,budget_exhausted,[7]
49012,cooperative,32,96,pivot_kg_stop,7,1,96.0,11.246450630936685,0.0,budget_exhausted,[7]
49012,cooperative,32,96,uniform_v2,7,1,96.0,11.246450630936685,0.0,budget_exhausted,[4]
49012,cooperative,32,96,ivr_v2,7,1,96.0,11.246450630936685,0.0,budget_exhausted,[7]
49012,cooperative,32,96,lucb_v2,7,1,96.0,11.246450630936685,0.0,budget_exhausted,[7]
49012,cooperative,32,,no_hf_v2,7,0,0.0,11.246450630936685,0.0,no_hf_method,[]
49012,cooperative,32,,proxy_only,7,0,0.0,11.246450630936685,0.0,no_hf_method,[]
49012,cooperative,32,96,author_random_hf,7,1,96.0,11.246450630936685,0.0,batch,[0]
49012,cooperative,32,96,author_paired_lucb,7,1,96.0,11.246450630936685,0.0,batch,[7]
49012,cooperative,32,96,author_global_voi,7,1,96.0,11.246450630936685,0.0,batch,[4]
49012,cooperative,32,96,author_pivot_voi,7,1,96.0,11.246450630936685,0.0,batch,[0]
49012,cooperative,32,192,pivot_kg,6,2,160.0,8.897899204653903,2.348551426282782,budget_exhausted,"[7, 6]"
49012,cooperative,32,192,pivot_kg_stop,6,2,160.0,8.897899204653903,2.348551426282782,budget_exhausted,"[7, 6]"
49012,cooperative,32,192,uniform_v2,6,2,160.0,8.897899204653903,2.348551426282782,budget_exhausted,"[4, 6]"
49012,cooperative,32,192,ivr_v2,6,2,160.0,8.897899204653903,2.348551426282782,budget_exhausted,"[7, 6]"
49012,cooperative,32,192,lucb_v2,6,2,160.0,8.897899204653903,2.348551426282782,budget_exhausted,"[7, 6]"
49012,cooperative,32,192,author_random_hf,7,2,160.0,11.246450630936685,0.0,batch,"[0, 4]"
49012,cooperative,32,192,author_paired_lucb,6,2,160.0,8.897899204653903,2.348551426282782,batch,"[7, 6]"
49012,cooperative,32,192,author_global_voi,7,2,160.0,11.246450630936685,0.0,batch,"[4, 3]"
49012,cooperative,32,192,author_pivot_voi,7,2,160.0,11.246450630936685,0.0,batch,"[0, 1]"
49012,cooperative,32,384,pivot_kg,6,5,352.0,8.897899204653903,2.348551426282782,budget_exhausted,"[7, 6, 0, 5, 1]"
49012,cooperative,32,384,pivot_kg_stop,6,5,352.0,8.897899204653903,2.348551426282782,budget_exhausted,"[7, 6, 0, 5, 1]"
49012,cooperative,32,384,uniform_v2,6,5,352.0,8.897899204653903,2.348551426282782,budget_exhausted,"[4, 6, 2, 3, 7]"
49012,cooperative,32,384,ivr_v2,6,5,352.0,8.897899204653903,2.348551426282782,budget_exhausted,"[7, 6, 0, 1, 5]"
49012,cooperative,32,384,lucb_v2,6,5,352.0,8.897899204653903,2.348551426282782,budget_exhausted,"[7, 6, 0, 1, 5]"
49012,cooperative,32,384,author_random_hf,7,5,352.0,11.246450630936685,0.0,batch,"[0, 4, 7, 5, 1]"
49012,cooperative,32,384,author_paired_lucb,6,5,352.0,8.897899204653903,2.348551426282782,batch,"[7, 6, 5, 4, 0]"
49012,cooperative,32,384,author_global_voi,5,5,352.0,9.940569739232942,1.3058808917037439,batch,"[4, 3, 5, 2, 1]"
49012,cooperative,32,384,author_pivot_voi,7,5,352.0,11.246450630936685,0.0,batch,"[0, 1, 2, 3, 4]"
49012,cooperative,32,,all_hf_reference,6,8,544.0,8.897899204653903,2.348551426282782,all,"[0, 1, 2, 3, 4, 5, 6, 7]"
49013,competitive,4,96,pivot_kg,0,2,76.0,6.546686902920506,0.0,budget_exhausted,"[0, 1]"
49013,competitive,4,96,pivot_kg_stop,0,2,76.0,6.546686902920506,0.0,budget_exhausted,"[0, 1]"
49013,competitive,4,96,uniform_v2,0,2,76.0,6.546686902920506,0.0,budget_exhausted,"[7, 1]"
49013,competitive,4,96,ivr_v2,0,2,76.0,6.546686902920506,0.0,budget_exhausted,"[0, 7]"
49013,competitive,4,96,lucb_v2,0,2,76.0,6.546686902920506,0.0,budget_exhausted,"[0, 1]"
49013,competitive,4,,no_hf_v2,0,0,0.0,6.546686902920506,0.0,no_hf_method,[]
49013,competitive,4,,proxy_only,0,0,0.0,6.546686902920506,0.0,no_hf_method,[]
49013,competitive,4,96,author_random_hf,0,2,76.0,6.546686902920506,0.0,batch,"[6, 4]"
49013,competitive,4,96,author_paired_lucb,0,2,76.0,6.546686902920506,0.0,batch,"[0, 1]"
49013,competitive,4,96,author_global_voi,0,2,76.0,6.546686902920506,0.0,batch,"[3, 4]"
49013,competitive,4,96,author_pivot_voi,0,2,76.0,6.546686902920506,0.0,batch,"[0, 1]"
49013,competitive,4,192,pivot_kg,0,5,184.0,6.546686902920506,0.0,budget_exhausted,"[0, 1, 2, 7, 5]"
49013,competitive,4,192,pivot_kg_stop,0,5,184.0,6.546686902920506,0.0,budget_exhausted,"[0, 1, 2, 7, 5]"
49013,competitive,4,192,uniform_v2,0,5,184.0,6.546686902920506,0.0,budget_exhausted,"[7, 1, 2, 0, 4]"
49013,competitive,4,192,ivr_v2,0,5,184.0,6.546686902920506,0.0,budget_exhausted,"[0, 7, 1, 5, 2]"
49013,competitive,4,192,lucb_v2,0,5,184.0,6.546686902920506,0.0,budget_exhausted,"[0, 1, 2, 7, 6]"
49013,competitive,4,192,author_random_hf,0,5,184.0,6.546686902920506,0.0,batch,"[6, 4, 2, 1, 5]"
49013,competitive,4,192,author_paired_lucb,0,5,184.0,6.546686902920506,0.0,batch,"[0, 1, 2, 3, 4]"
49013,competitive,4,192,author_global_voi,0,5,184.0,6.546686902920506,0.0,batch,"[3, 4, 2, 5, 6]"
49013,competitive,4,192,author_pivot_voi,0,5,184.0,6.546686902920506,0.0,batch,"[0, 1, 2, 3, 4]"
49013,competitive,4,384,pivot_kg,0,8,292.0,6.546686902920506,0.0,budget_exhausted,"[0, 1, 2, 7, 5, 4, 3, 6]"
49013,competitive,4,384,pivot_kg_stop,0,8,292.0,6.546686902920506,0.0,budget_exhausted,"[0, 1, 2, 7, 5, 4, 3, 6]"
49013,competitive,4,384,uniform_v2,0,8,292.0,6.546686902920506,0.0,budget_exhausted,"[7, 1, 2, 0, 4, 3, 6, 5]"
49013,competitive,4,384,ivr_v2,0,8,292.0,6.546686902920506,0.0,budget_exhausted,"[0, 7, 1, 5, 2, 6, 4, 3]"
49013,competitive,4,384,lucb_v2,0,8,292.0,6.546686902920506,0.0,budget_exhausted,"[0, 1, 2, 7, 6, 5, 4, 3]"
49013,competitive,4,384,author_random_hf,0,8,292.0,6.546686902920506,0.0,batch,"[6, 4, 2, 1, 5, 0, 7, 3]"
49013,competitive,4,384,author_paired_lucb,0,8,292.0,6.546686902920506,0.0,batch,"[0, 1, 2, 3, 4, 5, 6, 7]"
49013,competitive,4,384,author_global_voi,0,8,292.0,6.546686902920506,0.0,batch,"[3, 4, 2, 5, 6, 1, 0, 7]"
49013,competitive,4,384,author_pivot_voi,0,8,292.0,6.546686902920506,0.0,batch,"[0, 1, 2, 3, 4, 5, 6, 7]"
49013,competitive,4,,all_hf_reference,0,8,292.0,6.546686902920506,0.0,all,"[0, 1, 2, 3, 4, 5, 6, 7]"
49013,competitive,32,96,pivot_kg,0,1,96.0,14.148420113166342,0.0,budget_exhausted,[7]
49013,competitive,32,96,pivot_kg_stop,0,1,96.0,14.148420113166342,0.0,budget_exhausted,[7]
49013,competitive,32,96,uniform_v2,0,1,96.0,14.148420113166342,0.0,budget_exhausted,[7]
49013,competitive,32,96,ivr_v2,0,1,96.0,14.148420113166342,0.0,budget_exhausted,[7]
49013,competitive,32,96,lucb_v2,0,1,96.0,14.148420113166342,0.0,budget_exhausted,[7]
49013,competitive,32,,no_hf_v2,0,0,0.0,14.148420113166342,0.0,no_hf_method,[]
49013,competitive,32,,proxy_only,0,0,0.0,14.148420113166342,0.0,no_hf_method,[]
49013,competitive,32,96,author_random_hf,0,1,96.0,14.148420113166342,0.0,batch,[6]
49013,competitive,32,96,author_paired_lucb,0,1,96.0,14.148420113166342,0.0,batch,[0]
49013,competitive,32,96,author_global_voi,0,1,96.0,14.148420113166342,0.0,batch,[3]
49013,competitive,32,96,author_pivot_voi,0,1,96.0,14.148420113166342,0.0,batch,[0]
49013,competitive,32,192,pivot_kg,0,2,160.0,14.148420113166342,0.0,budget_exhausted,"[7, 0]"
49013,competitive,32,192,pivot_kg_stop,0,2,160.0,14.148420113166342,0.0,budget_exhausted,"[7, 0]"
49013,competitive,32,192,uniform_v2,0,2,160.0,14.148420113166342,0.0,budget_exhausted,"[7, 1]"
49013,competitive,32,192,ivr_v2,0,2,160.0,14.148420113166342,0.0,budget_exhausted,"[7, 6]"
49013,competitive,32,192,lucb_v2,0,2,160.0,14.148420113166342,0.0,budget_exhausted,"[7, 0]"
49013,competitive,32,192,author_random_hf,0,2,160.0,14.148420113166342,0.0,batch,"[6, 4]"
49013,competitive,32,192,author_paired_lucb,0,2,160.0,14.148420113166342,0.0,batch,"[0, 1]"
49013,competitive,32,192,author_global_voi,0,2,160.0,14.148420113166342,0.0,batch,"[3, 4]"
49013,competitive,32,192,author_pivot_voi,0,2,160.0,14.148420113166342,0.0,batch,"[0, 1]"
49013,competitive,32,384,pivot_kg,0,5,352.0,14.148420113166342,0.0,budget_exhausted,"[7, 0, 1, 6, 2]"
49013,competitive,32,384,pivot_kg_stop,0,5,352.0,14.148420113166342,0.0,budget_exhausted,"[7, 0, 1, 6, 2]"
49013,competitive,32,384,uniform_v2,0,5,352.0,14.148420113166342,0.0,budget_exhausted,"[7, 1, 2, 0, 4]"
49013,competitive,32,384,ivr_v2,0,5,352.0,14.148420113166342,0.0,budget_exhausted,"[7, 6, 0, 1, 5]"
49013,competitive,32,384,lucb_v2,0,5,352.0,14.148420113166342,0.0,budget_exhausted,"[7, 0, 1, 6, 2]"
49013,competitive,32,384,author_random_hf,0,5,352.0,14.148420113166342,0.0,batch,"[6, 4, 2, 1, 5]"
49013,competitive,32,384,author_paired_lucb,0,5,352.0,14.148420113166342,0.0,batch,"[0, 1, 2, 3, 4]"
49013,competitive,32,384,author_global_voi,0,5,352.0,14.148420113166342,0.0,batch,"[3, 4, 2, 5, 6]"
49013,competitive,32,384,author_pivot_voi,0,5,352.0,14.148420113166342,0.0,batch,"[0, 1, 2, 3, 4]"
49013,competitive,32,,all_hf_reference,0,8,544.0,14.148420113166342,0.0,all,"[0, 1, 2, 3, 4, 5, 6, 7]"
49014,cooperative,4,96,pivot_kg,0,2,76.0,4.1238245718358755,0.0,budget_exhausted,"[0, 1]"
49014,cooperative,4,96,pivot_kg_stop,0,2,76.0,4.1238245718358755,0.0,budget_exhausted,"[0, 1]"
49014,cooperative,4,96,uniform_v2,0,2,76.0,4.1238245718358755,0.0,budget_exhausted,"[7, 3]"
49014,cooperative,4,96,ivr_v2,0,2,76.0,4.1238245718358755,0.0,budget_exhausted,"[0, 7]"
49014,cooperative,4,96,lucb_v2,0,2,76.0,4.1238245718358755,0.0,budget_exhausted,"[0, 1]"
49014,cooperative,4,,no_hf_v2,0,0,0.0,4.1238245718358755,0.0,no_hf_method,[]
49014,cooperative,4,,proxy_only,0,0,0.0,4.1238245718358755,0.0,no_hf_method,[]
49014,cooperative,4,96,author_random_hf,1,2,76.0,3.388495325352359,0.7353292464835164,batch,"[6, 1]"
49014,cooperative,4,96,author_paired_lucb,1,2,76.0,3.388495325352359,0.7353292464835164,batch,"[0, 1]"
49014,cooperative,4,96,author_global_voi,0,2,76.0,4.1238245718358755,0.0,batch,"[3, 4]"
49014,cooperative,4,96,author_pivot_voi,1,2,76.0,3.388495325352359,0.7353292464835164,batch,"[0, 1]"
49014,cooperative,4,192,pivot_kg,0,5,184.0,4.1238245718358755,0.0,budget_exhausted,"[0, 1, 2, 7, 5]"
49014,cooperative,4,192,pivot_kg_stop,0,5,184.0,4.1238245718358755,0.0,budget_exhausted,"[0, 1, 2, 7, 5]"
49014,cooperative,4,192,uniform_v2,0,5,184.0,4.1238245718358755,0.0,budget_exhausted,"[7, 3, 5, 1, 6]"
49014,cooperative,4,192,ivr_v2,0,5,184.0,4.1238245718358755,0.0,budget_exhausted,"[0, 7, 1, 5, 2]"
49014,cooperative,4,192,lucb_v2,0,5,184.0,4.1238245718358755,0.0,budget_exhausted,"[0, 1, 7, 6, 5]"
49014,cooperative,4,192,author_random_hf,1,5,184.0,3.388495325352359,0.7353292464835164,batch,"[6, 1, 0, 4, 5]"
49014,cooperative,4,192,author_paired_lucb,1,5,184.0,3.388495325352359,0.7353292464835164,batch,"[0, 1, 2, 3, 4]"
49014,cooperative,4,192,author_global_voi,0,5,184.0,4.1238245718358755,0.0,batch,"[3, 4, 2, 5, 1]"
49014,cooperative,4,192,author_pivot_voi,1,5,184.0,3.388495325352359,0.7353292464835164,batch,"[0, 1, 2, 3, 4]"
49014,cooperative,4,384,pivot_kg,0,8,292.0,4.1238245718358755,0.0,budget_exhausted,"[0, 1, 2, 7, 5, 6, 3, 4]"
49014,cooperative,4,384,pivot_kg_stop,0,8,292.0,4.1238245718358755,0.0,budget_exhausted,"[0, 1, 2, 7, 5, 6, 3, 4]"
49014,cooperative,4,384,uniform_v2,0,8,292.0,4.1238245718358755,0.0,budget_exhausted,"[7, 3, 5, 1, 6, 0, 4, 2]"
49014,cooperative,4,384,ivr_v2,0,8,292.0,4.1238245718358755,0.0,budget_exhausted,"[0, 7, 1, 5, 2, 6, 4, 3]"
49014,cooperative,4,384,lucb_v2,0,8,292.0,4.1238245718358755,0.0,budget_exhausted,"[0, 1, 7, 6, 5, 2, 4, 3]"
49014,cooperative,4,384,author_random_hf,1,8,292.0,3.388495325352359,0.7353292464835164,batch,"[6, 1, 0, 4, 5, 2, 3, 7]"
49014,cooperative,4,384,author_paired_lucb,1,8,292.0,3.388495325352359,0.7353292464835164,batch,"[0, 1, 2, 3, 4, 5, 6, 7]"
49014,cooperative,4,384,author_global_voi,1,8,292.0,3.388495325352359,0.7353292464835164,batch,"[3, 4, 2, 5, 1, 6, 0, 7]"
49014,cooperative,4,384,author_pivot_voi,1,8,292.0,3.388495325352359,0.7353292464835164,batch,"[0, 1, 2, 3, 4, 5, 6, 7]"
49014,cooperative,4,,all_hf_reference,1,8,292.0,3.388495325352359,0.7353292464835164,all,"[0, 1, 2, 3, 4, 5, 6, 7]"
49014,cooperative,32,96,pivot_kg,7,1,96.0,10.773794998589246,0.0,budget_exhausted,[7]
49014,cooperative,32,96,pivot_kg_stop,7,1,96.0,10.773794998589246,0.0,budget_exhausted,[7]
49014,cooperative,32,96,uniform_v2,7,1,96.0,10.773794998589246,0.0,budget_exhausted,[7]
49014,cooperative,32,96,ivr_v2,7,1,96.0,10.773794998589246,0.0,budget_exhausted,[7]
49014,cooperative,32,96,lucb_v2,7,1,96.0,10.773794998589246,0.0,budget_exhausted,[7]
49014,cooperative,32,,no_hf_v2,0,0,0.0,-2.816494080054426,13.590289078643671,no_hf_method,[]
49014,cooperative,32,,proxy_only,0,0,0.0,-2.816494080054426,13.590289078643671,no_hf_method,[]
49014,cooperative,32,96,author_random_hf,6,1,96.0,8.881591585045001,1.8922034135442445,batch,[6]
49014,cooperative,32,96,author_paired_lucb,1,1,96.0,-2.437429907872783,13.211224906462029,batch,[0]
49014,cooperative,32,96,author_global_voi,0,1,96.0,-2.816494080054426,13.590289078643671,batch,[3]
49014,cooperative,32,96,author_pivot_voi,1,1,96.0,-2.437429907872783,13.211224906462029,batch,[0]
49014,cooperative,32,192,pivot_kg,7,2,160.0,10.773794998589246,0.0,budget_exhausted,"[7, 6]"
49014,cooperative,32,192,pivot_kg_stop,7,2,160.0,10.773794998589246,0.0,budget_exhausted,"[7, 6]"
49014,cooperative,32,192,uniform_v2,7,2,160.0,10.773794998589246,0.0,budget_exhausted,"[7, 3]"
49014,cooperative,32,192,ivr_v2,7,2,160.0,10.773794998589246,0.0,budget_exhausted,"[7, 6]"
49014,cooperative,32,192,lucb_v2,7,2,160.0,10.773794998589246,0.0,budget_exhausted,"[7, 6]"
49014,cooperative,32,192,author_random_hf,6,2,160.0,8.881591585045001,1.8922034135442445,batch,"[6, 1]"
49014,cooperative,32,192,author_paired_lucb,2,2,160.0,-2.4202659372607798,13.194060935850025,batch,"[0, 1]"
49014,cooperative,32,192,author_global_voi,0,2,160.0,-2.816494080054426,13.590289078643671,batch,"[3, 4]"
49014,cooperative,32,192,author_pivot_voi,2,2,160.0,-2.4202659372607798,13.194060935850025,batch,"[0, 1]"
49014,cooperative,32,384,pivot_kg,7,5,352.0,10.773794998589246,0.0,budget_exhausted,"[7, 6, 0, 5, 1]"
49014,cooperative,32,384,pivot_kg_stop,7,5,352.0,10.773794998589246,0.0,budget_exhausted,"[7, 6, 0, 5, 1]"
49014,cooperative,32,384,uniform_v2,7,5,352.0,10.773794998589246,0.0,budget_exhausted,"[7, 3, 5, 1, 6]"
49014,cooperative,32,384,ivr_v2,7,5,352.0,10.773794998589246,0.0,budget_exhausted,"[7, 6, 0, 1, 5]"
49014,cooperative,32,384,lucb_v2,7,5,352.0,10.773794998589246,0.0,budget_exhausted,"[7, 6, 0, 5, 1]"
49014,cooperative,32,384,author_random_hf,6,5,352.0,8.881591585045001,1.8922034135442445,batch,"[6, 1, 0, 4, 5]"
49014,cooperative,32,384,author_paired_lucb,4,5,352.0,1.351879472810431,9.421915525778815,batch,"[0, 1, 2, 3, 4]"
49014,cooperative,32,384,author_global_voi,5,5,352.0,3.486185518561939,7.287609480027307,batch,"[3, 4, 2, 5, 1]"
49014,cooperative,32,384,author_pivot_voi,4,5,352.0,1.351879472810431,9.421915525778815,batch,"[0, 1, 2, 3, 4]"
49014,cooperative,32,,all_hf_reference,7,8,544.0,10.773794998589246,0.0,all,"[0, 1, 2, 3, 4, 5, 6, 7]"
49015,competitive,4,96,pivot_kg,1,2,76.0,3.7344610030418792,1.3579858192879541,budget_exhausted,"[0, 1]"
49015,competitive,4,96,pivot_kg_stop,1,2,76.0,3.7344610030418792,1.3579858192879541,budget_exhausted,"[0, 1]"
49015,competitive,4,96,uniform_v2,0,2,76.0,5.092446822329833,0.0,budget_exhausted,"[6, 7]"
49015,competitive,4,96,ivr_v2,0,2,76.0,5.092446822329833,0.0,budget_exhausted,"[0, 7]"
49015,competitive,4,96,lucb_v2,1,2,76.0,3.7344610030418792,1.3579858192879541,budget_exhausted,"[0, 1]"
49015,competitive,4,,no_hf_v2,0,0,0.0,5.092446822329833,0.0,no_hf_method,[]
49015,competitive,4,,proxy_only,0,0,0.0,5.092446822329833,0.0,no_hf_method,[]
49015,competitive,4,96,author_random_hf,0,2,76.0,5.092446822329833,0.0,batch,"[4, 7]"
49015,competitive,4,96,author_paired_lucb,1,2,76.0,3.7344610030418792,1.3579858192879541,batch,"[0, 1]"
49015,competitive,4,96,author_global_voi,0,2,76.0,5.092446822329833,0.0,batch,"[3, 4]"
49015,competitive,4,96,author_pivot_voi,1,2,76.0,3.7344610030418792,1.3579858192879541,batch,"[0, 1]"
49015,competitive,4,192,pivot_kg,5,5,184.0,0.15288801113793937,4.939558811191894,budget_exhausted,"[0, 1, 2, 7, 5]"
49015,competitive,4,192,pivot_kg_stop,5,5,184.0,0.15288801113793937,4.939558811191894,budget_exhausted,"[0, 1, 2, 7, 5]"
49015,competitive,4,192,uniform_v2,5,5,184.0,0.15288801113793937,4.939558811191894,budget_exhausted,"[6, 7, 5, 4, 0]"
49015,competitive,4,192,ivr_v2,5,5,184.0,0.15288801113793937,4.939558811191894,budget_exhausted,"[0, 7, 1, 5, 2]"
49015,competitive,4,192,lucb_v2,5,5,184.0,0.15288801113793937,4.939558811191894,budget_exhausted,"[0, 1, 7, 6, 5]"
49015,competitive,4,192,author_random_hf,5,5,184.0,0.15288801113793937,4.939558811191894,batch,"[4, 7, 6, 0, 5]"
49015,competitive,4,192,author_paired_lucb,2,5,184.0,2.376475183753925,2.7159716385759083,batch,"[0, 1, 2, 3, 4]"
49015,competitive,4,192,author_global_voi,5,5,184.0,0.15288801113793937,4.939558811191894,batch,"[3, 4, 5, 2, 6]"
49015,competitive,4,192,author_pivot_voi,2,5,184.0,2.376475183753925,2.7159716385759083,batch,"[0, 1, 2, 3, 4]"
49015,competitive,4,384,pivot_kg,5,8,292.0,0.15288801113793937,4.939558811191894,budget_exhausted,"[0, 1, 2, 7, 5, 3, 6, 4]"
49015,competitive,4,384,pivot_kg_stop,5,8,292.0,0.15288801113793937,4.939558811191894,budget_exhausted,"[0, 1, 2, 7, 5, 3, 6, 4]"
49015,competitive,4,384,uniform_v2,5,8,292.0,0.15288801113793937,4.939558811191894,budget_exhausted,"[6, 7, 5, 4, 0, 2, 3, 1]"
49015,competitive,4,384,ivr_v2,5,8,292.0,0.15288801113793937,4.939558811191894,budget_exhausted,"[0, 7, 1, 5, 2, 6, 4, 3]"
49015,competitive,4,384,lucb_v2,5,8,292.0,0.15288801113793937,4.939558811191894,budget_exhausted,"[0, 1, 7, 6, 5, 2, 4, 3]"
49015,competitive,4,384,author_random_hf,5,8,292.0,0.15288801113793937,4.939558811191894,batch,"[4, 7, 6, 0, 5, 2, 3, 1]"
49015,competitive,4,384,author_paired_lucb,5,8,292.0,0.15288801113793937,4.939558811191894,batch,"[0, 1, 2, 3, 4, 5, 6, 7]"
49015,competitive,4,384,author_global_voi,5,8,292.0,0.15288801113793937,4.939558811191894,batch,"[3, 4, 5, 2, 6, 1, 0, 7]"
49015,competitive,4,384,author_pivot_voi,5,8,292.0,0.15288801113793937,4.939558811191894,batch,"[0, 1, 2, 3, 4, 5, 6, 7]"
49015,competitive,4,,all_hf_reference,5,8,292.0,0.15288801113793937,4.939558811191894,all,"[0, 1, 2, 3, 4, 5, 6, 7]"
49015,competitive,32,96,pivot_kg,0,1,96.0,12.938213154120216,0.0,budget_exhausted,[7]
49015,competitive,32,96,pivot_kg_stop,0,1,96.0,12.938213154120216,0.0,budget_exhausted,[7]
49015,competitive,32,96,uniform_v2,0,1,96.0,12.938213154120216,0.0,budget_exhausted,[6]
49015,competitive,32,96,ivr_v2,0,1,96.0,12.938213154120216,0.0,budget_exhausted,[7]
49015,competitive,32,96,lucb_v2,0,1,96.0,12.938213154120216,0.0,budget_exhausted,[7]
49015,competitive,32,,no_hf_v2,0,0,0.0,12.938213154120216,0.0,no_hf_method,[]
49015,competitive,32,,proxy_only,0,0,0.0,12.938213154120216,0.0,no_hf_method,[]
49015,competitive,32,96,author_random_hf,0,1,96.0,12.938213154120216,0.0,batch,[4]
49015,competitive,32,96,author_paired_lucb,0,1,96.0,12.938213154120216,0.0,batch,[0]
49015,competitive,32,96,author_global_voi,0,1,96.0,12.938213154120216,0.0,batch,[3]
49015,competitive,32,96,author_pivot_voi,0,1,96.0,12.938213154120216,0.0,batch,[0]
49015,competitive,32,192,pivot_kg,0,2,160.0,12.938213154120216,0.0,budget_exhausted,"[7, 0]"
49015,competitive,32,192,pivot_kg_stop,0,2,160.0,12.938213154120216,0.0,budget_exhausted,"[7, 0]"
49015,competitive,32,192,uniform_v2,0,2,160.0,12.938213154120216,0.0,budget_exhausted,"[6, 7]"
49015,competitive,32,192,ivr_v2,0,2,160.0,12.938213154120216,0.0,budget_exhausted,"[7, 6]"
49015,competitive,32,192,lucb_v2,0,2,160.0,12.938213154120216,0.0,budget_exhausted,"[7, 0]"
49015,competitive,32,192,author_random_hf,0,2,160.0,12.938213154120216,0.0,batch,"[4, 7]"
49015,competitive,32,192,author_paired_lucb,1,2,160.0,9.56003959288223,3.378173561237986,batch,"[0, 1]"
49015,competitive,32,192,author_global_voi,0,2,160.0,12.938213154120216,0.0,batch,"[3, 4]"
49015,competitive,32,192,author_pivot_voi,1,2,160.0,9.56003959288223,3.378173561237986,batch,"[0, 1]"
49015,competitive,32,384,pivot_kg,1,5,352.0,9.56003959288223,3.378173561237986,budget_exhausted,"[7, 0, 1, 6, 2]"
49015,competitive,32,384,pivot_kg_stop,1,5,352.0,9.56003959288223,3.378173561237986,budget_exhausted,"[7, 0, 1, 6, 2]"
49015,competitive,32,384,uniform_v2,0,5,352.0,12.938213154120216,0.0,budget_exhausted,"[6, 7, 5, 4, 0]"
49015,competitive,32,384,ivr_v2,1,5,352.0,9.56003959288223,3.378173561237986,budget_exhausted,"[7, 6, 0, 1, 5]"
49015,competitive,32,384,lucb_v2,1,5,352.0,9.56003959288223,3.378173561237986,budget_exhausted,"[7, 0, 1, 6, 5]"
49015,competitive,32,384,author_random_hf,0,5,352.0,12.938213154120216,0.0,batch,"[4, 7, 6, 0, 5]"
49015,competitive,32,384,author_paired_lucb,1,5,352.0,9.56003959288223,3.378173561237986,batch,"[0, 1, 2, 3, 4]"
49015,competitive,32,384,author_global_voi,2,5,352.0,5.874370629168389,7.063842524951827,batch,"[3, 4, 5, 2, 6]"
49015,competitive,32,384,author_pivot_voi,1,5,352.0,9.56003959288223,3.378173561237986,batch,"[0, 1, 2, 3, 4]"
49015,competitive,32,,all_hf_reference,1,8,544.0,9.56003959288223,3.378173561237986,all,"[0, 1, 2, 3, 4, 5, 6, 7]"
49016,cooperative,4,96,pivot_kg,2,2,76.0,-0.5186844582402443,2.0771313984366486,budget_exhausted,"[0, 1]"
49016,cooperative,4,96,pivot_kg_stop,2,2,76.0,-0.5186844582402443,2.0771313984366486,budget_exhausted,"[0, 1]"
49016,cooperative,4,96,uniform_v2,0,2,76.0,-2.4950854858222513,4.053532426018656,budget_exhausted,"[6, 3]"
49016,cooperative,4,96,ivr_v2,1,2,76.0,-3.3063545349630203,4.864801475159425,budget_exhausted,"[0, 7]"
49016,cooperative,4,96,lucb_v2,2,2,76.0,-0.5186844582402443,2.0771313984366486,budget_exhausted,"[0, 1]"
49016,cooperative,4,,no_hf_v2,0,0,0.0,-2.4950854858222513,4.053532426018656,no_hf_method,[]
49016,cooperative,4,,proxy_only,0,0,0.0,-2.4950854858222513,4.053532426018656,no_hf_method,[]
49016,cooperative,4,96,author_random_hf,0,2,76.0,-2.4950854858222513,4.053532426018656,batch,"[2, 4]"
49016,cooperative,4,96,author_paired_lucb,2,2,76.0,-0.5186844582402443,2.0771313984366486,batch,"[0, 1]"
49016,cooperative,4,96,author_global_voi,0,2,76.0,-2.4950854858222513,4.053532426018656,batch,"[3, 4]"
49016,cooperative,4,96,author_pivot_voi,2,2,76.0,-0.5186844582402443,2.0771313984366486,batch,"[0, 1]"
49016,cooperative,4,192,pivot_kg,1,5,184.0,-3.3063545349630203,4.864801475159425,budget_exhausted,"[0, 1, 2, 5, 3]"
49016,cooperative,4,192,pivot_kg_stop,1,5,184.0,-3.3063545349630203,4.864801475159425,budget_exhausted,"[0, 1, 2, 5, 3]"
49016,cooperative,4,192,uniform_v2,0,5,184.0,-2.4950854858222513,4.053532426018656,budget_exhausted,"[6, 3, 1, 2, 4]"
49016,cooperative,4,192,ivr_v2,1,5,184.0,-3.3063545349630203,4.864801475159425,budget_exhausted,"[0, 7, 1, 5, 2]"
49016,cooperative,4,192,lucb_v2,1,5,184.0,-3.3063545349630203,4.864801475159425,budget_exhausted,"[0, 1, 2, 7, 6]"
49016,cooperative,4,192,author_random_hf,0,5,184.0,-2.4950854858222513,4.053532426018656,batch,"[2, 4, 1, 7, 3]"
49016,cooperative,4,192,author_paired_lucb,2,5,184.0,-0.5186844582402443,2.0771313984366486,batch,"[0, 1, 2, 3, 4]"
49016,cooperative,4,192,author_global_voi,0,5,184.0,-2.4950854858222513,4.053532426018656,batch,"[3, 4, 2, 5, 1]"
49016,cooperative,4,192,author_pivot_voi,2,5,184.0,-0.5186844582402443,2.0771313984366486,batch,"[0, 1, 2, 3, 4]"
49016,cooperative,4,384,pivot_kg,1,8,292.0,-3.3063545349630203,4.864801475159425,budget_exhausted,"[0, 1, 2, 5, 3, 4, 7, 6]"
49016,cooperative,4,384,pivot_kg_stop,1,8,292.0,-3.3063545349630203,4.864801475159425,budget_exhausted,"[0, 1, 2, 5, 3, 4, 7, 6]"
49016,cooperative,4,384,uniform_v2,1,8,292.0,-3.3063545349630203,4.864801475159425,budget_exhausted,"[6, 3, 1, 2, 4, 7, 5, 0]"
49016,cooperative,4,384,ivr_v2,1,8,292.0,-3.3063545349630203,4.864801475159425,budget_exhausted,"[0, 7, 1, 5, 2, 6, 4, 3]"
49016,cooperative,4,384,lucb_v2,1,8,292.0,-3.3063545349630203,4.864801475159425,budget_exhausted,"[0, 1, 2, 7, 6, 5, 4, 3]"
49016,cooperative,4,384,author_random_hf,2,8,292.0,-0.5186844582402443,2.0771313984366486,batch,"[2, 4, 1, 7, 3, 5, 0, 6]"
49016,cooperative,4,384,author_paired_lucb,2,8,292.0,-0.5186844582402443,2.0771313984366486,batch,"[0, 1, 2, 3, 4, 5, 6, 7]"
49016,cooperative,4,384,author_global_voi,2,8,292.0,-0.5186844582402443,2.0771313984366486,batch,"[3, 4, 2, 5, 1, 6, 0, 7]"
49016,cooperative,4,384,author_pivot_voi,2,8,292.0,-0.5186844582402443,2.0771313984366486,batch,"[0, 1, 2, 3, 4, 5, 6, 7]"
49016,cooperative,4,,all_hf_reference,2,8,292.0,-0.5186844582402443,2.0771313984366486,all,"[0, 1, 2, 3, 4, 5, 6, 7]"
49016,cooperative,32,96,pivot_kg,7,1,96.0,22.176112186268554,0.0,budget_exhausted,[7]
49016,cooperative,32,96,pivot_kg_stop,7,1,96.0,22.176112186268554,0.0,budget_exhausted,[7]
49016,cooperative,32,96,uniform_v2,0,1,96.0,-8.107478429788056,30.28359061605661,budget_exhausted,[6]
49016,cooperative,32,96,ivr_v2,7,1,96.0,22.176112186268554,0.0,budget_exhausted,[7]
49016,cooperative,32,96,lucb_v2,7,1,96.0,22.176112186268554,0.0,budget_exhausted,[7]
49016,cooperative,32,,no_hf_v2,0,0,0.0,-8.107478429788056,30.28359061605661,no_hf_method,[]
49016,cooperative,32,,proxy_only,0,0,0.0,-8.107478429788056,30.28359061605661,no_hf_method,[]
49016,cooperative,32,96,author_random_hf,0,1,96.0,-8.107478429788056,30.28359061605661,batch,[2]
49016,cooperative,32,96,author_paired_lucb,1,1,96.0,-7.512581131921383,29.688693318189937,batch,[0]
49016,cooperative,32,96,author_global_voi,0,1,96.0,-8.107478429788056,30.28359061605661,batch,[3]
49016,cooperative,32,96,author_pivot_voi,1,1,96.0,-7.512581131921383,29.688693318189937,batch,[0]
49016,cooperative,32,192,pivot_kg,7,2,160.0,22.176112186268554,0.0,budget_exhausted,"[7, 6]"
49016,cooperative,32,192,pivot_kg_stop,7,2,160.0,22.176112186268554,0.0,budget_exhausted,"[7, 6]"
49016,cooperative,32,192,uniform_v2,0,2,160.0,-8.107478429788056,30.28359061605661,budget_exhausted,"[6, 3]"
49016,cooperative,32,192,ivr_v2,7,2,160.0,22.176112186268554,0.0,budget_exhausted,"[7, 6]"
49016,cooperative,32,192,lucb_v2,7,2,160.0,22.176112186268554,0.0,budget_exhausted,"[7, 6]"
49016,cooperative,32,192,author_random_hf,0,2,160.0,-8.107478429788056,30.28359061605661,batch,"[2, 4]"
49016,cooperative,32,192,author_paired_lucb,2,2,160.0,-2.8711484439886092,25.047260630257163,batch,"[0, 1]"
49016,cooperative,32,192,author_global_voi,0,2,160.0,-8.107478429788056,30.28359061605661,batch,"[3, 4]"
49016,cooperative,32,192,author_pivot_voi,2,2,160.0,-2.8711484439886092,25.047260630257163,batch,"[0, 1]"
49016,cooperative,32,384,pivot_kg,7,5,352.0,22.176112186268554,0.0,budget_exhausted,"[7, 6, 0, 5, 1]"
49016,cooperative,32,384,pivot_kg_stop,7,5,352.0,22.176112186268554,0.0,budget_exhausted,"[7, 6, 0, 5, 1]"
49016,cooperative,32,384,uniform_v2,7,5,352.0,22.176112186268554,0.0,budget_exhausted,"[6, 3, 1, 2, 4]"
49016,cooperative,32,384,ivr_v2,7,5,352.0,22.176112186268554,0.0,budget_exhausted,"[7, 6, 0, 1, 5]"
49016,cooperative,32,384,lucb_v2,7,5,352.0,22.176112186268554,0.0,budget_exhausted,"[7, 6, 0, 5, 1]"
49016,cooperative,32,384,author_random_hf,7,5,352.0,22.176112186268554,0.0,batch,"[2, 4, 1, 7, 3]"
49016,cooperative,32,384,author_paired_lucb,4,5,352.0,1.9736030072408965,20.202509179027658,batch,"[0, 1, 2, 3, 4]"
49016,cooperative,32,384,author_global_voi,0,5,352.0,-8.107478429788056,30.28359061605661,batch,"[3, 4, 2, 5, 1]"
49016,cooperative,32,384,author_pivot_voi,4,5,352.0,1.9736030072408965,20.202509179027658,batch,"[0, 1, 2, 3, 4]"
49016,cooperative,32,,all_hf_reference,7,8,544.0,22.176112186268554,0.0,all,"[0, 1, 2, 3, 4, 5, 6, 7]"
49017,competitive,4,96,pivot_kg,7,2,76.0,-4.00911368204973,8.538131813128118,budget_exhausted,"[0, 7]"
49017,competitive,4,96,pivot_kg_stop,7,2,76.0,-4.00911368204973,8.538131813128118,budget_exhausted,"[0, 7]"
49017,competitive,4,96,uniform_v2,0,2,76.0,4.529018131078388,0.0,budget_exhausted,"[1, 3]"
49017,competitive,4,96,ivr_v2,7,2,76.0,-4.00911368204973,8.538131813128118,budget_exhausted,"[0, 7]"
49017,competitive,4,96,lucb_v2,1,2,76.0,3.6644630946812953,0.8645550363970926,budget_exhausted,"[0, 1]"
49017,competitive,4,,no_hf_v2,7,0,0.0,-4.00911368204973,8.538131813128118,no_hf_method,[]
49017,competitive,4,,proxy_only,7,0,0.0,-4.00911368204973,8.538131813128118,no_hf_method,[]
49017,competitive,4,96,author_random_hf,1,2,76.0,3.6644630946812953,0.8645550363970926,batch,"[1, 5]"
49017,competitive,4,96,author_paired_lucb,7,2,76.0,-4.00911368204973,8.538131813128118,batch,"[7, 6]"
49017,competitive,4,96,author_global_voi,3,2,76.0,1.9353530218870816,2.5936651091913063,batch,"[3, 4]"
49017,competitive,4,96,author_pivot_voi,7,2,76.0,-4.00911368204973,8.538131813128118,batch,"[5, 4]"
49017,competitive,4,192,pivot_kg,1,5,184.0,3.6644630946812953,0.8645550363970926,budget_exhausted,"[0, 7, 1, 2, 5]"
49017,competitive,4,192,pivot_kg_stop,1,5,184.0,3.6644630946812953,0.8645550363970926,budget_exhausted,"[0, 7, 1, 2, 5]"
49017,competitive,4,192,uniform_v2,1,5,184.0,3.6644630946812953,0.8645550363970926,budget_exhausted,"[1, 3, 0, 2, 6]"
49017,competitive,4,192,ivr_v2,1,5,184.0,3.6644630946812953,0.8645550363970926,budget_exhausted,"[0, 7, 1, 5, 2]"
49017,competitive,4,192,lucb_v2,1,5,184.0,3.6644630946812953,0.8645550363970926,budget_exhausted,"[0, 1, 7, 6, 5]"
49017,competitive,4,192,author_random_hf,1,5,184.0,3.6644630946812953,0.8645550363970926,batch,"[1, 5, 6, 2, 7]"
49017,competitive,4,192,author_paired_lucb,3,5,184.0,1.9353530218870816,2.5936651091913063,batch,"[7, 6, 5, 4, 3]"
49017,competitive,4,192,author_global_voi,1,5,184.0,3.6644630946812953,0.8645550363970926,batch,"[3, 4, 2, 5, 1]"
49017,competitive,4,192,author_pivot_voi,1,5,184.0,3.6644630946812953,0.8645550363970926,batch,"[5, 4, 1, 7, 3]"
49017,competitive,4,384,pivot_kg,1,8,292.0,3.6644630946812953,0.8645550363970926,budget_exhausted,"[0, 7, 1, 2, 5, 3, 6, 4]"
49017,competitive,4,384,pivot_kg_stop,1,8,292.0,3.6644630946812953,0.8645550363970926,budget_exhausted,"[0, 7, 1, 2, 5, 3, 6, 4]"
49017,competitive,4,384,uniform_v2,1,8,292.0,3.6644630946812953,0.8645550363970926,budget_exhausted,"[1, 3, 0, 2, 6, 5, 7, 4]"
49017,competitive,4,384,ivr_v2,1,8,292.0,3.6644630946812953,0.8645550363970926,budget_exhausted,"[0, 7, 1, 5, 2, 6, 4, 3]"
49017,competitive,4,384,lucb_v2,1,8,292.0,3.6644630946812953,0.8645550363970926,budget_exhausted,"[0, 1, 7, 6, 5, 2, 4, 3]"
49017,competitive,4,384,author_random_hf,1,8,292.0,3.6644630946812953,0.8645550363970926,batch,"[1, 5, 6, 2, 7, 4, 0, 3]"
49017,competitive,4,384,author_paired_lucb,1,8,292.0,3.6644630946812953,0.8645550363970926,batch,"[7, 6, 5, 4, 3, 2, 1, 0]"
49017,competitive,4,384,author_global_voi,1,8,292.0,3.6644630946812953,0.8645550363970926,batch,"[3, 4, 2, 5, 1, 6, 0, 7]"
49017,competitive,4,384,author_pivot_voi,1,8,292.0,3.6644630946812953,0.8645550363970926,batch,"[5, 4, 1, 7, 3, 6, 2, 0]"
49017,competitive,4,,all_hf_reference,1,8,292.0,3.6644630946812953,0.8645550363970926,all,"[0, 1, 2, 3, 4, 5, 6, 7]"
49017,competitive,32,96,pivot_kg,0,1,96.0,10.404908528597563,0.0,budget_exhausted,[7]
49017,competitive,32,96,pivot_kg_stop,0,1,96.0,10.404908528597563,0.0,budget_exhausted,[7]
49017,competitive,32,96,uniform_v2,1,1,96.0,8.495573217888605,1.9093353107089577,budget_exhausted,[1]
49017,competitive,32,96,ivr_v2,0,1,96.0,10.404908528597563,0.0,budget_exhausted,[7]
49017,competitive,32,96,lucb_v2,0,1,96.0,10.404908528597563,0.0,budget_exhausted,[7]
49017,competitive,32,,no_hf_v2,7,0,0.0,-18.462124936631856,28.86703346522942,no_hf_method,[]
49017,competitive,32,,proxy_only,7,0,0.0,-18.462124936631856,28.86703346522942,no_hf_method,[]
49017,competitive,32,96,author_random_hf,1,1,96.0,8.495573217888605,1.9093353107089577,batch,[1]
49017,competitive,32,96,author_paired_lucb,6,1,96.0,-12.869543395206822,23.274451923804385,batch,[7]
49017,competitive,32,96,author_global_voi,7,1,96.0,-18.462124936631856,28.86703346522942,batch,[3]
49017,competitive,32,96,author_pivot_voi,0,1,96.0,10.404908528597563,0.0,batch,[0]
49017,competitive,32,192,pivot_kg,1,2,160.0,8.495573217888605,1.9093353107089577,budget_exhausted,"[7, 0]"
49017,competitive,32,192,pivot_kg_stop,1,2,160.0,8.495573217888605,1.9093353107089577,budget_exhausted,"[7, 0]"
49017,competitive,32,192,uniform_v2,0,2,160.0,10.404908528597563,0.0,budget_exhausted,"[1, 3]"
49017,competitive,32,192,ivr_v2,0,2,160.0,10.404908528597563,0.0,budget_exhausted,"[7, 6]"
49017,competitive,32,192,lucb_v2,1,2,160.0,8.495573217888605,1.9093353107089577,budget_exhausted,"[7, 0]"
49017,competitive,32,192,author_random_hf,1,2,160.0,8.495573217888605,1.9093353107089577,batch,"[1, 5]"
49017,competitive,32,192,author_paired_lucb,5,2,160.0,-6.783071632577101,17.187980161174664,batch,"[7, 6]"
49017,competitive,32,192,author_global_voi,7,2,160.0,-18.462124936631856,28.86703346522942,batch,"[3, 4]"
49017,competitive,32,192,author_pivot_voi,1,2,160.0,8.495573217888605,1.9093353107089577,batch,"[0, 1]"
49017,competitive,32,384,pivot_kg,1,5,352.0,8.495573217888605,1.9093353107089577,budget_exhausted,"[7, 0, 1, 6, 2]"
49017,competitive,32,384,pivot_kg_stop,1,5,352.0,8.495573217888605,1.9093353107089577,budget_exhausted,"[7, 0, 1, 6, 2]"
49017,competitive,32,384,uniform_v2,1,5,352.0,8.495573217888605,1.9093353107089577,budget_exhausted,"[1, 3, 0, 2, 6]"
49017,competitive,32,384,ivr_v2,1,5,352.0,8.495573217888605,1.9093353107089577,budget_exhausted,"[7, 6, 0, 1, 5]"
49017,competitive,32,384,lucb_v2,1,5,352.0,8.495573217888605,1.9093353107089577,budget_exhausted,"[7, 0, 6, 1, 2]"
49017,competitive,32,384,author_random_hf,1,5,352.0,8.495573217888605,1.9093353107089577,batch,"[1, 5, 6, 2, 7]"
49017,competitive,32,384,author_paired_lucb,0,5,352.0,10.404908528597563,0.0,batch,"[7, 6, 5, 4, 0]"
49017,competitive,32,384,author_global_voi,1,5,352.0,8.495573217888605,1.9093353107089577,batch,"[3, 4, 2, 5, 1]"
49017,competitive,32,384,author_pivot_voi,1,5,352.0,8.495573217888605,1.9093353107089577,batch,"[0, 1, 2, 3, 4]"
49017,competitive,32,,all_hf_reference,1,8,544.0,8.495573217888605,1.9093353107089577,all,"[0, 1, 2, 3, 4, 5, 6, 7]"
49018,cooperative,4,96,pivot_kg,2,2,76.0,-1.368555583090739,1.9743707761196774,budget_exhausted,"[0, 1]"
49018,cooperative,4,96,pivot_kg_stop,2,2,76.0,-1.368555583090739,1.9743707761196774,budget_exhausted,"[0, 1]"
49018,cooperative,4,96,uniform_v2,0,2,76.0,-1.493234106155029,2.0990492991839673,budget_exhausted,"[1, 2]"
49018,cooperative,4,96,ivr_v2,2,2,76.0,-1.368555583090739,1.9743707761196774,budget_exhausted,"[0, 7]"
49018,cooperative,4,96,lucb_v2,2,2,76.0,-1.368555583090739,1.9743707761196774,budget_exhausted,"[0, 1]"
49018,cooperative,4,,no_hf_v2,0,0,0.0,-1.493234106155029,2.0990492991839673,no_hf_method,[]
49018,cooperative,4,,proxy_only,0,0,0.0,-1.493234106155029,2.0990492991839673,no_hf_method,[]
49018,cooperative,4,96,author_random_hf,0,2,76.0,-1.493234106155029,2.0990492991839673,batch,"[5, 2]"
49018,cooperative,4,96,author_paired_lucb,2,2,76.0,-1.368555583090739,1.9743707761196774,batch,"[0, 1]"
49018,cooperative,4,96,author_global_voi,0,2,76.0,-1.493234106155029,2.0990492991839673,batch,"[3, 4]"
49018,cooperative,4,96,author_pivot_voi,2,2,76.0,-1.368555583090739,1.9743707761196774,batch,"[0, 1]"
49018,cooperative,4,192,pivot_kg,7,5,184.0,-1.472692822501628,2.0785080155305664,budget_exhausted,"[0, 1, 7, 2, 5]"
49018,cooperative,4,192,pivot_kg_stop,7,5,184.0,-1.472692822501628,2.0785080155305664,budget_exhausted,"[0, 1, 7, 2, 5]"
49018,cooperative,4,192,uniform_v2,6,5,184.0,0.6058151930289384,0.0,budget_exhausted,"[1, 2, 7, 6, 0]"
49018,cooperative,4,192,ivr_v2,7,5,184.0,-1.472692822501628,2.0785080155305664,budget_exhausted,"[0, 7, 1, 5, 2]"
49018,cooperative,4,192,lucb_v2,6,5,184.0,0.6058151930289384,0.0,budget_exhausted,"[0, 1, 7, 6, 5]"
49018,cooperative,4,192,author_random_hf,2,5,184.0,-1.368555583090739,1.9743707761196774,batch,"[5, 2, 1, 3, 0]"
49018,cooperative,4,192,author_paired_lucb,4,5,184.0,0.16522232537152348,0.4405928676574149,batch,"[0, 1, 2, 3, 4]"
49018,cooperative,4,192,author_global_voi,0,5,184.0,-1.493234106155029,2.0990492991839673,batch,"[3, 4, 2, 5, 1]"
49018,cooperative,4,192,author_pivot_voi,4,5,184.0,0.16522232537152348,0.4405928676574149,batch,"[0, 1, 2, 3, 4]"
49018,cooperative,4,384,pivot_kg,6,8,292.0,0.6058151930289384,0.0,budget_exhausted,"[0, 1, 7, 2, 5, 3, 6, 4]"
49018,cooperative,4,384,pivot_kg_stop,6,8,292.0,0.6058151930289384,0.0,budget_exhausted,"[0, 1, 7, 2, 5, 3, 6, 4]"
49018,cooperative,4,384,uniform_v2,6,8,292.0,0.6058151930289384,0.0,budget_exhausted,"[1, 2, 7, 6, 0, 5, 4, 3]"
49018,cooperative,4,384,ivr_v2,6,8,292.0,0.6058151930289384,0.0,budget_exhausted,"[0, 7, 1, 5, 2, 6, 4, 3]"
49018,cooperative,4,384,lucb_v2,6,8,292.0,0.6058151930289384,0.0,budget_exhausted,"[0, 1, 7, 6, 5, 2, 4, 3]"
49018,cooperative,4,384,author_random_hf,6,8,292.0,0.6058151930289384,0.0,batch,"[5, 2, 1, 3, 0, 6, 4, 7]"
49018,cooperative,4,384,author_paired_lucb,6,8,292.0,0.6058151930289384,0.0,batch,"[0, 1, 2, 3, 4, 5, 6, 7]"
49018,cooperative,4,384,author_global_voi,6,8,292.0,0.6058151930289384,0.0,batch,"[3, 4, 2, 5, 1, 6, 0, 7]"
49018,cooperative,4,384,author_pivot_voi,6,8,292.0,0.6058151930289384,0.0,batch,"[0, 1, 2, 3, 4, 5, 6, 7]"
49018,cooperative,4,,all_hf_reference,6,8,292.0,0.6058151930289384,0.0,all,"[0, 1, 2, 3, 4, 5, 6, 7]"
49018,cooperative,32,96,pivot_kg,7,1,96.0,10.249140882530774,0.0,budget_exhausted,[7]
49018,cooperative,32,96,pivot_kg_stop,7,1,96.0,10.249140882530774,0.0,budget_exhausted,[7]
49018,cooperative,32,96,uniform_v2,7,1,96.0,10.249140882530774,0.0,budget_exhausted,[1]
49018,cooperative,32,96,ivr_v2,7,1,96.0,10.249140882530774,0.0,budget_exhausted,[7]
49018,cooperative,32,96,lucb_v2,7,1,96.0,10.249140882530774,0.0,budget_exhausted,[7]
49018,cooperative,32,,no_hf_v2,0,0,0.0,-8.11851166768006,18.367652550210835,no_hf_method,[]
49018,cooperative,32,,proxy_only,0,0,0.0,-8.11851166768006,18.367652550210835,no_hf_method,[]
49018,cooperative,32,96,author_random_hf,5,1,96.0,7.8799149016626515,2.369225980868123,batch,[5]
49018,cooperative,32,96,author_paired_lucb,1,1,96.0,-9.060259234579327,19.3094001171101,batch,[0]
49018,cooperative,32,96,author_global_voi,0,1,96.0,-8.11851166768006,18.367652550210835,batch,[3]
49018,cooperative,32,96,author_pivot_voi,1,1,96.0,-9.060259234579327,19.3094001171101,batch,[0]
49018,cooperative,32,192,pivot_kg,7,2,160.0,10.249140882530774,0.0,budget_exhausted,"[7, 6]"
49018,cooperative,32,192,pivot_kg_stop,7,2,160.0,10.249140882530774,0.0,budget_exhausted,"[7, 6]"
49018,cooperative,32,192,uniform_v2,7,2,160.0,10.249140882530774,0.0,budget_exhausted,"[1, 2]"
49018,cooperative,32,192,ivr_v2,7,2,160.0,10.249140882530774,0.0,budget_exhausted,"[7, 6]"
49018,cooperative,32,192,lucb_v2,7,2,160.0,10.249140882530774,0.0,budget_exhausted,"[7, 6]"
49018,cooperative,32,192,author_random_hf,5,2,160.0,7.8799149016626515,2.369225980868123,batch,"[5, 2]"
49018,cooperative,32,192,author_paired_lucb,2,2,160.0,-10.810324266128632,21.059465148659406,batch,"[0, 1]"
49018,cooperative,32,192,author_global_voi,4,2,160.0,6.928599951086362,3.3205409314444125,batch,"[3, 4]"
49018,cooperative,32,192,author_pivot_voi,2,2,160.0,-10.810324266128632,21.059465148659406,batch,"[0, 1]"
49018,cooperative,32,384,pivot_kg,7,5,352.0,10.249140882530774,0.0,budget_exhausted,"[7, 6, 0, 5, 1]"
49018,cooperative,32,384,pivot_kg_stop,7,5,352.0,10.249140882530774,0.0,budget_exhausted,"[7, 6, 0, 5, 1]"
49018,cooperative,32,384,uniform_v2,7,5,352.0,10.249140882530774,0.0,budget_exhausted,"[1, 2, 7, 6, 0]"
49018,cooperative,32,384,ivr_v2,7,5,352.0,10.249140882530774,0.0,budget_exhausted,"[7, 6, 0, 1, 5]"
49018,cooperative,32,384,lucb_v2,7,5,352.0,10.249140882530774,0.0,budget_exhausted,"[7, 6, 0, 1, 5]"
49018,cooperative,32,384,author_random_hf,5,5,352.0,7.8799149016626515,2.369225980868123,batch,"[5, 2, 1, 3, 0]"
49018,cooperative,32,384,author_paired_lucb,4,5,352.0,6.928599951086362,3.3205409314444125,batch,"[0, 1, 2, 3, 4]"
49018,cooperative,32,384,author_global_voi,5,5,352.0,7.8799149016626515,2.369225980868123,batch,"[3, 4, 2, 5, 1]"
49018,cooperative,32,384,author_pivot_voi,4,5,352.0,6.928599951086362,3.3205409314444125,batch,"[0, 1, 2, 3, 4]"
49018,cooperative,32,,all_hf_reference,7,8,544.0,10.249140882530774,0.0,all,"[0, 1, 2, 3, 4, 5, 6, 7]"
49019,competitive,4,96,pivot_kg,0,2,76.0,4.778856051949717,0.0,budget_exhausted,"[0, 1]"
49019,competitive,4,96,pivot_kg_stop,0,2,76.0,4.778856051949717,0.0,budget_exhausted,"[0, 1]"
49019,competitive,4,96,uniform_v2,0,2,76.0,4.778856051949717,0.0,budget_exhausted,"[2, 5]"
49019,competitive,4,96,ivr_v2,0,2,76.0,4.778856051949717,0.0,budget_exhausted,"[0, 7]"
49019,competitive,4,96,lucb_v2,0,2,76.0,4.778856051949717,0.0,budget_exhausted,"[0, 1]"
49019,competitive,4,,no_hf_v2,0,0,0.0,4.778856051949717,0.0,no_hf_method,[]
49019,competitive,4,,proxy_only,7,0,0.0,-3.368765273136283,8.147621325086,no_hf_method,[]
49019,competitive,4,96,author_random_hf,1,2,76.0,3.751913240459217,1.0269428114904997,batch,"[3, 1]"
49019,competitive,4,96,author_paired_lucb,0,2,76.0,4.778856051949717,0.0,batch,"[0, 1]"
49019,competitive,4,96,author_global_voi,3,2,76.0,2.846203991992404,1.932652059957313,batch,"[3, 4]"
49019,competitive,4,96,author_pivot_voi,0,2,76.0,4.778856051949717,0.0,batch,"[0, 1]"
49019,competitive,4,192,pivot_kg,0,5,184.0,4.778856051949717,0.0,budget_exhausted,"[0, 1, 7, 2, 5]"
49019,competitive,4,192,pivot_kg_stop,0,5,184.0,4.778856051949717,0.0,budget_exhausted,"[0, 1, 7, 2, 5]"
49019,competitive,4,192,uniform_v2,0,5,184.0,4.778856051949717,0.0,budget_exhausted,"[2, 5, 4, 0, 1]"
49019,competitive,4,192,ivr_v2,0,5,184.0,4.778856051949717,0.0,budget_exhausted,"[0, 7, 1, 5, 2]"
49019,competitive,4,192,lucb_v2,0,5,184.0,4.778856051949717,0.0,budget_exhausted,"[0, 1, 7, 6, 5]"
49019,competitive,4,192,author_random_hf,1,5,184.0,3.751913240459217,1.0269428114904997,batch,"[3, 1, 4, 2, 6]"
49019,competitive,4,192,author_paired_lucb,0,5,184.0,4.778856051949717,0.0,batch,"[0, 1, 2, 3, 4]"
49019,competitive,4,192,author_global_voi,1,5,184.0,3.751913240459217,1.0269428114904997,batch,"[3, 4, 5, 2, 1]"
49019,competitive,4,192,author_pivot_voi,0,5,184.0,4.778856051949717,0.0,batch,"[0, 1, 5, 3, 4]"
49019,competitive,4,384,pivot_kg,0,8,292.0,4.778856051949717,0.0,budget_exhausted,"[0, 1, 7, 2, 5, 3, 6, 4]"
49019,competitive,4,384,pivot_kg_stop,0,8,292.0,4.778856051949717,0.0,budget_exhausted,"[0, 1, 7, 2, 5, 3, 6, 4]"
49019,competitive,4,384,uniform_v2,0,8,292.0,4.778856051949717,0.0,budget_exhausted,"[2, 5, 4, 0, 1, 3, 6, 7]"
49019,competitive,4,384,ivr_v2,0,8,292.0,4.778856051949717,0.0,budget_exhausted,"[0, 7, 1, 5, 2, 6, 4, 3]"
49019,competitive,4,384,lucb_v2,0,8,292.0,4.778856051949717,0.0,budget_exhausted,"[0, 1, 7, 6, 5, 2, 4, 3]"
49019,competitive,4,384,author_random_hf,0,8,292.0,4.778856051949717,0.0,batch,"[3, 1, 4, 2, 6, 7, 0, 5]"
49019,competitive,4,384,author_paired_lucb,0,8,292.0,4.778856051949717,0.0,batch,"[0, 1, 2, 3, 4, 5, 6, 7]"
49019,competitive,4,384,author_global_voi,0,8,292.0,4.778856051949717,0.0,batch,"[3, 4, 5, 2, 1, 6, 0, 7]"
49019,competitive,4,384,author_pivot_voi,0,8,292.0,4.778856051949717,0.0,batch,"[0, 1, 5, 3, 4, 2, 6, 7]"
49019,competitive,4,,all_hf_reference,0,8,292.0,4.778856051949717,0.0,all,"[0, 1, 2, 3, 4, 5, 6, 7]"
49019,competitive,32,96,pivot_kg,0,1,96.0,14.131245537013886,0.0,budget_exhausted,[7]
49019,competitive,32,96,pivot_kg_stop,0,1,96.0,14.131245537013886,0.0,budget_exhausted,[7]
49019,competitive,32,96,uniform_v2,0,1,96.0,14.131245537013886,0.0,budget_exhausted,[2]
49019,competitive,32,96,ivr_v2,0,1,96.0,14.131245537013886,0.0,budget_exhausted,[7]
49019,competitive,32,96,lucb_v2,0,1,96.0,14.131245537013886,0.0,budget_exhausted,[7]
49019,competitive,32,,no_hf_v2,0,0,0.0,14.131245537013886,0.0,no_hf_method,[]
49019,competitive,32,,proxy_only,7,0,0.0,-12.860527036442896,26.99177257345678,no_hf_method,[]
49019,competitive,32,96,author_random_hf,3,1,96.0,2.635800509863241,11.495445027150645,batch,[3]
49019,competitive,32,96,author_paired_lucb,0,1,96.0,14.131245537013886,0.0,batch,[0]
49019,competitive,32,96,author_global_voi,3,1,96.0,2.635800509863241,11.495445027150645,batch,[3]
49019,competitive,32,96,author_pivot_voi,0,1,96.0,14.131245537013886,0.0,batch,[0]
49019,competitive,32,192,pivot_kg,0,2,160.0,14.131245537013886,0.0,budget_exhausted,"[7, 0]"
49019,competitive,32,192,pivot_kg_stop,0,2,160.0,14.131245537013886,0.0,budget_exhausted,"[7, 0]"
49019,competitive,32,192,uniform_v2,0,2,160.0,14.131245537013886,0.0,budget_exhausted,"[2, 5]"
49019,competitive,32,192,ivr_v2,0,2,160.0,14.131245537013886,0.0,budget_exhausted,"[7, 6]"
49019,competitive,32,192,lucb_v2,0,2,160.0,14.131245537013886,0.0,budget_exhausted,"[7, 0]"
49019,competitive,32,192,author_random_hf,1,2,160.0,10.418023942290453,3.713221594723432,batch,"[3, 1]"
49019,competitive,32,192,author_paired_lucb,0,2,160.0,14.131245537013886,0.0,batch,"[0, 7]"
49019,competitive,32,192,author_global_voi,3,2,160.0,2.635800509863241,11.495445027150645,batch,"[3, 4]"
49019,competitive,32,192,author_pivot_voi,0,2,160.0,14.131245537013886,0.0,batch,"[0, 1]"
49019,competitive,32,384,pivot_kg,0,5,352.0,14.131245537013886,0.0,budget_exhausted,"[7, 0, 1, 6, 2]"
49019,competitive,32,384,pivot_kg_stop,0,5,352.0,14.131245537013886,0.0,budget_exhausted,"[7, 0, 1, 6, 2]"
49019,competitive,32,384,uniform_v2,0,5,352.0,14.131245537013886,0.0,budget_exhausted,"[2, 5, 4, 0, 1]"
49019,competitive,32,384,ivr_v2,0,5,352.0,14.131245537013886,0.0,budget_exhausted,"[7, 6, 0, 1, 5]"
49019,competitive,32,384,lucb_v2,0,5,352.0,14.131245537013886,0.0,budget_exhausted,"[7, 0, 1, 6, 5]"
49019,competitive,32,384,author_random_hf,1,5,352.0,10.418023942290453,3.713221594723432,batch,"[3, 1, 4, 2, 6]"
49019,competitive,32,384,author_paired_lucb,0,5,352.0,14.131245537013886,0.0,batch,"[0, 7, 1, 6, 2]"
49019,competitive,32,384,author_global_voi,1,5,352.0,10.418023942290453,3.713221594723432,batch,"[3, 4, 5, 2, 1]"
49019,competitive,32,384,author_pivot_voi,0,5,352.0,14.131245537013886,0.0,batch,"[0, 1, 3, 2, 6]"
49019,competitive,32,,all_hf_reference,0,8,544.0,14.131245537013886,0.0,all,"[0, 1, 2, 3, 4, 5, 6, 7]"
49020,cooperative,4,96,pivot_kg,0,2,76.0,5.163513317487002,0.0,budget_exhausted,"[0, 1]"
49020,cooperative,4,96,pivot_kg_stop,0,2,76.0,5.163513317487002,0.0,budget_exhausted,"[0, 1]"
49020,cooperative,4,96,uniform_v2,5,2,76.0,0.3583510659850262,4.805162251501976,budget_exhausted,"[5, 3]"
49020,cooperative,4,96,ivr_v2,0,2,76.0,5.163513317487002,0.0,budget_exhausted,"[0, 7]"
49020,cooperative,4,96,lucb_v2,0,2,76.0,5.163513317487002,0.0,budget_exhausted,"[0, 1]"
49020,cooperative,4,,no_hf_v2,0,0,0.0,5.163513317487002,0.0,no_hf_method,[]
49020,cooperative,4,,proxy_only,0,0,0.0,5.163513317487002,0.0,no_hf_method,[]
49020,cooperative,4,96,author_random_hf,0,2,76.0,5.163513317487002,0.0,batch,"[3, 0]"
49020,cooperative,4,96,author_paired_lucb,0,2,76.0,5.163513317487002,0.0,batch,"[0, 1]"
49020,cooperative,4,96,author_global_voi,0,2,76.0,5.163513317487002,0.0,batch,"[4, 3]"
49020,cooperative,4,96,author_pivot_voi,0,2,76.0,5.163513317487002,0.0,batch,"[0, 1]"
49020,cooperative,4,192,pivot_kg,0,5,184.0,5.163513317487002,0.0,budget_exhausted,"[0, 1, 2, 7, 5]"
49020,cooperative,4,192,pivot_kg_stop,0,5,184.0,5.163513317487002,0.0,budget_exhausted,"[0, 1, 2, 7, 5]"
49020,cooperative,4,192,uniform_v2,0,5,184.0,5.163513317487002,0.0,budget_exhausted,"[5, 3, 6, 2, 0]"
49020,cooperative,4,192,ivr_v2,0,5,184.0,5.163513317487002,0.0,budget_exhausted,"[0, 7, 1, 5, 2]"
49020,cooperative,4,192,lucb_v2,0,5,184.0,5.163513317487002,0.0,budget_exhausted,"[0, 1, 7, 6, 5]"
49020,cooperative,4,192,author_random_hf,0,5,184.0,5.163513317487002,0.0,batch,"[3, 0, 6, 7, 5]"
49020,cooperative,4,192,author_paired_lucb,0,5,184.0,5.163513317487002,0.0,batch,"[0, 1, 2, 3, 4]"
49020,cooperative,4,192,author_global_voi,0,5,184.0,5.163513317487002,0.0,batch,"[4, 3, 5, 2, 6]"
49020,cooperative,4,192,author_pivot_voi,0,5,184.0,5.163513317487002,0.0,batch,"[0, 1, 2, 3, 4]"
49020,cooperative,4,384,pivot_kg,0,8,292.0,5.163513317487002,0.0,budget_exhausted,"[0, 1, 2, 7, 5, 6, 4, 3]"
49020,cooperative,4,384,pivot_kg_stop,0,8,292.0,5.163513317487002,0.0,budget_exhausted,"[0, 1, 2, 7, 5, 6, 4, 3]"
49020,cooperative,4,384,uniform_v2,0,8,292.0,5.163513317487002,0.0,budget_exhausted,"[5, 3, 6, 2, 0, 1, 7, 4]"
49020,cooperative,4,384,ivr_v2,0,8,292.0,5.163513317487002,0.0,budget_exhausted,"[0, 7, 1, 5, 2, 6, 4, 3]"
49020,cooperative,4,384,lucb_v2,0,8,292.0,5.163513317487002,0.0,budget_exhausted,"[0, 1, 7, 6, 5, 2, 4, 3]"
49020,cooperative,4,384,author_random_hf,0,8,292.0,5.163513317487002,0.0,batch,"[3, 0, 6, 7, 5, 2, 4, 1]"
49020,cooperative,4,384,author_paired_lucb,0,8,292.0,5.163513317487002,0.0,batch,"[0, 1, 2, 3, 4, 5, 6, 7]"
49020,cooperative,4,384,author_global_voi,0,8,292.0,5.163513317487002,0.0,batch,"[4, 3, 5, 2, 6, 1, 0, 7]"
49020,cooperative,4,384,author_pivot_voi,0,8,292.0,5.163513317487002,0.0,batch,"[0, 1, 2, 3, 4, 5, 6, 7]"
49020,cooperative,4,,all_hf_reference,0,8,292.0,5.163513317487002,0.0,all,"[0, 1, 2, 3, 4, 5, 6, 7]"
49020,cooperative,32,96,pivot_kg,7,1,96.0,4.749522482008842,6.657481181607466,budget_exhausted,[7]
49020,cooperative,32,96,pivot_kg_stop,7,1,96.0,4.749522482008842,6.657481181607466,budget_exhausted,[7]
49020,cooperative,32,96,uniform_v2,7,1,96.0,4.749522482008842,6.657481181607466,budget_exhausted,[5]
49020,cooperative,32,96,ivr_v2,7,1,96.0,4.749522482008842,6.657481181607466,budget_exhausted,[7]
49020,cooperative,32,96,lucb_v2,7,1,96.0,4.749522482008842,6.657481181607466,budget_exhausted,[7]
49020,cooperative,32,,no_hf_v2,0,0,0.0,7.42595443498179,3.981049228634518,no_hf_method,[]
49020,cooperative,32,,proxy_only,0,0,0.0,7.42595443498179,3.981049228634518,no_hf_method,[]
49020,cooperative,32,96,author_random_hf,0,1,96.0,7.42595443498179,3.981049228634518,batch,[3]
49020,cooperative,32,96,author_paired_lucb,0,1,96.0,7.42595443498179,3.981049228634518,batch,[0]
49020,cooperative,32,96,author_global_voi,4,1,96.0,4.523048699764395,6.883954963851913,batch,[4]
49020,cooperative,32,96,author_pivot_voi,0,1,96.0,7.42595443498179,3.981049228634518,batch,[0]
49020,cooperative,32,192,pivot_kg,7,2,160.0,4.749522482008842,6.657481181607466,budget_exhausted,"[7, 6]"
49020,cooperative,32,192,pivot_kg_stop,7,2,160.0,4.749522482008842,6.657481181607466,budget_exhausted,"[7, 6]"
49020,cooperative,32,192,uniform_v2,5,2,160.0,11.407003663616308,0.0,budget_exhausted,"[5, 3]"
49020,cooperative,32,192,ivr_v2,7,2,160.0,4.749522482008842,6.657481181607466,budget_exhausted,"[7, 6]"
49020,cooperative,32,192,lucb_v2,7,2,160.0,4.749522482008842,6.657481181607466,budget_exhausted,"[7, 6]"
49020,cooperative,32,192,author_random_hf,0,2,160.0,7.42595443498179,3.981049228634518,batch,"[3, 0]"
49020,cooperative,32,192,author_paired_lucb,0,2,160.0,7.42595443498179,3.981049228634518,batch,"[0, 1]"
49020,cooperative,32,192,author_global_voi,4,2,160.0,4.523048699764395,6.883954963851913,batch,"[4, 3]"
49020,cooperative,32,192,author_pivot_voi,0,2,160.0,7.42595443498179,3.981049228634518,batch,"[0, 1]"
49020,cooperative,32,384,pivot_kg,5,5,352.0,11.407003663616308,0.0,budget_exhausted,"[7, 6, 0, 5, 1]"
49020,cooperative,32,384,pivot_kg_stop,5,5,352.0,11.407003663616308,0.0,budget_exhausted,"[7, 6, 0, 5, 1]"
49020,cooperative,32,384,uniform_v2,5,5,352.0,11.407003663616308,0.0,budget_exhausted,"[5, 3, 6, 2, 0]"
49020,cooperative,32,384,ivr_v2,5,5,352.0,11.407003663616308,0.0,budget_exhausted,"[7, 6, 0, 1, 5]"
49020,cooperative,32,384,lucb_v2,5,5,352.0,11.407003663616308,0.0,budget_exhausted,"[7, 6, 0, 1, 5]"
49020,cooperative,32,384,author_random_hf,5,5,352.0,11.407003663616308,0.0,batch,"[3, 0, 6, 7, 5]"
49020,cooperative,32,384,author_paired_lucb,4,5,352.0,4.523048699764395,6.883954963851913,batch,"[0, 1, 2, 3, 4]"
49020,cooperative,32,384,author_global_voi,5,5,352.0,11.407003663616308,0.0,batch,"[4, 3, 5, 2, 6]"
49020,cooperative,32,384,author_pivot_voi,4,5,352.0,4.523048699764395,6.883954963851913,batch,"[0, 1, 2, 3, 4]"
49020,cooperative,32,,all_hf_reference,5,8,544.0,11.407003663616308,0.0,all,"[0, 1, 2, 3, 4, 5, 6, 7]"
49021,competitive,4,96,pivot_kg,0,2,76.0,3.1151119072130626,0.0,budget_exhausted,"[0, 7]"
49021,competitive,4,96,pivot_kg_stop,0,2,76.0,3.1151119072130626,0.0,budget_exhausted,"[0, 7]"
49021,competitive,4,96,uniform_v2,7,2,76.0,-6.473394783714689,9.588506690927751,budget_exhausted,"[2, 5]"
49021,competitive,4,96,ivr_v2,0,2,76.0,3.1151119072130626,0.0,budget_exhausted,"[0, 7]"
49021,competitive,4,96,lucb_v2,0,2,76.0,3.1151119072130626,0.0,budget_exhausted,"[0, 1]"
49021,competitive,4,,no_hf_v2,7,0,0.0,-6.473394783714689,9.588506690927751,no_hf_method,[]
49021,competitive,4,,proxy_only,7,0,0.0,-6.473394783714689,9.588506690927751,no_hf_method,[]
49021,competitive,4,96,author_random_hf,7,2,76.0,-6.473394783714689,9.588506690927751,batch,"[2, 6]"
49021,competitive,4,96,author_paired_lucb,5,2,76.0,-1.0956453494653218,4.210757256678384,batch,"[7, 6]"
49021,competitive,4,96,author_global_voi,7,2,76.0,-6.473394783714689,9.588506690927751,batch,"[4, 3]"
49021,competitive,4,96,author_pivot_voi,6,2,76.0,-5.454153113057409,8.569265020270471,batch,"[7, 2]"
49021,competitive,4,192,pivot_kg,0,5,184.0,3.1151119072130626,0.0,budget_exhausted,"[0, 7, 1, 2, 5]"
49021,competitive,4,192,pivot_kg_stop,0,5,184.0,3.1151119072130626,0.0,budget_exhausted,"[0, 7, 1, 2, 5]"
49021,competitive,4,192,uniform_v2,0,5,184.0,3.1151119072130626,0.0,budget_exhausted,"[2, 5, 1, 3, 6]"
49021,competitive,4,192,ivr_v2,0,5,184.0,3.1151119072130626,0.0,budget_exhausted,"[0, 7, 1, 5, 2]"
49021,competitive,4,192,lucb_v2,0,5,184.0,3.1151119072130626,0.0,budget_exhausted,"[0, 1, 7, 6, 5]"
49021,competitive,4,192,author_random_hf,0,5,184.0,3.1151119072130626,0.0,batch,"[2, 6, 0, 7, 1]"
49021,competitive,4,192,author_paired_lucb,3,5,184.0,0.4695622926279981,2.6455496145850645,batch,"[7, 6, 5, 4, 3]"
49021,competitive,4,192,author_global_voi,7,5,184.0,-6.473394783714689,9.588506690927751,batch,"[4, 3, 2, 5, 1]"
49021,competitive,4,192,author_pivot_voi,3,5,184.0,0.4695622926279981,2.6455496145850645,batch,"[7, 2, 3, 5, 4]"
49021,competitive,4,384,pivot_kg,0,8,292.0,3.1151119072130626,0.0,budget_exhausted,"[0, 7, 1, 2, 5, 6, 3, 4]"
49021,competitive,4,384,pivot_kg_stop,0,8,292.0,3.1151119072130626,0.0,budget_exhausted,"[0, 7, 1, 2, 5, 6, 3, 4]"
49021,competitive,4,384,uniform_v2,0,8,292.0,3.1151119072130626,0.0,budget_exhausted,"[2, 5, 1, 3, 6, 7, 0, 4]"
49021,competitive,4,384,ivr_v2,0,8,292.0,3.1151119072130626,0.0,budget_exhausted,"[0, 7, 1, 5, 2, 6, 4, 3]"
49021,competitive,4,384,lucb_v2,0,8,292.0,3.1151119072130626,0.0,budget_exhausted,"[0, 1, 7, 6, 5, 2, 4, 3]"
49021,competitive,4,384,author_random_hf,0,8,292.0,3.1151119072130626,0.0,batch,"[2, 6, 0, 7, 1, 4, 5, 3]"
49021,competitive,4,384,author_paired_lucb,0,8,292.0,3.1151119072130626,0.0,batch,"[7, 6, 5, 4, 3, 2, 1, 0]"
49021,competitive,4,384,author_global_voi,0,8,292.0,3.1151119072130626,0.0,batch,"[4, 3, 2, 5, 1, 6, 7, 0]"
49021,competitive,4,384,author_pivot_voi,0,8,292.0,3.1151119072130626,0.0,batch,"[7, 2, 3, 5, 4, 0, 1, 6]"
49021,competitive,4,,all_hf_reference,0,8,292.0,3.1151119072130626,0.0,all,"[0, 1, 2, 3, 4, 5, 6, 7]"
49021,competitive,32,96,pivot_kg,0,1,96.0,10.58966232262086,0.0,budget_exhausted,[7]
49021,competitive,32,96,pivot_kg_stop,0,1,96.0,10.58966232262086,0.0,budget_exhausted,[7]
49021,competitive,32,96,uniform_v2,0,1,96.0,10.58966232262086,0.0,budget_exhausted,[2]
49021,competitive,32,96,ivr_v2,0,1,96.0,10.58966232262086,0.0,budget_exhausted,[7]
49021,competitive,32,96,lucb_v2,0,1,96.0,10.58966232262086,0.0,budget_exhausted,[7]
49021,competitive,32,,no_hf_v2,7,0,0.0,-10.893469996624585,21.483132319245446,no_hf_method,[]
49021,competitive,32,,proxy_only,7,0,0.0,-10.893469996624585,21.483132319245446,no_hf_method,[]
49021,competitive,32,96,author_random_hf,2,1,96.0,4.94649937282102,5.643162949799841,batch,[2]
49021,competitive,32,96,author_paired_lucb,6,1,96.0,-8.19206225611834,18.7817245787392,batch,[7]
49021,competitive,32,96,author_global_voi,7,1,96.0,-10.893469996624585,21.483132319245446,batch,[4]
49021,competitive,32,96,author_pivot_voi,2,1,96.0,4.94649937282102,5.643162949799841,batch,[2]
49021,competitive,32,192,pivot_kg,0,2,160.0,10.58966232262086,0.0,budget_exhausted,"[7, 6]"
49021,competitive,32,192,pivot_kg_stop,0,2,160.0,10.58966232262086,0.0,budget_exhausted,"[7, 6]"
49021,competitive,32,192,uniform_v2,0,2,160.0,10.58966232262086,0.0,budget_exhausted,"[2, 5]"
49021,competitive,32,192,ivr_v2,0,2,160.0,10.58966232262086,0.0,budget_exhausted,"[7, 6]"
49021,competitive,32,192,lucb_v2,0,2,160.0,10.58966232262086,0.0,budget_exhausted,"[7, 6]"
49021,competitive,32,192,author_random_hf,2,2,160.0,4.94649937282102,5.643162949799841,batch,"[2, 6]"
49021,competitive,32,192,author_paired_lucb,5,2,160.0,-2.2431947906230576,12.832857113243918,batch,"[7, 6]"
49021,competitive,32,192,author_global_voi,7,2,160.0,-10.893469996624585,21.483132319245446,batch,"[4, 3]"
49021,competitive,32,192,author_pivot_voi,2,2,160.0,4.94649937282102,5.643162949799841,batch,"[2, 7]"
49021,competitive,32,384,pivot_kg,0,5,352.0,10.58966232262086,0.0,budget_exhausted,"[7, 6, 0, 1, 2]"
49021,competitive,32,384,pivot_kg_stop,0,5,352.0,10.58966232262086,0.0,budget_exhausted,"[7, 6, 0, 1, 2]"
49021,competitive,32,384,uniform_v2,0,5,352.0,10.58966232262086,0.0,budget_exhausted,"[2, 5, 1, 3, 6]"
49021,competitive,32,384,ivr_v2,0,5,352.0,10.58966232262086,0.0,budget_exhausted,"[7, 6, 0, 1, 5]"
49021,competitive,32,384,lucb_v2,0,5,352.0,10.58966232262086,0.0,budget_exhausted,"[7, 6, 0, 1, 5]"
49021,competitive,32,384,author_random_hf,0,5,352.0,10.58966232262086,0.0,batch,"[2, 6, 0, 7, 1]"
49021,competitive,32,384,author_paired_lucb,3,5,352.0,1.7923255915066818,8.797336731114179,batch,"[7, 6, 5, 4, 3]"
49021,competitive,32,384,author_global_voi,1,5,352.0,8.009747819581637,2.579914503039223,batch,"[4, 3, 2, 5, 1]"
49021,competitive,32,384,author_pivot_voi,2,5,352.0,4.94649937282102,5.643162949799841,batch,"[2, 7, 5, 3, 6]"
49021,competitive,32,,all_hf_reference,0,8,544.0,10.58966232262086,0.0,all,"[0, 1, 2, 3, 4, 5, 6, 7]"
49022,cooperative,4,96,pivot_kg,0,2,76.0,3.2700599760560394,0.0,budget_exhausted,"[0, 7]"
49022,cooperative,4,96,pivot_kg_stop,0,2,76.0,3.2700599760560394,0.0,budget_exhausted,"[0, 7]"
49022,cooperative,4,96,uniform_v2,0,2,76.0,3.2700599760560394,0.0,budget_exhausted,"[7, 2]"
49022,cooperative,4,96,ivr_v2,0,2,76.0,3.2700599760560394,0.0,budget_exhausted,"[0, 7]"
49022,cooperative,4,96,lucb_v2,0,2,76.0,3.2700599760560394,0.0,budget_exhausted,"[0, 1]"
49022,cooperative,4,,no_hf_v2,7,0,0.0,-2.7450964943546623,6.015156470410702,no_hf_method,[]
49022,cooperative,4,,proxy_only,7,0,0.0,-2.7450964943546623,6.015156470410702,no_hf_method,[]
49022,cooperative,4,96,author_random_hf,6,2,76.0,-2.013070762526752,5.283130738582791,batch,"[7, 5]"
49022,cooperative,4,96,author_paired_lucb,5,2,76.0,-1.2810450306988557,4.551105006754895,batch,"[7, 6]"
49022,cooperative,4,96,author_global_voi,3,2,76.0,0.549019298870931,2.7210406771851083,batch,"[4, 3]"
49022,cooperative,4,96,author_pivot_voi,0,2,76.0,3.2700599760560394,0.0,batch,"[0, 1]"
49022,cooperative,4,192,pivot_kg,0,5,184.0,3.2700599760560394,0.0,budget_exhausted,"[0, 7, 1, 5, 2]"
49022,cooperative,4,192,pivot_kg_stop,0,5,184.0,3.2700599760560394,0.0,budget_exhausted,"[0, 7, 1, 5, 2]"
49022,cooperative,4,192,uniform_v2,0,5,184.0,3.2700599760560394,0.0,budget_exhausted,"[7, 2, 3, 4, 0]"
49022,cooperative,4,192,ivr_v2,0,5,184.0,3.2700599760560394,0.0,budget_exhausted,"[0, 7, 1, 5, 2]"
49022,cooperative,4,192,lucb_v2,0,5,184.0,3.2700599760560394,0.0,budget_exhausted,"[0, 1, 7, 2, 6]"
49022,cooperative,4,192,author_random_hf,2,5,184.0,1.2810450306988486,1.9890149453571908,batch,"[7, 5, 2, 3, 6]"
49022,cooperative,4,192,author_paired_lucb,3,5,184.0,0.549019298870931,2.7210406771851083,batch,"[7, 6, 5, 4, 3]"
49022,cooperative,4,192,author_global_voi,2,5,184.0,1.2810450306988486,1.9890149453571908,batch,"[4, 3, 5, 2, 1]"
49022,cooperative,4,192,author_pivot_voi,0,5,184.0,3.2700599760560394,0.0,batch,"[0, 1, 2, 3, 4]"
49022,cooperative,4,384,pivot_kg,0,8,292.0,3.2700599760560394,0.0,budget_exhausted,"[0, 7, 1, 5, 2, 6, 3, 4]"
49022,cooperative,4,384,pivot_kg_stop,0,8,292.0,3.2700599760560394,0.0,budget_exhausted,"[0, 7, 1, 5, 2, 6, 3, 4]"
49022,cooperative,4,384,uniform_v2,0,8,292.0,3.2700599760560394,0.0,budget_exhausted,"[7, 2, 3, 4, 0, 6, 5, 1]"
49022,cooperative,4,384,ivr_v2,0,8,292.0,3.2700599760560394,0.0,budget_exhausted,"[0, 7, 1, 5, 2, 6, 4, 3]"
49022,cooperative,4,384,lucb_v2,0,8,292.0,3.2700599760560394,0.0,budget_exhausted,"[0, 1, 7, 2, 6, 5, 4, 3]"
49022,cooperative,4,384,author_random_hf,0,8,292.0,3.2700599760560394,0.0,batch,"[7, 5, 2, 3, 6, 4, 1, 0]"
49022,cooperative,4,384,author_paired_lucb,0,8,292.0,3.2700599760560394,0.0,batch,"[7, 6, 5, 4, 3, 2, 1, 0]"
49022,cooperative,4,384,author_global_voi,0,8,292.0,3.2700599760560394,0.0,batch,"[4, 3, 5, 2, 1, 6, 0, 7]"
49022,cooperative,4,384,author_pivot_voi,0,8,292.0,3.2700599760560394,0.0,batch,"[0, 1, 2, 3, 4, 5, 6, 7]"
49022,cooperative,4,,all_hf_reference,0,8,292.0,3.2700599760560394,0.0,all,"[0, 1, 2, 3, 4, 5, 6, 7]"
49022,cooperative,32,96,pivot_kg,7,1,96.0,15.73480418570336,0.0,budget_exhausted,[7]
49022,cooperative,32,96,pivot_kg_stop,7,1,96.0,15.73480418570336,0.0,budget_exhausted,[7]
49022,cooperative,32,96,uniform_v2,7,1,96.0,15.73480418570336,0.0,budget_exhausted,[7]
49022,cooperative,32,96,ivr_v2,7,1,96.0,15.73480418570336,0.0,budget_exhausted,[7]
49022,cooperative,32,96,lucb_v2,7,1,96.0,15.73480418570336,0.0,budget_exhausted,[7]
49022,cooperative,32,,no_hf_v2,7,0,0.0,15.73480418570336,0.0,no_hf_method,[]
49022,cooperative,32,,proxy_only,7,0,0.0,15.73480418570336,0.0,no_hf_method,[]
49022,cooperative,32,96,author_random_hf,7,1,96.0,15.73480418570336,0.0,batch,[7]
49022,cooperative,32,96,author_paired_lucb,7,1,96.0,15.73480418570336,0.0,batch,[7]
49022,cooperative,32,96,author_global_voi,4,1,96.0,4.14930146685699,11.58550271884637,batch,[4]
49022,cooperative,32,96,author_pivot_voi,7,1,96.0,15.73480418570336,0.0,batch,[0]
49022,cooperative,32,192,pivot_kg,7,2,160.0,15.73480418570336,0.0,budget_exhausted,"[7, 6]"
49022,cooperative,32,192,pivot_kg_stop,7,2,160.0,15.73480418570336,0.0,budget_exhausted,"[7, 6]"
49022,cooperative,32,192,uniform_v2,7,2,160.0,15.73480418570336,0.0,budget_exhausted,"[7, 2]"
49022,cooperative,32,192,ivr_v2,7,2,160.0,15.73480418570336,0.0,budget_exhausted,"[7, 6]"
49022,cooperative,32,192,lucb_v2,7,2,160.0,15.73480418570336,0.0,budget_exhausted,"[7, 6]"
49022,cooperative,32,192,author_random_hf,7,2,160.0,15.73480418570336,0.0,batch,"[7, 5]"
49022,cooperative,32,192,author_paired_lucb,7,2,160.0,15.73480418570336,0.0,batch,"[7, 6]"
49022,cooperative,32,192,author_global_voi,4,2,160.0,4.14930146685699,11.58550271884637,batch,"[4, 3]"
49022,cooperative,32,192,author_pivot_voi,7,2,160.0,15.73480418570336,0.0,batch,"[0, 1]"
49022,cooperative,32,384,pivot_kg,7,5,352.0,15.73480418570336,0.0,budget_exhausted,"[7, 6, 0, 5, 1]"
49022,cooperative,32,384,pivot_kg_stop,7,5,352.0,15.73480418570336,0.0,budget_exhausted,"[7, 6, 0, 5, 1]"
49022,cooperative,32,384,uniform_v2,7,5,352.0,15.73480418570336,0.0,budget_exhausted,"[7, 2, 3, 4, 0]"
49022,cooperative,32,384,ivr_v2,7,5,352.0,15.73480418570336,0.0,budget_exhausted,"[7, 6, 0, 1, 5]"
49022,cooperative,32,384,lucb_v2,7,5,352.0,15.73480418570336,0.0,budget_exhausted,"[7, 6, 5, 0, 1]"
49022,cooperative,32,384,author_random_hf,7,5,352.0,15.73480418570336,0.0,batch,"[7, 5, 2, 3, 6]"
49022,cooperative,32,384,author_paired_lucb,7,5,352.0,15.73480418570336,0.0,batch,"[7, 6, 5, 4, 3]"
49022,cooperative,32,384,author_global_voi,5,5,352.0,2.5647124334317155,13.170091752271645,batch,"[4, 3, 5, 2, 1]"
49022,cooperative,32,384,author_pivot_voi,4,5,352.0,4.14930146685699,11.58550271884637,batch,"[0, 1, 2, 3, 4]"
49022,cooperative,32,,all_hf_reference,7,8,544.0,15.73480418570336,0.0,all,"[0, 1, 2, 3, 4, 5, 6, 7]"
49023,competitive,4,96,pivot_kg,7,2,76.0,2.124963232309561,0.0,budget_exhausted,"[0, 7]"
49023,competitive,4,96,pivot_kg_stop,7,2,76.0,2.124963232309561,0.0,budget_exhausted,"[0, 7]"
49023,competitive,4,96,uniform_v2,3,2,76.0,0.03409694038920463,2.0908662919203564,budget_exhausted,"[7, 2]"
49023,competitive,4,96,ivr_v2,7,2,76.0,2.124963232309561,0.0,budget_exhausted,"[0, 7]"
49023,competitive,4,96,lucb_v2,7,2,76.0,2.124963232309561,0.0,budget_exhausted,"[0, 7]"
49023,competitive,4,,no_hf_v2,0,0,0.0,0.17048470194602316,1.954478530363538,no_hf_method,[]
49023,competitive,4,,proxy_only,7,0,0.0,2.124963232309561,0.0,no_hf_method,[]
49023,competitive,4,96,author_random_hf,7,2,76.0,2.124963232309561,0.0,batch,"[2, 0]"
49023,competitive,4,96,author_paired_lucb,1,2,76.0,0.12502211476041936,1.9999411175491417,batch,"[0, 1]"
49023,competitive,4,96,author_global_voi,0,2,76.0,0.17048470194602316,1.954478530363538,batch,"[3, 4]"
49023,competitive,4,96,author_pivot_voi,0,2,76.0,0.17048470194602316,1.954478530363538,batch,"[4, 5]"
49023,competitive,4,192,pivot_kg,1,5,184.0,0.12502211476041936,1.9999411175491417,budget_exhausted,"[0, 7, 1, 5, 2]"
49023,competitive,4,192,pivot_kg_stop,1,5,184.0,0.12502211476041936,1.9999411175491417,budget_exhausted,"[0, 7, 1, 5, 2]"
49023,competitive,4,192,uniform_v2,1,5,184.0,0.12502211476041936,1.9999411175491417,budget_exhausted,"[7, 2, 1, 3, 0]"
49023,competitive,4,192,ivr_v2,1,5,184.0,0.12502211476041936,1.9999411175491417,budget_exhausted,"[0, 7, 1, 5, 2]"
49023,competitive,4,192,lucb_v2,1,5,184.0,0.12502211476041936,1.9999411175491417,budget_exhausted,"[0, 7, 1, 6, 2]"
49023,competitive,4,192,author_random_hf,7,5,184.0,2.124963232309561,0.0,batch,"[2, 0, 6, 3, 5]"
49023,competitive,4,192,author_paired_lucb,1,5,184.0,0.12502211476041936,1.9999411175491417,batch,"[0, 1, 2, 3, 4]"
49023,competitive,4,192,author_global_voi,1,5,184.0,0.12502211476041936,1.9999411175491417,batch,"[3, 4, 2, 5, 1]"
49023,competitive,4,192,author_pivot_voi,5,5,184.0,-0.07955952757480134,2.2045227598843624,batch,"[4, 5, 7, 3, 0]"
49023,competitive,4,384,pivot_kg,1,8,292.0,0.12502211476041936,1.9999411175491417,budget_exhausted,"[0, 7, 1, 5, 2, 6, 3, 4]"
49023,competitive,4,384,pivot_kg_stop,1,8,292.0,0.12502211476041936,1.9999411175491417,budget_exhausted,"[0, 7, 1, 5, 2, 6, 3, 4]"
49023,competitive,4,384,uniform_v2,1,8,292.0,0.12502211476041936,1.9999411175491417,budget_exhausted,"[7, 2, 1, 3, 0, 5, 6, 4]"
49023,competitive,4,384,ivr_v2,1,8,292.0,0.12502211476041936,1.9999411175491417,budget_exhausted,"[0, 7, 1, 5, 2, 6, 4, 3]"
49023,competitive,4,384,lucb_v2,1,8,292.0,0.12502211476041936,1.9999411175491417,budget_exhausted,"[0, 7, 1, 6, 2, 5, 4, 3]"
49023,competitive,4,384,author_random_hf,1,8,292.0,0.12502211476041936,1.9999411175491417,batch,"[2, 0, 6, 3, 5, 7, 4, 1]"
49023,competitive,4,384,author_paired_lucb,1,8,292.0,0.12502211476041936,1.9999411175491417,batch,"[0, 1, 2, 3, 4, 5, 6, 7]"
49023,competitive,4,384,author_global_voi,1,8,292.0,0.12502211476041936,1.9999411175491417,batch,"[3, 4, 2, 5, 1, 6, 0, 7]"
49023,competitive,4,384,author_pivot_voi,1,8,292.0,0.12502211476041936,1.9999411175491417,batch,"[4, 5, 7, 3, 0, 6, 2, 1]"
49023,competitive,4,,all_hf_reference,1,8,292.0,0.12502211476041936,1.9999411175491417,all,"[0, 1, 2, 3, 4, 5, 6, 7]"
49023,competitive,32,96,pivot_kg,0,1,96.0,8.82049135544819,0.0,budget_exhausted,[7]
49023,competitive,32,96,pivot_kg_stop,0,1,96.0,8.82049135544819,0.0,budget_exhausted,[7]
49023,competitive,32,96,uniform_v2,0,1,96.0,8.82049135544819,0.0,budget_exhausted,[7]
49023,competitive,32,96,ivr_v2,0,1,96.0,8.82049135544819,0.0,budget_exhausted,[7]
49023,competitive,32,96,lucb_v2,0,1,96.0,8.82049135544819,0.0,budget_exhausted,[7]
49023,competitive,32,,no_hf_v2,0,0,0.0,8.82049135544819,0.0,no_hf_method,[]
49023,competitive,32,,proxy_only,7,0,0.0,-4.3379715261221286,13.158462881570319,no_hf_method,[]
49023,competitive,32,96,author_random_hf,2,1,96.0,4.965821655208604,3.8546697002395867,batch,[2]
49023,competitive,32,96,author_paired_lucb,6,1,96.0,-1.9959888764266758,10.816480231874866,batch,[7]
49023,competitive,32,96,author_global_voi,3,1,96.0,3.282384765707274,5.5381065897409165,batch,[3]
49023,competitive,32,96,author_pivot_voi,3,1,96.0,3.282384765707274,5.5381065897409165,batch,[3]
49023,competitive,32,192,pivot_kg,0,2,160.0,8.82049135544819,0.0,budget_exhausted,"[7, 6]"
49023,competitive,32,192,pivot_kg_stop,0,2,160.0,8.82049135544819,0.0,budget_exhausted,"[7, 6]"
49023,competitive,32,192,uniform_v2,0,2,160.0,8.82049135544819,0.0,budget_exhausted,"[7, 2]"
49023,competitive,32,192,ivr_v2,0,2,160.0,8.82049135544819,0.0,budget_exhausted,"[7, 6]"
49023,competitive,32,192,lucb_v2,0,2,160.0,8.82049135544819,0.0,budget_exhausted,"[7, 6]"
49023,competitive,32,192,author_random_hf,0,2,160.0,8.82049135544819,0.0,batch,"[2, 0]"
49023,competitive,32,192,author_paired_lucb,0,2,160.0,8.82049135544819,0.0,batch,"[7, 6]"
49023,competitive,32,192,author_global_voi,3,2,160.0,3.282384765707274,5.5381065897409165,batch,"[3, 4]"
49023,competitive,32,192,author_pivot_voi,1,2,160.0,6.535232594166363,2.2852587612818276,batch,"[3, 1]"
49023,competitive,32,384,pivot_kg,0,5,352.0,8.82049135544819,0.0,budget_exhausted,"[7, 6, 0, 1, 2]"
49023,competitive,32,384,pivot_kg_stop,0,5,352.0,8.82049135544819,0.0,budget_exhausted,"[7, 6, 0, 1, 2]"
49023,competitive,32,384,uniform_v2,0,5,352.0,8.82049135544819,0.0,budget_exhausted,"[7, 2, 1, 3, 0]"
49023,competitive,32,384,ivr_v2,0,5,352.0,8.82049135544819,0.0,budget_exhausted,"[7, 6, 0, 1, 5]"
49023,competitive,32,384,lucb_v2,0,5,352.0,8.82049135544819,0.0,budget_exhausted,"[7, 6, 0, 1, 5]"
49023,competitive,32,384,author_random_hf,0,5,352.0,8.82049135544819,0.0,batch,"[2, 0, 6, 3, 5]"
49023,competitive,32,384,author_paired_lucb,0,5,352.0,8.82049135544819,0.0,batch,"[7, 6, 0, 5, 1]"
49023,competitive,32,384,author_global_voi,1,5,352.0,6.535232594166363,2.2852587612818276,batch,"[3, 4, 2, 5, 1]"
49023,competitive,32,384,author_pivot_voi,0,5,352.0,8.82049135544819,0.0,batch,"[3, 1, 4, 7, 0]"
49023,competitive,32,,all_hf_reference,0,8,544.0,8.82049135544819,0.0,all,"[0, 1, 2, 3, 4, 5, 6, 7]"
49024,cooperative,4,96,pivot_kg,1,2,76.0,1.4006843834093274,0.6202895073340216,budget_exhausted,"[0, 1]"
49024,cooperative,4,96,pivot_kg_stop,1,2,76.0,1.4006843834093274,0.6202895073340216,budget_exhausted,"[0, 1]"
49024,cooperative,4,96,uniform_v2,0,2,76.0,2.020973890743349,0.0,budget_exhausted,"[1, 7]"
49024,cooperative,4,96,ivr_v2,1,2,76.0,1.4006843834093274,0.6202895073340216,budget_exhausted,"[0, 7]"
49024,cooperative,4,96,lucb_v2,1,2,76.0,1.4006843834093274,0.6202895073340216,budget_exhausted,"[0, 1]"
49024,cooperative,4,,no_hf_v2,0,0,0.0,2.020973890743349,0.0,no_hf_method,[]
49024,cooperative,4,,proxy_only,0,0,0.0,2.020973890743349,0.0,no_hf_method,[]
49024,cooperative,4,96,author_random_hf,1,2,76.0,1.4006843834093274,0.6202895073340216,batch,"[2, 1]"
49024,cooperative,4,96,author_paired_lucb,1,2,76.0,1.4006843834093274,0.6202895073340216,batch,"[0, 1]"
49024,cooperative,4,96,author_global_voi,0,2,76.0,2.020973890743349,0.0,batch,"[4, 3]"
49024,cooperative,4,96,author_pivot_voi,1,2,76.0,1.4006843834093274,0.6202895073340216,batch,"[0, 1]"
49024,cooperative,4,192,pivot_kg,1,5,184.0,1.4006843834093274,0.6202895073340216,budget_exhausted,"[0, 1, 2, 7, 5]"
49024,cooperative,4,192,pivot_kg_stop,1,5,184.0,1.4006843834093274,0.6202895073340216,budget_exhausted,"[0, 1, 2, 7, 5]"
49024,cooperative,4,192,uniform_v2,0,5,184.0,2.020973890743349,0.0,budget_exhausted,"[1, 7, 2, 6, 5]"
49024,cooperative,4,192,ivr_v2,1,5,184.0,1.4006843834093274,0.6202895073340216,budget_exhausted,"[0, 7, 1, 5, 2]"
49024,cooperative,4,192,lucb_v2,1,5,184.0,1.4006843834093274,0.6202895073340216,budget_exhausted,"[0, 1, 7, 6, 5]"
49024,cooperative,4,192,author_random_hf,1,5,184.0,1.4006843834093274,0.6202895073340216,batch,"[2, 1, 3, 7, 4]"
49024,cooperative,4,192,author_paired_lucb,1,5,184.0,1.4006843834093274,0.6202895073340216,batch,"[0, 1, 2, 3, 4]"
49024,cooperative,4,192,author_global_voi,0,5,184.0,2.020973890743349,0.0,batch,"[4, 3, 5, 2, 6]"
49024,cooperative,4,192,author_pivot_voi,1,5,184.0,1.4006843834093274,0.6202895073340216,batch,"[0, 1, 2, 3, 4]"
49024,cooperative,4,384,pivot_kg,1,8,292.0,1.4006843834093274,0.6202895073340216,budget_exhausted,"[0, 1, 2, 7, 5, 4, 3, 6]"
49024,cooperative,4,384,pivot_kg_stop,1,8,292.0,1.4006843834093274,0.6202895073340216,budget_exhausted,"[0, 1, 2, 7, 5, 4, 3, 6]"
49024,cooperative,4,384,uniform_v2,1,8,292.0,1.4006843834093274,0.6202895073340216,budget_exhausted,"[1, 7, 2, 6, 5, 0, 4, 3]"
49024,cooperative,4,384,ivr_v2,1,8,292.0,1.4006843834093274,0.6202895073340216,budget_exhausted,"[0, 7, 1, 5, 2, 6, 4, 3]"
49024,cooperative,4,384,lucb_v2,1,8,292.0,1.4006843834093274,0.6202895073340216,budget_exhausted,"[0, 1, 7, 6, 5, 2, 4, 3]"
49024,cooperative,4,384,author_random_hf,1,8,292.0,1.4006843834093274,0.6202895073340216,batch,"[2, 1, 3, 7, 4, 6, 0, 5]"
49024,cooperative,4,384,author_paired_lucb,1,8,292.0,1.4006843834093274,0.6202895073340216,batch,"[0, 1, 2, 3, 4, 5, 6, 7]"
49024,cooperative,4,384,author_global_voi,1,8,292.0,1.4006843834093274,0.6202895073340216,batch,"[4, 3, 5, 2, 6, 1, 7, 0]"
49024,cooperative,4,384,author_pivot_voi,1,8,292.0,1.4006843834093274,0.6202895073340216,batch,"[0, 1, 2, 3, 4, 5, 6, 7]"
49024,cooperative,4,,all_hf_reference,1,8,292.0,1.4006843834093274,0.6202895073340216,all,"[0, 1, 2, 3, 4, 5, 6, 7]"
49024,cooperative,32,96,pivot_kg,7,1,96.0,7.394736311112624,2.3951648280136553,budget_exhausted,[7]
49024,cooperative,32,96,pivot_kg_stop,7,1,96.0,7.394736311112624,2.3951648280136553,budget_exhausted,[7]
49024,cooperative,32,96,uniform_v2,0,1,96.0,1.0266030225044744,8.763298116621804,budget_exhausted,[1]
49024,cooperative,32,96,ivr_v2,7,1,96.0,7.394736311112624,2.3951648280136553,budget_exhausted,[7]
49024,cooperative,32,96,lucb_v2,7,1,96.0,7.394736311112624,2.3951648280136553,budget_exhausted,[7]
49024,cooperative,32,,no_hf_v2,0,0,0.0,1.0266030225044744,8.763298116621804,no_hf_method,[]
49024,cooperative,32,,proxy_only,0,0,0.0,1.0266030225044744,8.763298116621804,no_hf_method,[]
49024,cooperative,32,96,author_random_hf,0,1,96.0,1.0266030225044744,8.763298116621804,batch,[2]
49024,cooperative,32,96,author_paired_lucb,1,1,96.0,1.1923125978801536,8.597588541246125,batch,[0]
49024,cooperative,32,96,author_global_voi,0,1,96.0,1.0266030225044744,8.763298116621804,batch,[4]
49024,cooperative,32,96,author_pivot_voi,7,1,96.0,7.394736311112624,2.3951648280136553,batch,[7]
49024,cooperative,32,192,pivot_kg,6,2,160.0,9.789901139126279,0.0,budget_exhausted,"[7, 6]"
49024,cooperative,32,192,pivot_kg_stop,6,2,160.0,9.789901139126279,0.0,budget_exhausted,"[7, 6]"
49024,cooperative,32,192,uniform_v2,0,2,160.0,1.0266030225044744,8.763298116621804,budget_exhausted,"[1, 7]"
49024,cooperative,32,192,ivr_v2,6,2,160.0,9.789901139126279,0.0,budget_exhausted,"[7, 6]"
49024,cooperative,32,192,lucb_v2,6,2,160.0,9.789901139126279,0.0,budget_exhausted,"[7, 6]"
49024,cooperative,32,192,author_random_hf,1,2,160.0,1.1923125978801536,8.597588541246125,batch,"[2, 1]"
49024,cooperative,32,192,author_paired_lucb,1,2,160.0,1.1923125978801536,8.597588541246125,batch,"[0, 1]"
49024,cooperative,32,192,author_global_voi,0,2,160.0,1.0266030225044744,8.763298116621804,batch,"[4, 3]"
49024,cooperative,32,192,author_pivot_voi,7,2,160.0,7.394736311112624,2.3951648280136553,batch,"[7, 0]"
49024,cooperative,32,384,pivot_kg,6,5,352.0,9.789901139126279,0.0,budget_exhausted,"[7, 6, 0, 5, 1]"
49024,cooperative,32,384,pivot_kg_stop,6,5,352.0,9.789901139126279,0.0,budget_exhausted,"[7, 6, 0, 5, 1]"
49024,cooperative,32,384,uniform_v2,6,5,352.0,9.789901139126279,0.0,budget_exhausted,"[1, 7, 2, 6, 5]"
49024,cooperative,32,384,ivr_v2,6,5,352.0,9.789901139126279,0.0,budget_exhausted,"[7, 6, 0, 1, 5]"
49024,cooperative,32,384,lucb_v2,6,5,352.0,9.789901139126279,0.0,budget_exhausted,"[7, 6, 0, 1, 5]"
49024,cooperative,32,384,author_random_hf,7,5,352.0,7.394736311112624,2.3951648280136553,batch,"[2, 1, 3, 7, 4]"
49024,cooperative,32,384,author_paired_lucb,1,5,352.0,1.1923125978801536,8.597588541246125,batch,"[0, 1, 2, 3, 4]"
49024,cooperative,32,384,author_global_voi,6,5,352.0,9.789901139126279,0.0,batch,"[4, 3, 5, 2, 6]"
49024,cooperative,32,384,author_pivot_voi,6,5,352.0,9.789901139126279,0.0,batch,"[7, 0, 5, 6, 1]"
49024,cooperative,32,,all_hf_reference,6,8,544.0,9.789901139126279,0.0,all,"[0, 1, 2, 3, 4, 5, 6, 7]"
49025,competitive,4,96,pivot_kg,0,2,76.0,5.362231665603645,0.0,budget_exhausted,"[0, 1]"
49025,competitive,4,96,pivot_kg_stop,0,2,76.0,5.362231665603645,0.0,budget_exhausted,"[0, 1]"
49025,competitive,4,96,uniform_v2,7,2,76.0,-2.826504175214705,8.18873584081835,budget_exhausted,"[3, 4]"
49025,competitive,4,96,ivr_v2,0,2,76.0,5.362231665603645,0.0,budget_exhausted,"[0, 7]"
49025,competitive,4,96,lucb_v2,0,2,76.0,5.362231665603645,0.0,budget_exhausted,"[0, 1]"
49025,competitive,4,,no_hf_v2,7,0,0.0,-2.826504175214705,8.18873584081835,no_hf_method,[]
49025,competitive,4,,proxy_only,7,0,0.0,-2.826504175214705,8.18873584081835,no_hf_method,[]
49025,competitive,4,96,author_random_hf,0,2,76.0,5.362231665603645,0.0,batch,"[4, 0]"
49025,competitive,4,96,author_paired_lucb,7,2,76.0,-2.826504175214705,8.18873584081835,batch,"[7, 6]"
49025,competitive,4,96,author_global_voi,7,2,76.0,-2.826504175214705,8.18873584081835,batch,"[4, 3]"
49025,competitive,4,96,author_pivot_voi,0,2,76.0,5.362231665603645,0.0,batch,"[0, 1]"
49025,competitive,4,192,pivot_kg,0,5,184.0,5.362231665603645,0.0,budget_exhausted,"[0, 1, 7, 5, 2]"
49025,competitive,4,192,pivot_kg_stop,0,5,184.0,5.362231665603645,0.0,budget_exhausted,"[0, 1, 7, 5, 2]"
49025,competitive,4,192,uniform_v2,0,5,184.0,5.362231665603645,0.0,budget_exhausted,"[3, 4, 1, 7, 0]"
49025,competitive,4,192,ivr_v2,0,5,184.0,5.362231665603645,0.0,budget_exhausted,"[0, 7, 1, 5, 2]"
49025,competitive,4,192,lucb_v2,0,5,184.0,5.362231665603645,0.0,budget_exhausted,"[0, 1, 7, 6, 5]"
49025,competitive,4,192,author_random_hf,0,5,184.0,5.362231665603645,0.0,batch,"[4, 0, 1, 2, 3]"
49025,competitive,4,192,author_paired_lucb,7,5,184.0,-2.826504175214705,8.18873584081835,batch,"[7, 6, 5, 4, 3]"
49025,competitive,4,192,author_global_voi,5,5,184.0,1.2703846998332935,4.091846965770351,batch,"[4, 3, 2, 5, 1]"
49025,competitive,4,192,author_pivot_voi,0,5,184.0,5.362231665603645,0.0,batch,"[0, 1, 2, 3, 4]"
49025,competitive,4,384,pivot_kg,0,8,292.0,5.362231665603645,0.0,budget_exhausted,"[0, 1, 7, 5, 2, 6, 4, 3]"
49025,competitive,4,384,pivot_kg_stop,0,8,292.0,5.362231665603645,0.0,budget_exhausted,"[0, 1, 7, 5, 2, 6, 4, 3]"
49025,competitive,4,384,uniform_v2,0,8,292.0,5.362231665603645,0.0,budget_exhausted,"[3, 4, 1, 7, 0, 6, 2, 5]"
49025,competitive,4,384,ivr_v2,0,8,292.0,5.362231665603645,0.0,budget_exhausted,"[0, 7, 1, 5, 2, 6, 4, 3]"
49025,competitive,4,384,lucb_v2,0,8,292.0,5.362231665603645,0.0,budget_exhausted,"[0, 1, 7, 6, 5, 2, 4, 3]"
49025,competitive,4,384,author_random_hf,0,8,292.0,5.362231665603645,0.0,batch,"[4, 0, 1, 2, 3, 7, 5, 6]"
49025,competitive,4,384,author_paired_lucb,0,8,292.0,5.362231665603645,0.0,batch,"[7, 6, 5, 4, 3, 2, 1, 0]"
49025,competitive,4,384,author_global_voi,0,8,292.0,5.362231665603645,0.0,batch,"[4, 3, 2, 5, 1, 6, 0, 7]"
49025,competitive,4,384,author_pivot_voi,0,8,292.0,5.362231665603645,0.0,batch,"[0, 1, 2, 3, 4, 5, 6, 7]"
49025,competitive,4,,all_hf_reference,0,8,292.0,5.362231665603645,0.0,all,"[0, 1, 2, 3, 4, 5, 6, 7]"
49025,competitive,32,96,pivot_kg,6,1,96.0,-5.934136688136217,18.554814960596318,budget_exhausted,[7]
49025,competitive,32,96,pivot_kg_stop,6,1,96.0,-5.934136688136217,18.554814960596318,budget_exhausted,[7]
49025,competitive,32,96,uniform_v2,0,1,96.0,12.6206782724601,0.0,budget_exhausted,[3]
49025,competitive,32,96,ivr_v2,6,1,96.0,-5.934136688136217,18.554814960596318,budget_exhausted,[7]
49025,competitive,32,96,lucb_v2,6,1,96.0,-5.934136688136217,18.554814960596318,budget_exhausted,[7]
49025,competitive,32,,no_hf_v2,7,0,0.0,-8.226000254452305,20.846678526912406,no_hf_method,[]
49025,competitive,32,,proxy_only,7,0,0.0,-8.226000254452305,20.846678526912406,no_hf_method,[]
49025,competitive,32,96,author_random_hf,7,1,96.0,-8.226000254452305,20.846678526912406,batch,[4]
49025,competitive,32,96,author_paired_lucb,6,1,96.0,-5.934136688136217,18.554814960596318,batch,[7]
49025,competitive,32,96,author_global_voi,7,1,96.0,-8.226000254452305,20.846678526912406,batch,[4]
49025,competitive,32,96,author_pivot_voi,0,1,96.0,12.6206782724601,0.0,batch,[0]
49025,competitive,32,192,pivot_kg,0,2,160.0,12.6206782724601,0.0,budget_exhausted,"[7, 6]"
49025,competitive,32,192,pivot_kg_stop,0,2,160.0,12.6206782724601,0.0,budget_exhausted,"[7, 6]"
49025,competitive,32,192,uniform_v2,0,2,160.0,12.6206782724601,0.0,budget_exhausted,"[3, 4]"
49025,competitive,32,192,ivr_v2,0,2,160.0,12.6206782724601,0.0,budget_exhausted,"[7, 6]"
49025,competitive,32,192,lucb_v2,0,2,160.0,12.6206782724601,0.0,budget_exhausted,"[7, 6]"
49025,competitive,32,192,author_random_hf,0,2,160.0,12.6206782724601,0.0,batch,"[4, 0]"
49025,competitive,32,192,author_paired_lucb,5,2,160.0,-3.6319739882064574,16.252652260666558,batch,"[7, 6]"
49025,competitive,32,192,author_global_voi,7,2,160.0,-8.226000254452305,20.846678526912406,batch,"[4, 3]"
49025,competitive,32,192,author_pivot_voi,0,2,160.0,12.6206782724601,0.0,batch,"[0, 1]"
49025,competitive,32,384,pivot_kg,0,5,352.0,12.6206782724601,0.0,budget_exhausted,"[7, 6, 0, 1, 5]"
49025,competitive,32,384,pivot_kg_stop,0,5,352.0,12.6206782724601,0.0,budget_exhausted,"[7, 6, 0, 1, 5]"
49025,competitive,32,384,uniform_v2,0,5,352.0,12.6206782724601,0.0,budget_exhausted,"[3, 4, 1, 7, 0]"
49025,competitive,32,384,ivr_v2,0,5,352.0,12.6206782724601,0.0,budget_exhausted,"[7, 6, 0, 1, 5]"
49025,competitive,32,384,lucb_v2,0,5,352.0,12.6206782724601,0.0,budget_exhausted,"[7, 6, 0, 1, 5]"
49025,competitive,32,384,author_random_hf,0,5,352.0,12.6206782724601,0.0,batch,"[4, 0, 1, 2, 3]"
49025,competitive,32,384,author_paired_lucb,3,5,352.0,2.579303379688831,10.04137489277127,batch,"[7, 6, 5, 4, 3]"
49025,competitive,32,384,author_global_voi,1,5,352.0,9.271075812664531,3.3496024597955696,batch,"[4, 3, 2, 5, 1]"
49025,competitive,32,384,author_pivot_voi,0,5,352.0,12.6206782724601,0.0,batch,"[0, 1, 2, 3, 4]"
49025,competitive,32,,all_hf_reference,0,8,544.0,12.6206782724601,0.0,all,"[0, 1, 2, 3, 4, 5, 6, 7]"
49026,cooperative,4,96,pivot_kg,1,2,76.0,1.9857527286048295,12.738956838974502,budget_exhausted,"[0, 1]"
49026,cooperative,4,96,pivot_kg_stop,1,2,76.0,1.9857527286048295,12.738956838974502,budget_exhausted,"[0, 1]"
49026,cooperative,4,96,uniform_v2,7,2,76.0,12.20476965410677,2.5199399134725624,budget_exhausted,"[3, 7]"
49026,cooperative,4,96,ivr_v2,7,2,76.0,12.20476965410677,2.5199399134725624,budget_exhausted,"[0, 7]"
49026,cooperative,4,96,lucb_v2,1,2,76.0,1.9857527286048295,12.738956838974502,budget_exhausted,"[0, 1]"
49026,cooperative,4,,no_hf_v2,0,0,0.0,3.11962864137044,11.605080926208892,no_hf_method,[]
49026,cooperative,4,,proxy_only,0,0,0.0,3.11962864137044,11.605080926208892,no_hf_method,[]
49026,cooperative,4,96,author_random_hf,6,2,76.0,14.724709567579332,0.0,batch,"[7, 6]"
49026,cooperative,4,96,author_paired_lucb,1,2,76.0,1.9857527286048295,12.738956838974502,batch,"[0, 1]"
49026,cooperative,4,96,author_global_voi,0,2,76.0,3.11962864137044,11.605080926208892,batch,"[3, 4]"
49026,cooperative,4,96,author_pivot_voi,1,2,76.0,1.9857527286048295,12.738956838974502,batch,"[0, 1]"
49026,cooperative,4,192,pivot_kg,1,5,184.0,1.9857527286048295,12.738956838974502,budget_exhausted,"[0, 1, 2, 5, 7]"
49026,cooperative,4,192,pivot_kg_stop,1,5,184.0,1.9857527286048295,12.738956838974502,budget_exhausted,"[0, 1, 2, 5, 7]"
49026,cooperative,4,192,uniform_v2,1,5,184.0,1.9857527286048295,12.738956838974502,budget_exhausted,"[3, 7, 1, 5, 4]"
49026,cooperative,4,192,ivr_v2,1,5,184.0,1.9857527286048295,12.738956838974502,budget_exhausted,"[0, 7, 1, 5, 2]"
49026,cooperative,4,192,lucb_v2,6,5,184.0,14.724709567579332,0.0,budget_exhausted,"[0, 1, 2, 7, 6]"
49026,cooperative,4,192,author_random_hf,6,5,184.0,14.724709567579332,0.0,batch,"[7, 6, 2, 1, 3]"
49026,cooperative,4,192,author_paired_lucb,1,5,184.0,1.9857527286048295,12.738956838974502,batch,"[0, 1, 2, 3, 4]"
49026,cooperative,4,192,author_global_voi,0,5,184.0,3.11962864137044,11.605080926208892,batch,"[3, 4, 2, 5, 1]"
49026,cooperative,4,192,author_pivot_voi,1,5,184.0,1.9857527286048295,12.738956838974502,batch,"[0, 1, 2, 3, 4]"
49026,cooperative,4,384,pivot_kg,1,8,292.0,1.9857527286048295,12.738956838974502,budget_exhausted,"[0, 1, 2, 5, 7, 4, 3, 6]"
49026,cooperative,4,384,pivot_kg_stop,1,8,292.0,1.9857527286048295,12.738956838974502,budget_exhausted,"[0, 1, 2, 5, 7, 4, 3, 6]"
49026,cooperative,4,384,uniform_v2,1,8,292.0,1.9857527286048295,12.738956838974502,budget_exhausted,"[3, 7, 1, 5, 4, 2, 0, 6]"
49026,cooperative,4,384,ivr_v2,1,8,292.0,1.9857527286048295,12.738956838974502,budget_exhausted,"[0, 7, 1, 5, 2, 6, 4, 3]"
49026,cooperative,4,384,lucb_v2,1,8,292.0,1.9857527286048295,12.738956838974502,budget_exhausted,"[0, 1, 2, 7, 6, 5, 4, 3]"
49026,cooperative,4,384,author_random_hf,6,8,292.0,14.724709567579332,0.0,batch,"[7, 6, 2, 1, 3, 4, 0, 5]"
49026,cooperative,4,384,author_paired_lucb,6,8,292.0,14.724709567579332,0.0,batch,"[0, 1, 2, 3, 4, 5, 6, 7]"
49026,cooperative,4,384,author_global_voi,6,8,292.0,14.724709567579332,0.0,batch,"[3, 4, 2, 5, 1, 6, 0, 7]"
49026,cooperative,4,384,author_pivot_voi,6,8,292.0,14.724709567579332,0.0,batch,"[0, 1, 2, 3, 4, 5, 6, 7]"
49026,cooperative,4,,all_hf_reference,6,8,292.0,14.724709567579332,0.0,all,"[0, 1, 2, 3, 4, 5, 6, 7]"
49026,cooperative,32,96,pivot_kg,0,1,96.0,-11.077606830725976,24.900607115911754,budget_exhausted,[7]
49026,cooperative,32,96,pivot_kg_stop,0,1,96.0,-11.077606830725976,24.900607115911754,budget_exhausted,[7]
49026,cooperative,32,96,uniform_v2,0,1,96.0,-11.077606830725976,24.900607115911754,budget_exhausted,[3]
49026,cooperative,32,96,ivr_v2,0,1,96.0,-11.077606830725976,24.900607115911754,budget_exhausted,[7]
49026,cooperative,32,96,lucb_v2,0,1,96.0,-11.077606830725976,24.900607115911754,budget_exhausted,[7]
49026,cooperative,32,,no_hf_v2,0,0,0.0,-11.077606830725976,24.900607115911754,no_hf_method,[]
49026,cooperative,32,,proxy_only,0,0,0.0,-11.077606830725976,24.900607115911754,no_hf_method,[]
49026,cooperative,32,96,author_random_hf,7,1,96.0,13.823000285185778,0.0,batch,[7]
49026,cooperative,32,96,author_paired_lucb,1,1,96.0,-9.304364801695186,23.127365086880964,batch,[0]
49026,cooperative,32,96,author_global_voi,0,1,96.0,-11.077606830725976,24.900607115911754,batch,[3]
49026,cooperative,32,96,author_pivot_voi,1,1,96.0,-9.304364801695186,23.127365086880964,batch,[0]
49026,cooperative,32,192,pivot_kg,6,2,160.0,9.83836918530163,3.9846310998841474,budget_exhausted,"[7, 0]"
49026,cooperative,32,192,pivot_kg_stop,6,2,160.0,9.83836918530163,3.9846310998841474,budget_exhausted,"[7, 0]"
49026,cooperative,32,192,uniform_v2,7,2,160.0,13.823000285185778,0.0,budget_exhausted,"[3, 7]"
49026,cooperative,32,192,ivr_v2,6,2,160.0,9.83836918530163,3.9846310998841474,budget_exhausted,"[7, 6]"
49026,cooperative,32,192,lucb_v2,6,2,160.0,9.83836918530163,3.9846310998841474,budget_exhausted,"[7, 6]"
49026,cooperative,32,192,author_random_hf,6,2,160.0,9.83836918530163,3.9846310998841474,batch,"[7, 6]"
49026,cooperative,32,192,author_paired_lucb,2,2,160.0,-9.410371642460788,23.233371927646566,batch,"[0, 1]"
49026,cooperative,32,192,author_global_voi,0,2,160.0,-11.077606830725976,24.900607115911754,batch,"[3, 4]"
49026,cooperative,32,192,author_pivot_voi,2,2,160.0,-9.410371642460788,23.233371927646566,batch,"[0, 1]"
49026,cooperative,32,384,pivot_kg,6,5,352.0,9.83836918530163,3.9846310998841474,budget_exhausted,"[7, 0, 6, 5, 1]"
49026,cooperative,32,384,pivot_kg_stop,6,5,352.0,9.83836918530163,3.9846310998841474,budget_exhausted,"[7, 0, 6, 5, 1]"
49026,cooperative,32,384,uniform_v2,0,5,352.0,-11.077606830725976,24.900607115911754,budget_exhausted,"[3, 7, 1, 5, 4]"
49026,cooperative,32,384,ivr_v2,6,5,352.0,9.83836918530163,3.9846310998841474,budget_exhausted,"[7, 6, 0, 1, 5]"
49026,cooperative,32,384,lucb_v2,6,5,352.0,9.83836918530163,3.9846310998841474,budget_exhausted,"[7, 6, 0, 5, 1]"
49026,cooperative,32,384,author_random_hf,6,5,352.0,9.83836918530163,3.9846310998841474,batch,"[7, 6, 2, 1, 3]"
49026,cooperative,32,384,author_paired_lucb,8,5,352.0,0.0,13.823000285185778,batch,"[0, 1, 2, 3, 4]"
49026,cooperative,32,384,author_global_voi,0,5,352.0,-11.077606830725976,24.900607115911754,batch,"[3, 4, 2, 5, 1]"
49026,cooperative,32,384,author_pivot_voi,8,5,352.0,0.0,13.823000285185778,batch,"[0, 1, 2, 3, 4]"
49026,cooperative,32,,all_hf_reference,6,8,544.0,9.83836918530163,3.9846310998841474,all,"[0, 1, 2, 3, 4, 5, 6, 7]"
49027,competitive,4,96,pivot_kg,2,2,76.0,-2.9563590181388193,5.169852945386701,budget_exhausted,"[0, 1]"
49027,competitive,4,96,pivot_kg_stop,2,2,76.0,-2.9563590181388193,5.169852945386701,budget_exhausted,"[0, 1]"
49027,competitive,4,96,uniform_v2,0,2,76.0,-1.8368402237084709,4.050334150956353,budget_exhausted,"[6, 1]"
49027,competitive,4,96,ivr_v2,1,2,76.0,-2.396599620923645,4.610093548171527,budget_exhausted,"[0, 7]"
49027,competitive,4,96,lucb_v2,2,2,76.0,-2.9563590181388193,5.169852945386701,budget_exhausted,"[0, 1]"
49027,competitive,4,,no_hf_v2,0,0,0.0,-1.8368402237084709,4.050334150956353,no_hf_method,[]
49027,competitive,4,,proxy_only,0,0,0.0,-1.8368402237084709,4.050334150956353,no_hf_method,[]
49027,competitive,4,96,author_random_hf,0,2,76.0,-1.8368402237084709,4.050334150956353,batch,"[2, 6]"
49027,competitive,4,96,author_paired_lucb,2,2,76.0,-2.9563590181388193,5.169852945386701,batch,"[0, 1]"
49027,competitive,4,96,author_global_voi,0,2,76.0,-1.8368402237084709,4.050334150956353,batch,"[3, 4]"
49027,competitive,4,96,author_pivot_voi,2,2,76.0,-2.9563590181388193,5.169852945386701,batch,"[0, 1]"
49027,competitive,4,192,pivot_kg,0,5,184.0,-1.8368402237084709,4.050334150956353,budget_exhausted,"[0, 1, 2, 7, 5]"
49027,competitive,4,192,pivot_kg_stop,0,5,184.0,-1.8368402237084709,4.050334150956353,budget_exhausted,"[0, 1, 2, 7, 5]"
49027,competitive,4,192,uniform_v2,4,5,184.0,1.9661920472456558,0.24730188000222597,budget_exhausted,"[6, 1, 0, 4, 7]"
49027,competitive,4,192,ivr_v2,0,5,184.0,-1.8368402237084709,4.050334150956353,budget_exhausted,"[0, 7, 1, 5, 2]"
49027,competitive,4,192,lucb_v2,0,5,184.0,-1.8368402237084709,4.050334150956353,budget_exhausted,"[0, 1, 7, 2, 6]"
49027,competitive,4,192,author_random_hf,0,5,184.0,-1.8368402237084709,4.050334150956353,batch,"[2, 6, 3, 4, 5]"
49027,competitive,4,192,author_paired_lucb,4,5,184.0,1.9661920472456558,0.24730188000222597,batch,"[0, 1, 2, 3, 4]"
49027,competitive,4,192,author_global_voi,0,5,184.0,-1.8368402237084709,4.050334150956353,batch,"[3, 4, 5, 2, 1]"
49027,competitive,4,192,author_pivot_voi,4,5,184.0,1.9661920472456558,0.24730188000222597,batch,"[0, 1, 2, 3, 4]"
49027,competitive,4,384,pivot_kg,4,8,292.0,1.9661920472456558,0.24730188000222597,budget_exhausted,"[0, 1, 2, 7, 5, 3, 6, 4]"
49027,competitive,4,384,pivot_kg_stop,4,8,292.0,1.9661920472456558,0.24730188000222597,budget_exhausted,"[0, 1, 2, 7, 5, 3, 6, 4]"
49027,competitive,4,384,uniform_v2,4,8,292.0,1.9661920472456558,0.24730188000222597,budget_exhausted,"[6, 1, 0, 4, 7, 3, 5, 2]"
49027,competitive,4,384,ivr_v2,4,8,292.0,1.9661920472456558,0.24730188000222597,budget_exhausted,"[0, 7, 1, 5, 2, 6, 4, 3]"
49027,competitive,4,384,lucb_v2,4,8,292.0,1.9661920472456558,0.24730188000222597,budget_exhausted,"[0, 1, 7, 2, 6, 5, 4, 3]"
49027,competitive,4,384,author_random_hf,6,8,292.0,0.8510976877701424,1.3623962394777394,batch,"[2, 6, 3, 4, 5, 0, 7, 1]"
49027,competitive,4,384,author_paired_lucb,6,8,292.0,0.8510976877701424,1.3623962394777394,batch,"[0, 1, 2, 3, 4, 5, 6, 7]"
49027,competitive,4,384,author_global_voi,6,8,292.0,0.8510976877701424,1.3623962394777394,batch,"[3, 4, 5, 2, 1, 6, 7, 0]"
49027,competitive,4,384,author_pivot_voi,6,8,292.0,0.8510976877701424,1.3623962394777394,batch,"[0, 1, 2, 3, 4, 5, 6, 7]"
49027,competitive,4,,all_hf_reference,6,8,292.0,0.8510976877701424,1.3623962394777394,all,"[0, 1, 2, 3, 4, 5, 6, 7]"
49027,competitive,32,96,pivot_kg,0,1,96.0,10.199045342532312,0.0,budget_exhausted,[7]
49027,competitive,32,96,pivot_kg_stop,0,1,96.0,10.199045342532312,0.0,budget_exhausted,[7]
49027,competitive,32,96,uniform_v2,0,1,96.0,10.199045342532312,0.0,budget_exhausted,[6]
49027,competitive,32,96,ivr_v2,0,1,96.0,10.199045342532312,0.0,budget_exhausted,[7]
49027,competitive,32,96,lucb_v2,0,1,96.0,10.199045342532312,0.0,budget_exhausted,[7]
49027,competitive,32,,no_hf_v2,0,0,0.0,10.199045342532312,0.0,no_hf_method,[]
49027,competitive,32,,proxy_only,0,0,0.0,10.199045342532312,0.0,no_hf_method,[]
49027,competitive,32,96,author_random_hf,2,1,96.0,3.8826110589273846,6.316434283604927,batch,[2]
49027,competitive,32,96,author_paired_lucb,0,1,96.0,10.199045342532312,0.0,batch,[0]
49027,competitive,32,96,author_global_voi,0,1,96.0,10.199045342532312,0.0,batch,[3]
49027,competitive,32,96,author_pivot_voi,2,1,96.0,3.8826110589273846,6.316434283604927,batch,[2]
49027,competitive,32,192,pivot_kg,0,2,160.0,10.199045342532312,0.0,budget_exhausted,"[7, 0]"
49027,competitive,32,192,pivot_kg_stop,0,2,160.0,10.199045342532312,0.0,budget_exhausted,"[7, 0]"
49027,competitive,32,192,uniform_v2,0,2,160.0,10.199045342532312,0.0,budget_exhausted,"[6, 1]"
49027,competitive,32,192,ivr_v2,0,2,160.0,10.199045342532312,0.0,budget_exhausted,"[7, 6]"
49027,competitive,32,192,lucb_v2,0,2,160.0,10.199045342532312,0.0,budget_exhausted,"[7, 0]"
49027,competitive,32,192,author_random_hf,2,2,160.0,3.8826110589273846,6.316434283604927,batch,"[2, 6]"
49027,competitive,32,192,author_paired_lucb,0,2,160.0,10.199045342532312,0.0,batch,"[0, 1]"
49027,competitive,32,192,author_global_voi,0,2,160.0,10.199045342532312,0.0,batch,"[3, 4]"
49027,competitive,32,192,author_pivot_voi,2,2,160.0,3.8826110589273846,6.316434283604927,batch,"[2, 5]"
49027,competitive,32,384,pivot_kg,0,5,352.0,10.199045342532312,0.0,budget_exhausted,"[7, 0, 1, 6, 2]"
49027,competitive,32,384,pivot_kg_stop,0,5,352.0,10.199045342532312,0.0,budget_exhausted,"[7, 0, 1, 6, 2]"
49027,competitive,32,384,uniform_v2,0,5,352.0,10.199045342532312,0.0,budget_exhausted,"[6, 1, 0, 4, 7]"
49027,competitive,32,384,ivr_v2,0,5,352.0,10.199045342532312,0.0,budget_exhausted,"[7, 6, 0, 1, 5]"
49027,competitive,32,384,lucb_v2,0,5,352.0,10.199045342532312,0.0,budget_exhausted,"[7, 0, 1, 6, 2]"
49027,competitive,32,384,author_random_hf,2,5,352.0,3.8826110589273846,6.316434283604927,batch,"[2, 6, 3, 4, 5]"
49027,competitive,32,384,author_paired_lucb,0,5,352.0,10.199045342532312,0.0,batch,"[0, 1, 2, 3, 4]"
49027,competitive,32,384,author_global_voi,2,5,352.0,3.8826110589273846,6.316434283604927,batch,"[3, 4, 5, 2, 1]"
49027,competitive,32,384,author_pivot_voi,0,5,352.0,10.199045342532312,0.0,batch,"[2, 5, 1, 7, 0]"
49027,competitive,32,,all_hf_reference,0,8,544.0,10.199045342532312,0.0,all,"[0, 1, 2, 3, 4, 5, 6, 7]"
49028,cooperative,4,96,pivot_kg,7,2,76.0,6.823143850462024,0.0,budget_exhausted,"[7, 0]"
49028,cooperative,4,96,pivot_kg_stop,7,2,76.0,6.823143850462024,0.0,budget_exhausted,"[7, 0]"
49028,cooperative,4,96,uniform_v2,6,2,76.0,5.356164278496777,1.466979571965247,budget_exhausted,"[3, 7]"
49028,cooperative,4,96,ivr_v2,7,2,76.0,6.823143850462024,0.0,budget_exhausted,"[0, 7]"
49028,cooperative,4,96,lucb_v2,6,2,76.0,5.356164278496777,1.466979571965247,budget_exhausted,"[7, 6]"
49028,cooperative,4,,no_hf_v2,7,0,0.0,6.823143850462024,0.0,no_hf_method,[]
49028,cooperative,4,,proxy_only,7,0,0.0,6.823143850462024,0.0,no_hf_method,[]
49028,cooperative,4,96,author_random_hf,7,2,76.0,6.823143850462024,0.0,batch,"[5, 6]"
49028,cooperative,4,96,author_paired_lucb,6,2,76.0,5.356164278496777,1.466979571965247,batch,"[7, 6]"
49028,cooperative,4,96,author_global_voi,7,2,76.0,6.823143850462024,0.0,batch,"[3, 4]"
49028,cooperative,4,96,author_pivot_voi,7,2,76.0,6.823143850462024,0.0,batch,"[0, 1]"
49028,cooperative,4,192,pivot_kg,6,5,184.0,5.356164278496777,1.466979571965247,budget_exhausted,"[7, 0, 6, 5, 1]"
49028,cooperative,4,192,pivot_kg_stop,6,5,184.0,5.356164278496777,1.466979571965247,budget_exhausted,"[7, 0, 6, 5, 1]"
49028,cooperative,4,192,uniform_v2,6,5,184.0,5.356164278496777,1.466979571965247,budget_exhausted,"[3, 7, 1, 5, 6]"
49028,cooperative,4,192,ivr_v2,6,5,184.0,5.356164278496777,1.466979571965247,budget_exhausted,"[0, 7, 1, 5, 2]"
49028,cooperative,4,192,lucb_v2,6,5,184.0,5.356164278496777,1.466979571965247,budget_exhausted,"[7, 6, 0, 1, 5]"
49028,cooperative,4,192,author_random_hf,7,5,184.0,6.823143850462024,0.0,batch,"[5, 6, 2, 4, 3]"
49028,cooperative,4,192,author_paired_lucb,6,5,184.0,5.356164278496777,1.466979571965247,batch,"[7, 6, 5, 4, 3]"
49028,cooperative,4,192,author_global_voi,6,5,184.0,5.356164278496777,1.466979571965247,batch,"[3, 4, 5, 2, 6]"
49028,cooperative,4,192,author_pivot_voi,7,5,184.0,6.823143850462024,0.0,batch,"[0, 1, 2, 3, 4]"
49028,cooperative,4,384,pivot_kg,6,8,292.0,5.356164278496777,1.466979571965247,budget_exhausted,"[7, 0, 6, 5, 1, 2, 4, 3]"
49028,cooperative,4,384,pivot_kg_stop,6,8,292.0,5.356164278496777,1.466979571965247,budget_exhausted,"[7, 0, 6, 5, 1, 2, 4, 3]"
49028,cooperative,4,384,uniform_v2,6,8,292.0,5.356164278496777,1.466979571965247,budget_exhausted,"[3, 7, 1, 5, 6, 0, 2, 4]"
49028,cooperative,4,384,ivr_v2,6,8,292.0,5.356164278496777,1.466979571965247,budget_exhausted,"[0, 7, 1, 5, 2, 6, 4, 3]"
49028,cooperative,4,384,lucb_v2,6,8,292.0,5.356164278496777,1.466979571965247,budget_exhausted,"[7, 6, 0, 1, 5, 2, 4, 3]"
49028,cooperative,4,384,author_random_hf,6,8,292.0,5.356164278496777,1.466979571965247,batch,"[5, 6, 2, 4, 3, 1, 0, 7]"
49028,cooperative,4,384,author_paired_lucb,6,8,292.0,5.356164278496777,1.466979571965247,batch,"[7, 6, 5, 4, 3, 2, 1, 0]"
49028,cooperative,4,384,author_global_voi,6,8,292.0,5.356164278496777,1.466979571965247,batch,"[3, 4, 5, 2, 6, 1, 7, 0]"
49028,cooperative,4,384,author_pivot_voi,6,8,292.0,5.356164278496777,1.466979571965247,batch,"[0, 1, 2, 3, 4, 5, 6, 7]"
49028,cooperative,4,,all_hf_reference,6,8,292.0,5.356164278496777,1.466979571965247,all,"[0, 1, 2, 3, 4, 5, 6, 7]"
49028,cooperative,32,96,pivot_kg,7,1,96.0,25.328183191188238,0.0,budget_exhausted,[7]
49028,cooperative,32,96,pivot_kg_stop,7,1,96.0,25.328183191188238,0.0,budget_exhausted,[7]
49028,cooperative,32,96,uniform_v2,7,1,96.0,25.328183191188238,0.0,budget_exhausted,[3]
49028,cooperative,32,96,ivr_v2,7,1,96.0,25.328183191188238,0.0,budget_exhausted,[7]
49028,cooperative,32,96,lucb_v2,7,1,96.0,25.328183191188238,0.0,budget_exhausted,[7]
49028,cooperative,32,,no_hf_v2,7,0,0.0,25.328183191188238,0.0,no_hf_method,[]
49028,cooperative,32,,proxy_only,7,0,0.0,25.328183191188238,0.0,no_hf_method,[]
49028,cooperative,32,96,author_random_hf,5,1,96.0,17.468960644632816,7.859222546555422,batch,[5]
49028,cooperative,32,96,author_paired_lucb,7,1,96.0,25.328183191188238,0.0,batch,[7]
49028,cooperative,32,96,author_global_voi,7,1,96.0,25.328183191188238,0.0,batch,[3]
49028,cooperative,32,96,author_pivot_voi,7,1,96.0,25.328183191188238,0.0,batch,[0]
49028,cooperative,32,192,pivot_kg,6,2,160.0,23.127805048671362,2.2003781425168754,budget_exhausted,"[7, 6]"
49028,cooperative,32,192,pivot_kg_stop,6,2,160.0,23.127805048671362,2.2003781425168754,budget_exhausted,"[7, 6]"
49028,cooperative,32,192,uniform_v2,7,2,160.0,25.328183191188238,0.0,budget_exhausted,"[3, 7]"
49028,cooperative,32,192,ivr_v2,6,2,160.0,23.127805048671362,2.2003781425168754,budget_exhausted,"[7, 6]"
49028,cooperative,32,192,lucb_v2,6,2,160.0,23.127805048671362,2.2003781425168754,budget_exhausted,"[7, 6]"
49028,cooperative,32,192,author_random_hf,6,2,160.0,23.127805048671362,2.2003781425168754,batch,"[5, 6]"
49028,cooperative,32,192,author_paired_lucb,6,2,160.0,23.127805048671362,2.2003781425168754,batch,"[7, 6]"
49028,cooperative,32,192,author_global_voi,4,2,160.0,8.727776848130517,16.60040634305772,batch,"[3, 4]"
49028,cooperative,32,192,author_pivot_voi,7,2,160.0,25.328183191188238,0.0,batch,"[0, 1]"
49028,cooperative,32,384,pivot_kg,6,5,352.0,23.127805048671362,2.2003781425168754,budget_exhausted,"[7, 6, 5, 0, 1]"
49028,cooperative,32,384,pivot_kg_stop,6,5,352.0,23.127805048671362,2.2003781425168754,budget_exhausted,"[7, 6, 5, 0, 1]"
49028,cooperative,32,384,uniform_v2,6,5,352.0,23.127805048671362,2.2003781425168754,budget_exhausted,"[3, 7, 1, 5, 6]"
49028,cooperative,32,384,ivr_v2,6,5,352.0,23.127805048671362,2.2003781425168754,budget_exhausted,"[7, 6, 0, 1, 5]"
49028,cooperative,32,384,lucb_v2,6,5,352.0,23.127805048671362,2.2003781425168754,budget_exhausted,"[7, 6, 0, 1, 5]"
49028,cooperative,32,384,author_random_hf,6,5,352.0,23.127805048671362,2.2003781425168754,batch,"[5, 6, 2, 4, 3]"
49028,cooperative,32,384,author_paired_lucb,6,5,352.0,23.127805048671362,2.2003781425168754,batch,"[7, 6, 5, 4, 3]"
49028,cooperative,32,384,author_global_voi,6,5,352.0,23.127805048671362,2.2003781425168754,batch,"[3, 4, 5, 2, 6]"
49028,cooperative,32,384,author_pivot_voi,4,5,352.0,8.727776848130517,16.60040634305772,batch,"[0, 1, 2, 3, 4]"
49028,cooperative,32,,all_hf_reference,6,8,544.0,23.127805048671362,2.2003781425168754,all,"[0, 1, 2, 3, 4, 5, 6, 7]"
49029,competitive,4,96,pivot_kg,0,2,76.0,-1.0533013925450092,3.263125000012849,budget_exhausted,"[0, 1]"
49029,competitive,4,96,pivot_kg_stop,0,2,76.0,-1.0533013925450092,3.263125000012849,budget_exhausted,"[0, 1]"
49029,competitive,4,96,uniform_v2,0,2,76.0,-1.0533013925450092,3.263125000012849,budget_exhausted,"[7, 2]"
49029,competitive,4,96,ivr_v2,0,2,76.0,-1.0533013925450092,3.263125000012849,budget_exhausted,"[0, 7]"
49029,competitive,4,96,lucb_v2,0,2,76.0,-1.0533013925450092,3.263125000012849,budget_exhausted,"[0, 1]"
49029,competitive,4,,no_hf_v2,0,0,0.0,-1.0533013925450092,3.263125000012849,no_hf_method,[]
49029,competitive,4,,proxy_only,0,0,0.0,-1.0533013925450092,3.263125000012849,no_hf_method,[]
49029,competitive,4,96,author_random_hf,1,2,76.0,-0.7724210211996692,2.982244628667509,batch,"[4, 1]"
49029,competitive,4,96,author_paired_lucb,0,2,76.0,-1.0533013925450092,3.263125000012849,batch,"[0, 1]"
49029,competitive,4,96,author_global_voi,0,2,76.0,-1.0533013925450092,3.263125000012849,batch,"[3, 4]"
49029,competitive,4,96,author_pivot_voi,0,2,76.0,-1.0533013925450092,3.263125000012849,batch,"[0, 1]"
49029,competitive,4,192,pivot_kg,0,5,184.0,-1.0533013925450092,3.263125000012849,budget_exhausted,"[0, 1, 2, 7, 5]"
49029,competitive,4,192,pivot_kg_stop,0,5,184.0,-1.0533013925450092,3.263125000012849,budget_exhausted,"[0, 1, 2, 7, 5]"
49029,competitive,4,192,uniform_v2,6,5,184.0,2.2098236074678397,0.0,budget_exhausted,"[7, 2, 5, 4, 6]"
49029,competitive,4,192,ivr_v2,0,5,184.0,-1.0533013925450092,3.263125000012849,budget_exhausted,"[0, 7, 1, 5, 2]"
49029,competitive,4,192,lucb_v2,0,5,184.0,-1.0533013925450092,3.263125000012849,budget_exhausted,"[0, 1, 7, 6, 5]"
49029,competitive,4,192,author_random_hf,1,5,184.0,-0.7724210211996692,2.982244628667509,batch,"[4, 1, 3, 2, 5]"
49029,competitive,4,192,author_paired_lucb,0,5,184.0,-1.0533013925450092,3.263125000012849,batch,"[0, 1, 2, 3, 4]"
49029,competitive,4,192,author_global_voi,6,5,184.0,2.2098236074678397,0.0,batch,"[3, 4, 2, 5, 6]"
49029,competitive,4,192,author_pivot_voi,0,5,184.0,-1.0533013925450092,3.263125000012849,batch,"[0, 1, 2, 3, 4]"
49029,competitive,4,384,pivot_kg,0,8,292.0,-1.0533013925450092,3.263125000012849,budget_exhausted,"[0, 1, 2, 7, 5, 6, 4, 3]"
49029,competitive,4,384,pivot_kg_stop,0,8,292.0,-1.0533013925450092,3.263125000012849,budget_exhausted,"[0, 1, 2, 7, 5, 6, 4, 3]"
49029,competitive,4,384,uniform_v2,0,8,292.0,-1.0533013925450092,3.263125000012849,budget_exhausted,"[7, 2, 5, 4, 6, 1, 0, 3]"
49029,competitive,4,384,ivr_v2,0,8,292.0,-1.0533013925450092,3.263125000012849,budget_exhausted,"[0, 7, 1, 5, 2, 6, 4, 3]"
49029,competitive,4,384,lucb_v2,0,8,292.0,-1.0533013925450092,3.263125000012849,budget_exhausted,"[0, 1, 7, 6, 5, 2, 4, 3]"
49029,competitive,4,384,author_random_hf,6,8,292.0,2.2098236074678397,0.0,batch,"[4, 1, 3, 2, 5, 0, 6, 7]"
49029,competitive,4,384,author_paired_lucb,6,8,292.0,2.2098236074678397,0.0,batch,"[0, 1, 2, 3, 4, 5, 6, 7]"
49029,competitive,4,384,author_global_voi,6,8,292.0,2.2098236074678397,0.0,batch,"[3, 4, 2, 5, 6, 1, 0, 7]"
49029,competitive,4,384,author_pivot_voi,6,8,292.0,2.2098236074678397,0.0,batch,"[0, 1, 2, 3, 4, 5, 6, 7]"
49029,competitive,4,,all_hf_reference,6,8,292.0,2.2098236074678397,0.0,all,"[0, 1, 2, 3, 4, 5, 6, 7]"
49029,competitive,32,96,pivot_kg,0,1,96.0,6.772229707274352,0.0,budget_exhausted,[7]
49029,competitive,32,96,pivot_kg_stop,0,1,96.0,6.772229707274352,0.0,budget_exhausted,[7]
49029,competitive,32,96,uniform_v2,0,1,96.0,6.772229707274352,0.0,budget_exhausted,[7]
49029,competitive,32,96,ivr_v2,0,1,96.0,6.772229707274352,0.0,budget_exhausted,[7]
49029,competitive,32,96,lucb_v2,0,1,96.0,6.772229707274352,0.0,budget_exhausted,[7]
49029,competitive,32,,no_hf_v2,0,0,0.0,6.772229707274352,0.0,no_hf_method,[]
49029,competitive,32,,proxy_only,0,0,0.0,6.772229707274352,0.0,no_hf_method,[]
49029,competitive,32,96,author_random_hf,0,1,96.0,6.772229707274352,0.0,batch,[4]
49029,competitive,32,96,author_paired_lucb,0,1,96.0,6.772229707274352,0.0,batch,[0]
49029,competitive,32,96,author_global_voi,0,1,96.0,6.772229707274352,0.0,batch,[3]
49029,competitive,32,96,author_pivot_voi,0,1,96.0,6.772229707274352,0.0,batch,[3]
49029,competitive,32,192,pivot_kg,0,2,160.0,6.772229707274352,0.0,budget_exhausted,"[7, 6]"
49029,competitive,32,192,pivot_kg_stop,0,2,160.0,6.772229707274352,0.0,budget_exhausted,"[7, 6]"
49029,competitive,32,192,uniform_v2,0,2,160.0,6.772229707274352,0.0,budget_exhausted,"[7, 2]"
49029,competitive,32,192,ivr_v2,0,2,160.0,6.772229707274352,0.0,budget_exhausted,"[7, 6]"
49029,competitive,32,192,lucb_v2,0,2,160.0,6.772229707274352,0.0,budget_exhausted,"[7, 6]"
49029,competitive,32,192,author_random_hf,1,2,160.0,5.044534069441074,1.7276956378332784,batch,"[4, 1]"
49029,competitive,32,192,author_paired_lucb,0,2,160.0,6.772229707274352,0.0,batch,"[0, 1]"
49029,competitive,32,192,author_global_voi,0,2,160.0,6.772229707274352,0.0,batch,"[3, 4]"
49029,competitive,32,192,author_pivot_voi,6,2,160.0,0.5259476388580708,6.246282068416281,batch,"[3, 6]"
49029,competitive,32,384,pivot_kg,0,5,352.0,6.772229707274352,0.0,budget_exhausted,"[7, 6, 0, 1, 5]"
49029,competitive,32,384,pivot_kg_stop,0,5,352.0,6.772229707274352,0.0,budget_exhausted,"[7, 6, 0, 1, 5]"
49029,competitive,32,384,uniform_v2,0,5,352.0,6.772229707274352,0.0,budget_exhausted,"[7, 2, 5, 4, 6]"
49029,competitive,32,384,ivr_v2,0,5,352.0,6.772229707274352,0.0,budget_exhausted,"[7, 6, 0, 1, 5]"
49029,competitive,32,384,lucb_v2,0,5,352.0,6.772229707274352,0.0,budget_exhausted,"[7, 6, 0, 1, 5]"
49029,competitive,32,384,author_random_hf,1,5,352.0,5.044534069441074,1.7276956378332784,batch,"[4, 1, 3, 2, 5]"
49029,competitive,32,384,author_paired_lucb,0,5,352.0,6.772229707274352,0.0,batch,"[0, 1, 2, 3, 4]"
49029,competitive,32,384,author_global_voi,2,5,352.0,2.391348301547442,4.38088140572691,batch,"[3, 4, 2, 5, 6]"
49029,competitive,32,384,author_pivot_voi,1,5,352.0,5.044534069441074,1.7276956378332784,batch,"[3, 6, 2, 1, 5]"
49029,competitive,32,,all_hf_reference,0,8,544.0,6.772229707274352,0.0,all,"[0, 1, 2, 3, 4, 5, 6, 7]"
