root,adaptation,budget_queries,method,selected_idx,hf_queries,hf_episode_cost,hf_native_environment_steps,hf_native_agent_steps,hf_native_episode_compute_seconds,selected_audit_gain,empirical_oracle_regret,queries,selected_distribution,allocation_mc_se_gain
301,4,1,pivot_kg,6,1,24,7193.0,44082.0,74.73609485907946,16.749003061617287,0.0,[5],,
301,4,1,uniform_v2,6,1,24,6974.0,43044.0,73.42944491520757,16.749003061617287,0.0,[2],,
301,4,1,ivr_v2,6,1,24,7193.0,44082.0,74.73609485907946,16.749003061617287,0.0,[5],,
301,4,1,lucb_v2,6,1,24,7193.0,44082.0,74.73609485907946,16.749003061617287,0.0,[5],,
301,4,1,no_hf_v2,6,0,0,0.0,0.0,0.0,16.749003061617287,0.0,[],,
301,4,1,proxy_only,5,0,0,0.0,0.0,0.0,-1.1140730799842813,17.863076141601567,[],,
301,4,1,global_voi_heuristic,6,1,24,6974.0,43044.0,73.42944491520757,16.749003061617287,0.0,[2],,
301,4,1,uniform_v2_expected_100,,1,24,7133.45,42240.44,72.11238305249135,16.749003061617287,0.0,,"[6, 6, 6, 6, 6, 6, 6, 6, 6, 6, 6, 6, 6, 6, 6, 6, 6, 6, 6, 6, 6, 6, 6, 6, 6, 6, 6, 6, 6, 6, 6, 6, 6, 6, 6, 6, 6, 6, 6, 6, 6, 6, 6, 6, 6, 6, 6, 6, 6, 6, 6, 6, 6, 6, 6, 6, 6, 6, 6, 6, 6, 6, 6, 6, 6, 6, 6, 6, 6, 6, 6, 6, 6, 6, 6, 6, 6, 6, 6, 6, 6, 6, 6, 6, 6, 6, 6, 6, 6, 6, 6, 6, 6, 6, 6, 6, 6, 6, 6, 6]",0.0
301,4,2,pivot_kg,6,2,40,11961.0,70106.0,119.63672776799649,16.749003061617287,0.0,"[5, 4]",,
301,4,2,uniform_v2,6,2,40,11742.0,69068.0,118.3300778241246,16.749003061617287,0.0,"[2, 4]",,
301,4,2,ivr_v2,6,2,40,11961.0,70106.0,119.63672776799649,16.749003061617287,0.0,"[5, 4]",,
301,4,2,lucb_v2,6,2,40,11993.0,72164.0,122.65429100213805,16.749003061617287,0.0,"[5, 6]",,
301,4,2,no_hf_v2,6,0,0,0.0,0.0,0.0,16.749003061617287,0.0,[],,
301,4,2,proxy_only,5,0,0,0.0,0.0,0.0,-1.1140730799842813,17.863076141601567,[],,
301,4,2,global_voi_heuristic,6,2,40,11744.0,68245.0,117.09147733915597,16.749003061617287,0.0,"[2, 1]",,
301,4,2,uniform_v2_expected_100,,2,40,11878.06,70146.34,119.77028683362761,16.749003061617287,0.0,,"[6, 6, 6, 6, 6, 6, 6, 6, 6, 6, 6, 6, 6, 6, 6, 6, 6, 6, 6, 6, 6, 6, 6, 6, 6, 6, 6, 6, 6, 6, 6, 6, 6, 6, 6, 6, 6, 6, 6, 6, 6, 6, 6, 6, 6, 6, 6, 6, 6, 6, 6, 6, 6, 6, 6, 6, 6, 6, 6, 6, 6, 6, 6, 6, 6, 6, 6, 6, 6, 6, 6, 6, 6, 6, 6, 6, 6, 6, 6, 6, 6, 6, 6, 6, 6, 6, 6, 6, 6, 6, 6, 6, 6, 6, 6, 6, 6, 6, 6, 6]",0.0
301,4,4,pivot_kg,6,4,72,21531.0,123389.0,211.2169563350035,16.749003061617287,0.0,"[5, 4, 6, 1]",,
301,4,4,uniform_v2,6,4,72,21298.0,124873.0,213.49893667799188,16.749003061617287,0.0,"[2, 4, 1, 3]",,
301,4,4,ivr_v2,6,4,72,21531.0,123389.0,211.2169563350035,16.749003061617287,0.0,"[5, 4, 1, 6]",,
301,4,4,lucb_v2,6,4,72,21531.0,123389.0,211.2169563350035,16.749003061617287,0.0,"[5, 6, 4, 1]",,
301,4,4,no_hf_v2,6,0,0,0.0,0.0,0.0,16.749003061617287,0.0,[],,
301,4,4,proxy_only,5,0,0,0.0,0.0,0.0,-1.1140730799842813,17.863076141601567,[],,
301,4,4,global_voi_heuristic,6,4,72,21338.0,126199.0,215.47775347321294,16.749003061617287,0.0,"[2, 1, 6, 5]",,
301,4,4,uniform_v2_expected_100,,4,72,21374.5,126377.92,215.6822557959787,13.712280117545019,3.0367229440722685,,"[6, 6, 6, 6, 6, 6, 6, 6, 6, 5, 6, 6, 6, 6, 6, 5, 5, 6, 6, 6, 6, 6, 5, 6, 6, 6, 6, 6, 6, 6, 6, 6, 6, 5, 5, 6, 6, 6, 6, 6, 6, 6, 6, 6, 6, 5, 6, 6, 5, 6, 6, 6, 6, 6, 6, 5, 6, 6, 6, 5, 6, 6, 6, 5, 6, 6, 6, 6, 6, 6, 5, 5, 5, 6, 6, 6, 6, 6, 6, 6, 6, 6, 6, 5, 6, 6, 6, 5, 6, 5, 6, 6, 6, 6, 6, 6, 6, 6, 6, 6]",0.6743760822580992
301,4,1,author_PIVOT_VOI_E5C,6,1,24,7169.0,39411.0,67.93004729202949,16.749003061617287,0.0,[1],,
301,4,1,author_GlobalVOI_E5C,5,1,24,7199.0,42292.0,72.18621101113968,-1.1140730799842813,17.863076141601567,[6],,
301,4,1,author_Uniform_E5C,6,1,24,7193.0,44082.0,74.73609485907946,16.749003061617287,0.0,[5],,
301,4,1,author_LUCB_E5C,5,1,24,7199.0,42292.0,72.18621101113968,-1.1140730799842813,17.863076141601567,[6],,
301,4,2,author_PIVOT_VOI_E5C,6,2,40,11744.0,68245.0,117.09147733915597,16.749003061617287,0.0,"[1, 2]",,
301,4,2,author_GlobalVOI_E5C,5,2,40,11774.0,71126.0,121.34764105826616,-1.1140730799842813,17.863076141601567,"[6, 2]",,
301,4,2,author_Uniform_E5C,1,2,40,11963.0,69283.0,118.39812728302786,0.7053664843732252,16.04363657724406,"[5, 1]",,
301,4,2,author_LUCB_E5C,2,2,40,11993.0,72164.0,122.65429100213805,2.7845405043653306,13.964462557251956,"[6, 5]",,
301,4,4,author_PIVOT_VOI_E5C,6,4,72,21298.0,124873.0,213.49893667799188,16.749003061617287,0.0,"[1, 2, 3, 4]",,
301,4,4,author_GlobalVOI_E5C,1,4,72,21338.0,126199.0,215.47775347321294,0.7053664843732252,16.04363657724406,"[6, 2, 1, 5]",,
301,4,4,author_Uniform_E5C,1,4,72,21549.0,127969.0,217.82314985600533,0.7053664843732252,16.04363657724406,"[5, 1, 3, 6]",,
301,4,4,author_LUCB_E5C,1,4,72,21338.0,126199.0,215.47775347321294,0.7053664843732252,16.04363657724406,"[6, 5, 2, 1]",,
301,12,1,pivot_kg,6,1,56,16793.0,99760.0,168.81324072519783,0.08067812257802665,0.6860237344888054,[5],,
301,12,1,uniform_v2,6,1,56,16782.0,99452.0,168.5313988320413,0.08067812257802665,0.6860237344888054,[2],,
301,12,1,ivr_v2,6,1,56,16793.0,99760.0,168.81324072519783,0.08067812257802665,0.6860237344888054,[5],,
301,12,1,lucb_v2,6,1,56,16793.0,99760.0,168.81324072519783,0.08067812257802665,0.6860237344888054,[5],,
301,12,1,no_hf_v2,6,0,0,0.0,0.0,0.0,0.08067812257802665,0.6860237344888054,[],,
301,12,1,proxy_only,5,0,0,0.0,0.0,0.0,-2.2908560966969773,3.0575579537638093,[],,
301,12,1,global_voi_heuristic,6,1,56,16782.0,99452.0,168.5313988320413,0.08067812257802665,0.6860237344888054,[2],,
301,12,1,uniform_v2_expected_100,,1,56,16792.21,99439.6,168.51098786151618,0.08067812257802665,0.6860237344888054,,"[6, 6, 6, 6, 6, 6, 6, 6, 6, 6, 6, 6, 6, 6, 6, 6, 6, 6, 6, 6, 6, 6, 6, 6, 6, 6, 6, 6, 6, 6, 6, 6, 6, 6, 6, 6, 6, 6, 6, 6, 6, 6, 6, 6, 6, 6, 6, 6, 6, 6, 6, 6, 6, 6, 6, 6, 6, 6, 6, 6, 6, 6, 6, 6, 6, 6, 6, 6, 6, 6, 6, 6, 6, 6, 6, 6, 6, 6, 6, 6, 6, 6, 6, 6, 6, 6, 6, 6, 6, 6, 6, 6, 6, 6, 6, 6, 6, 6, 6, 6]",0.0
301,12,2,pivot_kg,6,2,88,26393.0,156131.0,264.2377036641119,0.08067812257802665,0.6860237344888054,"[5, 6]",,
301,12,2,uniform_v2,6,2,88,26382.0,155377.0,263.5171811868786,0.08067812257802665,0.6860237344888054,"[2, 4]",,
301,12,2,ivr_v2,6,2,88,26393.0,155685.0,263.7990230800351,0.08067812257802665,0.6860237344888054,"[5, 4]",,
301,12,2,lucb_v2,6,2,88,26393.0,155685.0,263.7990230800351,0.08067812257802665,0.6860237344888054,"[5, 4]",,
301,12,2,no_hf_v2,6,0,0,0.0,0.0,0.0,0.08067812257802665,0.6860237344888054,[],,
301,12,2,proxy_only,5,0,0,0.0,0.0,0.0,-2.2908560966969773,3.0575579537638093,[],,
301,12,2,global_voi_heuristic,6,2,88,26382.0,157044.0,266.0696613591281,0.08067812257802665,0.6860237344888054,"[2, 1]",,
301,12,2,uniform_v2_expected_100,,2,88,26386.5,156138.78,264.5003011055489,0.08067812257802665,0.6860237344888054,,"[6, 6, 6, 6, 6, 6, 6, 6, 6, 6, 6, 6, 6, 6, 6, 6, 6, 6, 6, 6, 6, 6, 6, 6, 6, 6, 6, 6, 6, 6, 6, 6, 6, 6, 6, 6, 6, 6, 6, 6, 6, 6, 6, 6, 6, 6, 6, 6, 6, 6, 6, 6, 6, 6, 6, 6, 6, 6, 6, 6, 6, 6, 6, 6, 6, 6, 6, 6, 6, 6, 6, 6, 6, 6, 6, 6, 6, 6, 6, 6, 6, 6, 6, 6, 6, 6, 6, 6, 6, 6, 6, 6, 6, 6, 6, 6, 6, 6, 6, 6]",0.0
301,12,4,pivot_kg,6,4,152,45593.0,269648.0,456.76174854603596,0.08067812257802665,0.6860237344888054,"[5, 6, 4, 1]",,
301,12,4,uniform_v2,6,4,152,45568.0,269576.0,456.7087410710519,0.08067812257802665,0.6860237344888054,"[2, 4, 1, 3]",,
301,12,4,ivr_v2,6,4,152,45593.0,269648.0,456.76174854603596,0.08067812257802665,0.6860237344888054,"[5, 4, 6, 1]",,
301,12,4,lucb_v2,6,4,152,45593.0,269648.0,456.76174854603596,0.08067812257802665,0.6860237344888054,"[5, 4, 6, 1]",,
301,12,4,no_hf_v2,6,0,0,0.0,0.0,0.0,0.08067812257802665,0.6860237344888054,[],,
301,12,4,proxy_only,5,0,0,0.0,0.0,0.0,-2.2908560966969773,3.0575579537638093,[],,
301,12,4,global_voi_heuristic,6,4,152,45576.0,270352.0,457.6616550661274,0.08067812257802665,0.6860237344888054,"[2, 1, 6, 5]",,
301,12,4,uniform_v2_expected_100,,4,152,45574.14,269481.2,456.36660902527626,0.009532095999776526,0.7571697610670555,,"[6, 6, 6, 6, 6, 6, 6, 6, 6, 6, 6, 6, 6, 6, 6, 6, 6, 6, 6, 6, 6, 6, 6, 6, 6, 6, 6, 6, 6, 6, 6, 6, 6, 6, 6, 6, 6, 6, 6, 6, 6, 6, 6, 6, 6, 5, 6, 6, 6, 6, 6, 6, 6, 6, 6, 6, 6, 6, 6, 6, 6, 6, 6, 5, 6, 6, 6, 6, 6, 6, 6, 6, 5, 6, 6, 6, 6, 6, 6, 6, 6, 6, 6, 6, 6, 6, 6, 6, 6, 6, 6, 6, 6, 6, 6, 6, 6, 6, 6, 6]",0.04065914976453279
301,12,1,author_PIVOT_VOI_E5C,6,1,56,16799.0,98748.0,167.63149231194984,0.08067812257802665,0.6860237344888054,[4],,
301,12,1,author_GlobalVOI_E5C,5,1,56,16799.0,99194.0,168.07017289602663,-2.2908560966969773,3.0575579537638093,[6],,
301,12,1,author_Uniform_E5C,6,1,56,16793.0,99760.0,168.81324072519783,0.08067812257802665,0.6860237344888054,[5],,
301,12,1,author_LUCB_E5C,5,1,56,16799.0,99194.0,168.07017289602663,-2.2908560966969773,3.0575579537638093,[6],,
301,12,2,author_PIVOT_VOI_E5C,6,2,88,26399.0,156340.0,265.1697548390366,0.08067812257802665,0.6860237344888054,"[4, 1]",,
301,12,2,author_GlobalVOI_E5C,2,2,88,26382.0,155823.0,263.9558617709554,0.766701857066832,0.0,"[6, 2]",,
301,12,2,author_Uniform_E5C,1,2,88,26393.0,157352.0,266.3515032522846,-16.532902295877523,17.299604152944354,"[5, 1]",,
301,12,2,author_LUCB_E5C,6,2,88,26393.0,156131.0,264.2377036641119,0.08067812257802665,0.6860237344888054,"[6, 5]",,
301,12,4,author_PIVOT_VOI_E5C,3,4,152,45568.0,269576.0,456.7087410710519,-0.2485743325378671,1.0152761896046991,"[4, 1, 2, 3]",,
301,12,4,author_GlobalVOI_E5C,1,4,152,45576.0,270352.0,457.6616550661274,-16.532902295877523,17.299604152944354,"[6, 2, 1, 5]",,
301,12,4,author_Uniform_E5C,3,4,152,45579.0,270330.0,457.42926354828523,-0.2485743325378671,1.0152761896046991,"[5, 1, 3, 6]",,
301,12,4,author_LUCB_E5C,1,4,152,45576.0,270352.0,457.6616550661274,-16.532902295877523,17.299604152944354,"[6, 5, 2, 1]",,
302,4,1,pivot_kg,6,1,24,7200.0,49800.0,83.35314526502043,-5.799354775907059,7.317216476208891,[4],,
302,4,1,uniform_v2,5,1,24,7200.0,47712.0,79.64819507295033,-2.933283440824266,4.451145141126098,[5],,
302,4,1,ivr_v2,5,1,24,7200.0,47712.0,79.64819507295033,-2.933283440824266,4.451145141126098,[5],,
302,4,1,lucb_v2,5,1,24,7200.0,47712.0,79.64819507295033,-2.933283440824266,4.451145141126098,[5],,
302,4,1,no_hf_v2,6,0,0,0.0,0.0,0.0,-5.799354775907059,7.317216476208891,[],,
302,4,1,proxy_only,5,0,0,0.0,0.0,0.0,-2.933283440824266,4.451145141126098,[],,
302,4,1,global_voi_heuristic,6,1,24,7200.0,49086.0,82.0321038311231,-5.799354775907059,7.317216476208891,[2],,
302,4,1,uniform_v2_expected_100,,1,24,7200.0,49381.63,82.46426003751694,-4.240273416316926,5.758135116618758,,"[6, 6, 3, 5, 3, 5, 5, 5, 6, 6, 6, 3, 6, 6, 6, 6, 6, 6, 6, 5, 3, 5, 6, 3, 5, 6, 3, 5, 6, 6, 6, 6, 6, 6, 5, 6, 3, 6, 6, 3, 6, 3, 6, 6, 3, 6, 6, 6, 3, 6, 6, 6, 6, 6, 6, 5, 6, 6, 6, 6, 6, 6, 6, 5, 6, 5, 6, 5, 3, 6, 3, 3, 6, 6, 6, 6, 3, 5, 3, 6, 6, 6, 6, 3, 6, 6, 5, 6, 6, 6, 6, 6, 6, 5, 6, 6, 6, 6, 6, 6]",0.24634318648438266
302,4,2,pivot_kg,5,2,40,12000.0,80536.0,135.10100131796207,-2.933283440824266,4.451145141126098,"[4, 5]",,
302,4,2,uniform_v2,5,2,40,12000.0,80536.0,135.10100131796207,-2.933283440824266,4.451145141126098,"[5, 4]",,
302,4,2,ivr_v2,5,2,40,12000.0,80536.0,135.10100131796207,-2.933283440824266,4.451145141126098,"[5, 4]",,
302,4,2,lucb_v2,5,2,40,12000.0,80536.0,135.10100131796207,-2.933283440824266,4.451145141126098,"[5, 4]",,
302,4,2,no_hf_v2,6,0,0,0.0,0.0,0.0,-5.799354775907059,7.317216476208891,[],,
302,4,2,proxy_only,5,0,0,0.0,0.0,0.0,-2.933283440824266,4.451145141126098,[],,
302,4,2,global_voi_heuristic,4,2,40,12000.0,81373.0,136.49951791699277,-23.02122121997357,24.5390829202754,"[2, 3]",,
302,4,2,uniform_v2_expected_100,,2,40,12000.0,82024.41,137.35813652576763,-4.519506978951347,6.03736867925318,,"[6, 6, 3, 5, 3, 5, 5, 5, 6, 6, 6, 3, 6, 6, 5, 6, 3, 6, 5, 5, 3, 5, 3, 3, 5, 3, 3, 5, 4, 3, 3, 6, 3, 3, 5, 4, 5, 6, 6, 3, 5, 5, 6, 6, 3, 5, 5, 6, 5, 6, 6, 6, 5, 6, 4, 5, 5, 4, 6, 6, 5, 3, 4, 5, 4, 5, 6, 5, 3, 5, 3, 3, 3, 6, 5, 3, 3, 5, 3, 6, 6, 3, 6, 5, 6, 4, 5, 3, 6, 6, 5, 6, 5, 5, 6, 6, 5, 3, 4, 5]",0.6011621482800928
302,4,4,pivot_kg,5,4,72,21600.0,148051.0,248.12559139815858,-2.933283440824266,4.451145141126098,"[4, 5, 6, 1]",,
302,4,4,uniform_v2,5,4,72,21600.0,145040.0,243.6302919468726,-2.933283440824266,4.451145141126098,"[5, 4, 6, 3]",,
302,4,4,ivr_v2,5,4,72,21600.0,148051.0,248.12559139815858,-2.933283440824266,4.451145141126098,"[5, 4, 1, 6]",,
302,4,4,lucb_v2,5,4,72,21600.0,148051.0,248.12559139815858,-2.933283440824266,4.451145141126098,"[5, 4, 6, 1]",,
302,4,4,no_hf_v2,6,0,0,0.0,0.0,0.0,-5.799354775907059,7.317216476208891,[],,
302,4,4,proxy_only,5,0,0,0.0,0.0,0.0,-2.933283440824266,4.451145141126098,[],,
302,4,4,global_voi_heuristic,5,4,72,21600.0,144933.0,243.70018021494616,-2.933283440824266,4.451145141126098,"[2, 3, 4, 5]",,
302,4,4,uniform_v2_expected_100,,4,72,21600.0,147250.17,247.06289113855573,-1.6345774711500787,3.152439171451911,,"[5, 3, 3, 5, 5, 5, 5, 5, 3, 5, 5, 5, 3, 3, 5, 5, 5, 5, 5, 5, 3, 5, 3, 3, 5, 5, 3, 5, 3, 5, 5, 3, 5, 3, 5, 3, 5, 3, 3, 5, 5, 5, 3, 3, 5, 5, 5, 5, 5, 5, 3, 3, 5, 5, 5, 5, 5, 5, 3, 5, 5, 5, 3, 5, 3, 5, 5, 5, 3, 5, 3, 3, 3, 5, 5, 5, 3, 5, 3, 5, 3, 5, 3, 5, 5, 5, 5, 3, 3, 3, 5, 5, 5, 5, 3, 5, 5, 3, 3, 5]",0.17403314805672548
302,4,1,author_PIVOT_VOI_E5C,6,1,24,7200.0,52274.0,86.86305255716434,-5.799354775907059,7.317216476208891,[1],,
302,4,1,author_GlobalVOI_E5C,3,1,24,7200.0,49263.0,82.36775310587836,0.6742331416040312,0.8436285586978012,[3],,
302,4,1,author_Uniform_E5C,5,1,24,7200.0,47712.0,79.64819507295033,-2.933283440824266,4.451145141126098,[5],,
302,4,1,author_LUCB_E5C,4,1,24,7200.0,49193.0,81.96221556304954,-23.02122121997357,24.5390829202754,[6],,
302,4,2,author_PIVOT_VOI_E5C,6,2,40,12000.0,84384.0,140.99481736827875,-5.799354775907059,7.317216476208891,"[1, 2]",,
302,4,2,author_GlobalVOI_E5C,3,2,40,12000.0,82087.0,137.8205593508901,0.6742331416040312,0.8436285586978012,"[3, 4]",,
302,4,2,author_Uniform_E5C,5,2,40,12000.0,83010.0,138.61090861010598,-2.933283440824266,4.451145141126098,"[5, 1]",,
302,4,2,author_LUCB_E5C,3,2,40,12000.0,82017.0,137.41502180806128,0.6742331416040312,0.8436285586978012,"[6, 4]",,
302,4,4,author_PIVOT_VOI_E5C,3,4,72,21600.0,149495.0,250.91503769916017,0.6742331416040312,0.8436285586978012,"[1, 2, 3, 4]",,
302,4,4,author_GlobalVOI_E5C,3,4,72,21600.0,146414.0,246.01420070504537,0.6742331416040312,0.8436285586978012,"[3, 4, 6, 2]",,
302,4,4,author_Uniform_E5C,5,4,72,21600.0,147407.0,247.21008750709007,-2.933283440824266,4.451145141126098,"[5, 1, 3, 2]",,
302,4,4,author_LUCB_E5C,3,4,72,21600.0,146414.0,246.01420070504537,0.6742331416040312,0.8436285586978012,"[6, 4, 3, 2]",,
302,12,1,pivot_kg,6,1,56,16800.0,118094.0,196.84439613803988,-5.799354775907059,7.317216476208891,[4],,
302,12,1,uniform_v2,5,1,56,16800.0,116430.0,193.86285801482154,-2.933283440824266,4.451145141126098,[5],,
302,12,1,ivr_v2,5,1,56,16800.0,116430.0,193.86285801482154,-2.933283440824266,4.451145141126098,[5],,
302,12,1,lucb_v2,5,1,56,16800.0,116430.0,193.86285801482154,-2.933283440824266,4.451145141126098,[5],,
302,12,1,no_hf_v2,6,0,0,0.0,0.0,0.0,-5.799354775907059,7.317216476208891,[],,
302,12,1,proxy_only,5,0,0,0.0,0.0,0.0,-2.933283440824266,4.451145141126098,[],,
302,12,1,global_voi_heuristic,6,1,56,16800.0,116897.0,194.83201500884024,-5.799354775907059,7.317216476208891,[3],,
302,12,1,uniform_v2_expected_100,,1,56,16800.0,117541.52,195.7833992881584,-4.240273416316926,5.758135116618758,,"[6, 6, 3, 5, 3, 5, 5, 5, 6, 6, 6, 3, 6, 6, 6, 6, 6, 6, 6, 5, 3, 5, 6, 3, 5, 6, 3, 5, 6, 6, 6, 6, 6, 6, 5, 6, 3, 6, 6, 3, 6, 3, 6, 6, 3, 6, 6, 6, 3, 6, 6, 6, 6, 6, 6, 5, 6, 6, 6, 6, 6, 6, 6, 5, 6, 5, 6, 5, 3, 6, 3, 3, 6, 6, 6, 6, 3, 5, 3, 6, 6, 6, 6, 3, 6, 6, 5, 6, 6, 6, 6, 6, 6, 5, 6, 6, 6, 6, 6, 6]",0.24634318648438266
302,12,2,pivot_kg,3,2,88,26400.0,183905.0,306.8073553201393,0.6742331416040312,0.8436285586978012,"[4, 6]",,
302,12,2,uniform_v2,5,2,88,26400.0,183062.0,305.7255583848455,-2.933283440824266,4.451145141126098,"[5, 4]",,
302,12,2,ivr_v2,5,2,88,26400.0,183062.0,305.7255583848455,-2.933283440824266,4.451145141126098,"[5, 4]",,
302,12,2,lucb_v2,5,2,88,26400.0,183062.0,305.7255583848455,-2.933283440824266,4.451145141126098,"[5, 4]",,
302,12,2,no_hf_v2,6,0,0,0.0,0.0,0.0,-5.799354775907059,7.317216476208891,[],,
302,12,2,proxy_only,5,0,0,0.0,0.0,0.0,-2.933283440824266,4.451145141126098,[],,
302,12,2,global_voi_heuristic,6,2,88,26400.0,183529.0,306.6947153788642,-5.799354775907059,7.317216476208891,"[3, 4]",,
302,12,2,uniform_v2_expected_100,,2,88,26400.0,183846.42,306.96538250229844,-3.1417576634260254,4.659619363727858,,"[6, 6, 3, 5, 3, 5, 5, 5, 6, 6, 6, 3, 6, 6, 5, 6, 3, 6, 5, 5, 3, 5, 3, 3, 5, 3, 3, 5, 6, 3, 3, 6, 3, 3, 5, 6, 5, 6, 6, 3, 5, 5, 6, 6, 3, 5, 5, 6, 5, 6, 6, 6, 5, 6, 6, 5, 5, 6, 6, 6, 5, 3, 6, 5, 6, 5, 6, 5, 3, 5, 3, 3, 3, 6, 5, 3, 3, 5, 3, 6, 6, 3, 6, 5, 6, 6, 5, 3, 6, 6, 5, 6, 5, 5, 6, 6, 5, 3, 6, 5]",0.2587063814730419
302,12,4,pivot_kg,5,4,152,45600.0,317816.0,531.3879401551094,-2.933283440824266,4.451145141126098,"[4, 6, 5, 1]",,
302,12,4,uniform_v2,5,4,152,45600.0,314308.0,525.5388368077693,-2.933283440824266,4.451145141126098,"[5, 4, 6, 3]",,
302,12,4,ivr_v2,5,4,152,45600.0,317816.0,531.3879401551094,-2.933283440824266,4.451145141126098,"[5, 4, 6, 1]",,
302,12,4,lucb_v2,5,4,152,45600.0,317816.0,531.3879401551094,-2.933283440824266,4.451145141126098,"[5, 4, 6, 1]",,
302,12,4,no_hf_v2,6,0,0,0.0,0.0,0.0,-5.799354775907059,7.317216476208891,[],,
302,12,4,proxy_only,5,0,0,0.0,0.0,0.0,-2.933283440824266,4.451145141126098,[],,
302,12,4,global_voi_heuristic,5,4,152,45600.0,314201.0,525.8114370317198,-2.933283440824266,4.451145141126098,"[3, 4, 2, 5]",,
302,12,4,uniform_v2_expected_100,,4,152,45600.0,316368.79,529.1613112101745,-2.2172003837260768,3.735062084027909,,"[5, 6, 3, 5, 5, 5, 5, 5, 3, 5, 5, 5, 3, 6, 5, 5, 5, 5, 5, 5, 3, 5, 3, 3, 5, 5, 3, 5, 3, 5, 5, 6, 5, 3, 5, 3, 5, 3, 6, 5, 5, 5, 6, 3, 5, 5, 5, 5, 5, 5, 3, 3, 5, 5, 5, 5, 5, 5, 6, 5, 5, 5, 3, 5, 3, 5, 5, 5, 3, 5, 3, 3, 3, 5, 5, 5, 3, 5, 3, 5, 3, 5, 6, 5, 5, 5, 5, 3, 6, 6, 5, 5, 5, 5, 3, 5, 5, 3, 3, 5]",0.1943740377120249
302,12,1,author_PIVOT_VOI_E5C,6,1,56,16800.0,120405.0,200.68111835618038,-5.799354775907059,7.317216476208891,[1],,
302,12,1,author_GlobalVOI_E5C,3,1,56,16800.0,116897.0,194.83201500884024,0.6742331416040312,0.8436285586978012,[3],,
302,12,1,author_Uniform_E5C,5,1,56,16800.0,116430.0,193.86285801482154,-2.933283440824266,4.451145141126098,[5],,
302,12,1,author_LUCB_E5C,3,1,56,16800.0,117273.0,194.94465495011536,0.6742331416040312,0.8436285586978012,[6],,
302,12,2,author_PIVOT_VOI_E5C,6,2,88,26400.0,186109.0,310.9166777622304,-5.799354775907059,7.317216476208891,"[1, 2]",,
302,12,2,author_GlobalVOI_E5C,3,2,88,26400.0,183529.0,306.6947153788642,0.6742331416040312,0.8436285586978012,"[3, 4]",,
302,12,2,author_Uniform_E5C,5,2,88,26400.0,185373.0,309.562280602986,-2.933283440824266,4.451145141126098,"[5, 1]",,
302,12,2,author_LUCB_E5C,3,2,88,26400.0,182708.0,304.7949741909397,0.6742331416040312,0.8436285586978012,"[6, 3]",,
302,12,4,author_PIVOT_VOI_E5C,3,4,152,45600.0,318176.0,532.6296973730787,0.6742331416040312,0.8436285586978012,"[1, 2, 3, 4]",,
302,12,4,author_GlobalVOI_E5C,3,4,152,45600.0,315044.0,526.8932339670137,0.6742331416040312,0.8436285586978012,"[3, 4, 6, 2]",,
302,12,4,author_Uniform_E5C,5,4,152,45600.0,316512.0,529.6481592498603,-2.933283440824266,4.451145141126098,"[5, 1, 3, 2]",,
302,12,4,author_LUCB_E5C,3,4,152,45600.0,315044.0,526.8932339670137,0.6742331416040312,0.8436285586978012,"[6, 3, 4, 2]",,
303,4,1,pivot_kg,5,1,24,7200.0,51694.0,86.59709248295985,14.162158189505327,10.446504879148879,[5],,
303,4,1,uniform_v2,3,1,24,7200.0,51338.0,85.87687858793652,24.608663068654206,0.0,[3],,
303,4,1,ivr_v2,5,1,24,7200.0,51694.0,86.59709248295985,14.162158189505327,10.446504879148879,[5],,
303,4,1,lucb_v2,5,1,24,7200.0,51694.0,86.59709248295985,14.162158189505327,10.446504879148879,[5],,
303,4,1,no_hf_v2,6,0,0,0.0,0.0,0.0,-2.4693829126897393,27.078045981343944,[],,
303,4,1,proxy_only,5,0,0,0.0,0.0,0.0,14.162158189505327,10.446504879148879,[],,
303,4,1,global_voi_heuristic,6,1,24,7200.0,50031.0,84.42579679196933,-2.4693829126897393,27.078045981343944,[2],,
303,4,1,uniform_v2_expected_100,,1,24,7194.28,51868.46,87.13438127159782,13.46671186452297,11.141951204131235,,"[5, 5, 5, 6, 5, 3, 6, 6, 5, 3, 3, 5, 5, 5, 3, 3, 3, 3, 6, 5, 5, 3, 5, 5, 6, 5, 5, 5, 3, 5, 5, 3, 6, 3, 3, 5, 3, 5, 5, 5, 6, 6, 5, 5, 5, 3, 3, 5, 5, 5, 5, 5, 5, 5, 5, 5, 6, 5, 5, 5, 3, 6, 5, 5, 5, 3, 5, 5, 6, 5, 5, 5, 5, 3, 5, 5, 5, 6, 6, 5, 5, 5, 5, 5, 3, 6, 5, 5, 5, 6, 5, 3, 6, 5, 6, 3, 6, 3, 5, 5]",0.8605512986840115
303,4,2,pivot_kg,5,2,40,12000.0,86701.0,145.94433101796312,14.162158189505327,10.446504879148879,"[5, 4]",,
303,4,2,uniform_v2,3,2,40,12000.0,83146.0,140.19122568692546,24.608663068654206,0.0,"[3, 2]",,
303,4,2,ivr_v2,5,2,40,12000.0,86701.0,145.94433101796312,14.162158189505327,10.446504879148879,"[5, 4]",,
303,4,2,lucb_v2,5,2,40,12000.0,86701.0,145.94433101796312,14.162158189505327,10.446504879148879,"[5, 4]",,
303,4,2,no_hf_v2,6,0,0,0.0,0.0,0.0,-2.4693829126897393,27.078045981343944,[],,
303,4,2,proxy_only,5,0,0,0.0,0.0,0.0,14.162158189505327,10.446504879148879,[],,
303,4,2,global_voi_heuristic,3,2,40,12000.0,83146.0,140.19122568692546,24.608663068654206,0.0,"[2, 3]",,
303,4,2,uniform_v2_expected_100,,2,40,11985.04,85490.68,144.13772452824108,16.251459165335106,8.3572039033191,,"[5, 5, 5, 5, 5, 3, 5, 3, 5, 3, 3, 5, 5, 5, 3, 3, 3, 5, 3, 5, 5, 5, 5, 5, 3, 5, 5, 5, 3, 5, 5, 5, 3, 5, 3, 5, 5, 5, 5, 5, 5, 5, 5, 5, 5, 5, 5, 5, 5, 5, 5, 5, 5, 5, 5, 5, 5, 5, 5, 5, 3, 5, 5, 5, 5, 5, 5, 5, 5, 5, 5, 5, 5, 3, 5, 5, 5, 3, 5, 5, 5, 5, 5, 5, 3, 5, 5, 5, 5, 3, 5, 3, 5, 5, 5, 3, 3, 5, 5, 5]",0.41996529763337953
303,4,4,pivot_kg,5,4,72,21556.0,154885.0,261.66266925103264,14.162158189505327,10.446504879148879,"[5, 4, 6, 1]",,
303,4,4,uniform_v2,4,4,72,21600.0,152481.0,257.8518211239716,-7.53066020003279,32.139323268686994,"[3, 2, 6, 4]",,
303,4,4,ivr_v2,5,4,72,21556.0,154885.0,261.66266925103264,14.162158189505327,10.446504879148879,"[5, 4, 1, 6]",,
303,4,4,lucb_v2,5,4,72,21556.0,154885.0,261.66266925103264,14.162158189505327,10.446504879148879,"[5, 4, 6, 1]",,
303,4,4,no_hf_v2,6,0,0,0.0,0.0,0.0,-2.4693829126897393,27.078045981343944,[],,
303,4,4,proxy_only,5,0,0,0.0,0.0,0.0,14.162158189505327,10.446504879148879,[],,
303,4,4,global_voi_heuristic,5,4,72,21600.0,150945.0,254.9902253789478,14.162158189505327,10.446504879148879,"[2, 3, 6, 5]",,
303,4,4,uniform_v2_expected_100,,4,72,21572.72,152611.03,257.87218681109897,12.949057962299726,11.65960510635448,,"[5, 5, 5, 5, 4, 5, 5, 5, 5, 3, 3, 5, 5, 5, 4, 5, 5, 5, 3, 5, 5, 5, 5, 5, 5, 5, 5, 5, 4, 3, 5, 5, 5, 5, 4, 5, 5, 5, 4, 5, 5, 5, 5, 5, 5, 5, 5, 5, 5, 5, 5, 5, 5, 3, 5, 5, 5, 5, 5, 5, 4, 5, 5, 5, 5, 5, 5, 5, 5, 5, 5, 5, 5, 5, 5, 5, 5, 5, 5, 5, 5, 5, 5, 4, 5, 5, 5, 5, 4, 5, 5, 5, 5, 5, 5, 5, 5, 5, 5, 5]",0.6484724133971589
303,4,1,author_PIVOT_VOI_E5C,6,1,24,7156.0,52079.0,87.51643102400703,-2.4693829126897393,27.078045981343944,[1],,
303,4,1,author_GlobalVOI_E5C,5,1,24,7200.0,52551.0,88.42480659502326,14.162158189505327,10.446504879148879,[6],,
303,4,1,author_Uniform_E5C,5,1,24,7200.0,51694.0,86.59709248295985,14.162158189505327,10.446504879148879,[5],,
303,4,1,author_LUCB_E5C,5,1,24,7200.0,52551.0,88.42480659502326,14.162158189505327,10.446504879148879,[6],,
303,4,2,author_PIVOT_VOI_E5C,3,2,40,11956.0,85194.0,143.28185991896316,24.608663068654206,0.0,"[1, 3]",,
303,4,2,author_GlobalVOI_E5C,3,2,40,12000.0,85666.0,144.1902354899794,24.608663068654206,0.0,"[6, 3]",,
303,4,2,author_Uniform_E5C,5,2,40,12000.0,83502.0,140.9114395819488,14.162158189505327,10.446504879148879,"[5, 2]",,
303,4,2,author_LUCB_E5C,5,2,40,12000.0,86022.0,144.91044938500272,14.162158189505327,10.446504879148879,"[6, 5]",,
303,4,4,author_PIVOT_VOI_E5C,5,4,72,21556.0,153672.0,259.1147412439459,14.162158189505327,10.446504879148879,"[1, 3, 5, 4]",,
303,4,4,author_GlobalVOI_E5C,5,4,72,21600.0,150945.0,254.9902253789478,14.162158189505327,10.446504879148879,"[6, 3, 2, 5]",,
303,4,4,author_Uniform_E5C,5,4,72,21556.0,150473.0,254.08184980793158,14.162158189505327,10.446504879148879,"[5, 2, 1, 3]",,
303,4,4,author_LUCB_E5C,5,4,72,21600.0,150945.0,254.9902253789478,14.162158189505327,10.446504879148879,"[6, 5, 3, 2]",,
303,12,1,pivot_kg,5,1,56,16786.0,117031.0,195.68667785619618,-0.5946868600873545,10.519097163593166,[5],,
303,12,1,uniform_v2,6,1,56,16791.0,116581.0,194.40049316897057,1.8171088408720273,8.107301462633785,[3],,
303,12,1,ivr_v2,5,1,56,16786.0,117031.0,195.68667785619618,-0.5946868600873545,10.519097163593166,[5],,
303,12,1,lucb_v2,5,1,56,16786.0,117031.0,195.68667785619618,-0.5946868600873545,10.519097163593166,[5],,
303,12,1,no_hf_v2,6,0,0,0.0,0.0,0.0,1.8171088408720273,8.107301462633785,[],,
303,12,1,proxy_only,5,0,0,0.0,0.0,0.0,-0.5946868600873545,10.519097163593166,[],,
303,12,1,global_voi_heuristic,6,1,56,16791.0,116581.0,194.40049316897057,1.8171088408720273,8.107301462633785,[3],,
303,12,1,uniform_v2_expected_100,,1,56,16784.27,116843.68,195.5157180949609,0.370031420296398,9.554378883209415,,"[5, 5, 5, 6, 5, 6, 6, 6, 5, 6, 6, 5, 5, 5, 6, 6, 6, 6, 6, 5, 5, 6, 5, 5, 6, 5, 5, 5, 6, 5, 5, 6, 6, 6, 6, 5, 6, 5, 5, 5, 6, 6, 5, 5, 5, 6, 6, 5, 5, 5, 5, 5, 5, 5, 5, 5, 6, 5, 5, 5, 6, 6, 5, 5, 5, 6, 5, 5, 6, 5, 5, 5, 5, 6, 5, 5, 5, 6, 6, 5, 5, 5, 5, 5, 6, 6, 5, 5, 5, 6, 5, 6, 6, 5, 6, 6, 6, 6, 5, 5]",0.11874861150745408
303,12,2,pivot_kg,5,2,88,26386.0,181699.0,304.26701528026024,-0.5946868600873545,10.519097163593166,"[5, 6]",,
303,12,2,uniform_v2,6,2,88,26327.0,180368.0,301.6107992758625,1.8171088408720273,8.107301462633785,"[3, 2]",,
303,12,2,ivr_v2,5,2,88,26386.0,183283.0,307.2070932640345,-0.5946868600873545,10.519097163593166,"[5, 4]",,
303,12,2,lucb_v2,5,2,88,26386.0,181699.0,304.26701528026024,-0.5946868600873545,10.519097163593166,"[5, 6]",,
303,12,2,no_hf_v2,6,0,0,0.0,0.0,0.0,1.8171088408720273,8.107301462633785,[],,
303,12,2,proxy_only,5,0,0,0.0,0.0,0.0,-0.5946868600873545,10.519097163593166,[],,
303,12,2,global_voi_heuristic,6,2,88,26327.0,180368.0,301.6107992758625,1.8171088408720273,8.107301462633785,"[3, 2]",,
303,12,2,uniform_v2_expected_100,,2,88,26370.65,182291.87,305.45825080664014,0.03238002216208477,9.892030281343727,,"[5, 5, 5, 5, 6, 6, 5, 6, 5, 6, 6, 5, 5, 5, 6, 6, 6, 5, 6, 5, 5, 6, 5, 5, 6, 5, 5, 5, 6, 5, 5, 5, 6, 6, 6, 5, 5, 5, 5, 5, 5, 5, 5, 5, 5, 5, 5, 5, 5, 6, 5, 5, 5, 5, 5, 5, 5, 5, 5, 5, 6, 5, 5, 5, 5, 5, 5, 6, 5, 5, 5, 5, 5, 6, 5, 5, 5, 6, 5, 5, 5, 5, 5, 5, 6, 5, 5, 5, 5, 6, 5, 6, 5, 6, 5, 6, 6, 5, 5, 5]",0.10632256694849337
303,12,4,pivot_kg,5,4,152,45586.0,314977.0,528.8230166792055,-0.5946868600873545,10.519097163593166,"[5, 6, 4, 1]",,
303,12,4,uniform_v2,5,4,152,45527.0,311288.0,521.7115521077649,-0.5946868600873545,10.519097163593166,"[3, 2, 6, 4]",,
303,12,4,ivr_v2,5,4,152,45586.0,314977.0,528.8230166792055,-0.5946868600873545,10.519097163593166,"[5, 4, 6, 1]",,
303,12,4,lucb_v2,5,4,152,45586.0,314977.0,528.8230166792055,-0.5946868600873545,10.519097163593166,"[5, 6, 4, 1]",,
303,12,4,no_hf_v2,6,0,0,0.0,0.0,0.0,1.8171088408720273,8.107301462633785,[],,
303,12,4,proxy_only,5,0,0,0.0,0.0,0.0,-0.5946868600873545,10.519097163593166,[],,
303,12,4,global_voi_heuristic,5,4,152,45513.0,310713.0,520.3891632730374,-0.5946868600873545,10.519097163593166,"[3, 2, 6, 5]",,
303,12,4,uniform_v2_expected_100,,4,152,45540.87,313018.72,524.9678931511304,-0.5946868600873546,10.519097163593168,,"[5, 5, 5, 5, 5, 5, 5, 5, 5, 5, 5, 5, 5, 5, 5, 5, 5, 5, 5, 5, 5, 5, 5, 5, 5, 5, 5, 5, 5, 5, 5, 5, 5, 5, 5, 5, 5, 5, 5, 5, 5, 5, 5, 5, 5, 5, 5, 5, 5, 5, 5, 5, 5, 5, 5, 5, 5, 5, 5, 5, 5, 5, 5, 5, 5, 5, 5, 5, 5, 5, 5, 5, 5, 5, 5, 5, 5, 5, 5, 5, 5, 5, 5, 5, 5, 5, 5, 5, 5, 5, 5, 5, 5, 5, 5, 5, 5, 5, 5, 5]",1.1158161231197418e-17
303,12,1,author_PIVOT_VOI_E5C,6,1,56,16791.0,116581.0,194.40049316897057,1.8171088408720273,8.107301462633785,[3],,
303,12,1,author_GlobalVOI_E5C,6,1,56,16800.0,116022.0,194.0689887071494,1.8171088408720273,8.107301462633785,[6],,
303,12,1,author_Uniform_E5C,5,1,56,16786.0,117031.0,195.68667785619618,-0.5946868600873545,10.519097163593166,[5],,
303,12,1,author_LUCB_E5C,6,1,56,16800.0,116022.0,194.0689887071494,1.8171088408720273,8.107301462633785,[6],,
303,12,2,author_PIVOT_VOI_E5C,1,2,88,26391.0,183607.0,307.4360791600775,-28.410053935853682,38.33446423935949,"[3, 1]",,
303,12,2,author_GlobalVOI_E5C,6,2,88,26391.0,181249.0,302.9808305930346,1.8171088408720273,8.107301462633785,"[6, 3]",,
303,12,2,author_Uniform_E5C,5,2,88,26322.0,180818.0,302.89698396308813,-0.5946868600873545,10.519097163593166,"[5, 2]",,
303,12,2,author_LUCB_E5C,6,2,88,26391.0,181249.0,302.9808305930346,1.8171088408720273,8.107301462633785,"[6, 3]",,
303,12,4,author_PIVOT_VOI_E5C,5,4,152,45513.0,313071.0,524.8444118400803,-0.5946868600873545,10.519097163593166,"[3, 1, 5, 2]",,
303,12,4,author_GlobalVOI_E5C,5,4,152,45513.0,310713.0,520.3891632730374,-0.5946868600873545,10.519097163593166,"[6, 3, 2, 5]",,
303,12,4,author_Uniform_E5C,5,4,152,45513.0,313071.0,524.8444118400803,-0.5946868600873545,10.519097163593166,"[5, 2, 1, 3]",,
303,12,4,author_LUCB_E5C,5,4,152,45513.0,310713.0,520.3891632730374,-0.5946868600873545,10.519097163593166,"[6, 3, 5, 2]",,
304,4,1,pivot_kg,6,1,24,7200.0,44812.0,76.10596585815074,66.99691095582968,0.0,[5],,
304,4,1,uniform_v2,6,1,24,7200.0,44812.0,76.10596585815074,66.99691095582968,0.0,[5],,
304,4,1,ivr_v2,6,1,24,7200.0,44812.0,76.10596585815074,66.99691095582968,0.0,[5],,
304,4,1,lucb_v2,6,1,24,7200.0,44812.0,76.10596585815074,66.99691095582968,0.0,[5],,
304,4,1,no_hf_v2,6,0,0,0.0,0.0,0.0,66.99691095582968,0.0,[],,
304,4,1,proxy_only,6,0,0,0.0,0.0,0.0,66.99691095582968,0.0,[],,
304,4,1,global_voi_heuristic,6,1,24,7195.0,45544.0,77.1515074709896,66.99691095582968,0.0,[4],,
304,4,1,uniform_v2_expected_100,,1,24,7199.3,46100.95,78.28423729232571,66.99691095582968,0.0,,"[6, 6, 6, 6, 6, 6, 6, 6, 6, 6, 6, 6, 6, 6, 6, 6, 6, 6, 6, 6, 6, 6, 6, 6, 6, 6, 6, 6, 6, 6, 6, 6, 6, 6, 6, 6, 6, 6, 6, 6, 6, 6, 6, 6, 6, 6, 6, 6, 6, 6, 6, 6, 6, 6, 6, 6, 6, 6, 6, 6, 6, 6, 6, 6, 6, 6, 6, 6, 6, 6, 6, 6, 6, 6, 6, 6, 6, 6, 6, 6, 6, 6, 6, 6, 6, 6, 6, 6, 6, 6, 6, 6, 6, 6, 6, 6, 6, 6, 6, 6]",0.0
304,4,2,pivot_kg,6,2,40,11995.0,74761.0,126.96858837909531,66.99691095582968,0.0,"[5, 4]",,
304,4,2,uniform_v2,6,2,40,12000.0,76166.0,129.472336404433,66.99691095582968,0.0,"[5, 3]",,
304,4,2,ivr_v2,6,2,40,11995.0,74761.0,126.96858837909531,66.99691095582968,0.0,"[5, 4]",,
304,4,2,lucb_v2,6,2,40,12000.0,75056.0,127.63055876316503,66.99691095582968,0.0,"[5, 6]",,
304,4,2,no_hf_v2,6,0,0,0.0,0.0,0.0,66.99691095582968,0.0,[],,
304,4,2,proxy_only,6,0,0,0.0,0.0,0.0,66.99691095582968,0.0,[],,
304,4,2,global_voi_heuristic,6,2,40,11995.0,76860.0,130.3595348749077,66.99691095582968,0.0,"[4, 2]",,
304,4,2,uniform_v2_expected_100,,2,40,11998.65,76531.91,130.15094972473278,66.99691095582968,0.0,,"[6, 6, 6, 6, 6, 6, 6, 6, 6, 6, 6, 6, 6, 6, 6, 6, 6, 6, 6, 6, 6, 6, 6, 6, 6, 6, 6, 6, 6, 6, 6, 6, 6, 6, 6, 6, 6, 6, 6, 6, 6, 6, 6, 6, 6, 6, 6, 6, 6, 6, 6, 6, 6, 6, 6, 6, 6, 6, 6, 6, 6, 6, 6, 6, 6, 6, 6, 6, 6, 6, 6, 6, 6, 6, 6, 6, 6, 6, 6, 6, 6, 6, 6, 6, 6, 6, 6, 6, 6, 6, 6, 6, 6, 6, 6, 6, 6, 6, 6, 6]",0.0
304,4,4,pivot_kg,6,4,72,21595.0,135650.0,231.16427715111058,66.99691095582968,0.0,"[5, 4, 6, 1]",,
304,4,4,uniform_v2,6,4,72,21595.0,136359.0,231.85955183039187,66.99691095582968,0.0,"[5, 3, 6, 4]",,
304,4,4,ivr_v2,6,4,72,21595.0,135650.0,231.16427715111058,66.99691095582968,0.0,"[5, 4, 1, 6]",,
304,4,4,lucb_v2,6,4,72,21595.0,135650.0,231.16427715111058,66.99691095582968,0.0,"[5, 6, 4, 1]",,
304,4,4,no_hf_v2,6,0,0,0.0,0.0,0.0,66.99691095582968,0.0,[],,
304,4,4,proxy_only,6,0,0,0.0,0.0,0.0,66.99691095582968,0.0,[],,
304,4,4,global_voi_heuristic,6,4,72,21595.0,138859.0,236.39700128819095,66.99691095582968,0.0,"[4, 2, 3, 1]",,
304,4,4,uniform_v2_expected_100,,4,72,21597.35,137676.88,234.41712855258666,66.99691095582968,0.0,,"[6, 6, 6, 6, 6, 6, 6, 6, 6, 6, 6, 6, 6, 6, 6, 6, 6, 6, 6, 6, 6, 6, 6, 6, 6, 6, 6, 6, 6, 6, 6, 6, 6, 6, 6, 6, 6, 6, 6, 6, 6, 6, 6, 6, 6, 6, 6, 6, 6, 6, 6, 6, 6, 6, 6, 6, 6, 6, 6, 6, 6, 6, 6, 6, 6, 6, 6, 6, 6, 6, 6, 6, 6, 6, 6, 6, 6, 6, 6, 6, 6, 6, 6, 6, 6, 6, 6, 6, 6, 6, 6, 6, 6, 6, 6, 6, 6, 6, 6, 6]",0.0
304,4,1,author_PIVOT_VOI_E5C,6,1,24,7200.0,46240.0,78.95998081704602,66.99691095582968,0.0,[1],,
304,4,1,author_GlobalVOI_E5C,6,1,24,7195.0,45544.0,77.1515074709896,66.99691095582968,0.0,[4],,
304,4,1,author_Uniform_E5C,6,1,24,7200.0,46949.0,79.6552554963273,66.99691095582968,0.0,[3],,
304,4,1,author_LUCB_E5C,6,1,24,7200.0,45839.0,77.81347785505932,66.99691095582968,0.0,[6],,
304,4,2,author_PIVOT_VOI_E5C,6,2,40,12000.0,77556.0,132.1680082209641,66.99691095582968,0.0,"[1, 2]",,
304,4,2,author_GlobalVOI_E5C,6,2,40,11995.0,76898.0,130.51787801727187,66.99691095582968,0.0,"[4, 3]",,
304,4,2,author_Uniform_E5C,6,2,40,12000.0,77193.0,131.1798484013416,66.99691095582968,0.0,"[3, 6]",,
304,4,2,author_LUCB_E5C,6,2,40,12000.0,75056.0,127.63055876316503,66.99691095582968,0.0,"[6, 5]",,
304,4,4,author_PIVOT_VOI_E5C,6,4,72,21595.0,138859.0,236.39700128819095,66.99691095582968,0.0,"[1, 2, 3, 4]",,
304,4,4,author_GlobalVOI_E5C,6,4,72,21595.0,138859.0,236.39700128819095,66.99691095582968,0.0,"[4, 3, 2, 1]",,
304,4,4,author_Uniform_E5C,6,4,72,21600.0,137726.0,234.2049567133654,66.99691095582968,0.0,"[3, 6, 2, 5]",,
304,4,4,author_LUCB_E5C,6,4,72,21595.0,136359.0,231.85955183039187,66.99691095582968,0.0,"[6, 5, 4, 3]",,
304,12,1,pivot_kg,6,1,56,16758.0,103738.0,176.32062812912045,37.15359257784934,0.0,[5],,
304,12,1,uniform_v2,6,1,56,16758.0,103738.0,176.32062812912045,37.15359257784934,0.0,[5],,
304,12,1,ivr_v2,6,1,56,16758.0,103738.0,176.32062812912045,37.15359257784934,0.0,[5],,
304,12,1,lucb_v2,6,1,56,16758.0,103738.0,176.32062812912045,37.15359257784934,0.0,[5],,
304,12,1,no_hf_v2,6,0,0,0.0,0.0,0.0,37.15359257784934,0.0,[],,
304,12,1,proxy_only,6,0,0,0.0,0.0,0.0,37.15359257784934,0.0,[],,
304,12,1,global_voi_heuristic,6,1,56,16773.0,103280.0,175.82537686795695,37.15359257784934,0.0,[4],,
304,12,1,uniform_v2_expected_100,,1,56,16787.37,104219.42,177.30101785605018,37.15359257784934,0.0,,"[6, 6, 6, 6, 6, 6, 6, 6, 6, 6, 6, 6, 6, 6, 6, 6, 6, 6, 6, 6, 6, 6, 6, 6, 6, 6, 6, 6, 6, 6, 6, 6, 6, 6, 6, 6, 6, 6, 6, 6, 6, 6, 6, 6, 6, 6, 6, 6, 6, 6, 6, 6, 6, 6, 6, 6, 6, 6, 6, 6, 6, 6, 6, 6, 6, 6, 6, 6, 6, 6, 6, 6, 6, 6, 6, 6, 6, 6, 6, 6, 6, 6, 6, 6, 6, 6, 6, 6, 6, 6, 6, 6, 6, 6, 6, 6, 6, 6, 6, 6]",0.0
304,12,2,pivot_kg,6,2,88,26358.0,161248.0,274.3745542280376,37.15359257784934,0.0,"[5, 6]",,
304,12,2,uniform_v2,6,2,88,26358.0,163381.0,278.06762468244415,37.15359257784934,0.0,"[5, 3]",,
304,12,2,ivr_v2,6,2,88,26331.0,161122.0,274.4942891378887,37.15359257784934,0.0,"[5, 4]",,
304,12,2,lucb_v2,6,2,88,26331.0,161122.0,274.4942891378887,37.15359257784934,0.0,"[5, 4]",,
304,12,2,no_hf_v2,6,0,0,0.0,0.0,0.0,37.15359257784934,0.0,[],,
304,12,2,proxy_only,6,0,0,0.0,0.0,0.0,37.15359257784934,0.0,[],,
304,12,2,global_voi_heuristic,6,2,88,26373.0,162923.0,277.57237342128064,37.15359257784934,0.0,"[4, 3]",,
304,12,2,uniform_v2_expected_100,,2,88,26372.76,162507.51,276.87782280751736,37.15359257784934,0.0,,"[6, 6, 6, 6, 6, 6, 6, 6, 6, 6, 6, 6, 6, 6, 6, 6, 6, 6, 6, 6, 6, 6, 6, 6, 6, 6, 6, 6, 6, 6, 6, 6, 6, 6, 6, 6, 6, 6, 6, 6, 6, 6, 6, 6, 6, 6, 6, 6, 6, 6, 6, 6, 6, 6, 6, 6, 6, 6, 6, 6, 6, 6, 6, 6, 6, 6, 6, 6, 6, 6, 6, 6, 6, 6, 6, 6, 6, 6, 6, 6, 6, 6, 6, 6, 6, 6, 6, 6, 6, 6, 6, 6, 6, 6, 6, 6, 6, 6, 6, 6]",0.0
304,12,4,pivot_kg,6,4,152,45531.0,276725.0,472.529562090931,37.15359257784934,0.0,"[5, 6, 4, 1]",,
304,12,4,uniform_v2,6,4,152,45531.0,278275.0,474.29521179012954,37.15359257784934,0.0,"[5, 3, 6, 4]",,
304,12,4,ivr_v2,6,4,152,45531.0,276725.0,472.529562090931,37.15359257784934,0.0,"[5, 4, 6, 1]",,
304,12,4,lucb_v2,6,4,152,45531.0,276725.0,472.529562090931,37.15359257784934,0.0,"[5, 4, 6, 1]",,
304,12,4,no_hf_v2,6,0,0,0.0,0.0,0.0,37.15359257784934,0.0,[],,
304,12,4,proxy_only,6,0,0,0.0,0.0,0.0,37.15359257784934,0.0,[],,
304,12,4,global_voi_heuristic,6,4,152,45558.0,280189.0,478.40937800810207,37.15359257784934,0.0,"[4, 3, 2, 1]",,
304,12,4,uniform_v2_expected_100,,4,152,45550.26,279234.34,476.4051838485309,37.15359257784934,0.0,,"[6, 6, 6, 6, 6, 6, 6, 6, 6, 6, 6, 6, 6, 6, 6, 6, 6, 6, 6, 6, 6, 6, 6, 6, 6, 6, 6, 6, 6, 6, 6, 6, 6, 6, 6, 6, 6, 6, 6, 6, 6, 6, 6, 6, 6, 6, 6, 6, 6, 6, 6, 6, 6, 6, 6, 6, 6, 6, 6, 6, 6, 6, 6, 6, 6, 6, 6, 6, 6, 6, 6, 6, 6, 6, 6, 6, 6, 6, 6, 6, 6, 6, 6, 6, 6, 6, 6, 6, 6, 6, 6, 6, 6, 6, 6, 6, 6, 6, 6, 6]",0.0
304,12,1,author_PIVOT_VOI_E5C,6,1,56,16800.0,103989.0,177.63306271331385,37.15359257784934,0.0,[1],,
304,12,1,author_GlobalVOI_E5C,6,1,56,16773.0,103280.0,175.82537686795695,37.15359257784934,0.0,[4],,
304,12,1,author_Uniform_E5C,6,1,56,16800.0,105539.0,179.3987124125124,37.15359257784934,0.0,[3],,
304,12,1,author_LUCB_E5C,5,1,56,16800.0,103406.0,175.70564195810584,6.423896051196165,30.72969652665317,[6],,
304,12,2,author_PIVOT_VOI_E5C,6,2,88,26385.0,163162.0,278.4887204460101,37.15359257784934,0.0,"[1, 2]",,
304,12,2,author_GlobalVOI_E5C,6,2,88,26373.0,162923.0,277.57237342128064,37.15359257784934,0.0,"[4, 3]",,
304,12,2,author_Uniform_E5C,5,2,88,26400.0,163049.0,277.45263851142954,6.423896051196165,30.72969652665317,"[3, 6]",,
304,12,2,author_LUCB_E5C,6,2,88,26358.0,161248.0,274.3745542280376,37.15359257784934,0.0,"[6, 5]",,
304,12,4,author_PIVOT_VOI_E5C,6,4,152,45558.0,280189.0,478.40937800810207,37.15359257784934,0.0,"[1, 2, 3, 4]",,
304,12,4,author_GlobalVOI_E5C,6,4,152,45558.0,280189.0,478.40937800810207,37.15359257784934,0.0,"[4, 3, 2, 1]",,
304,12,4,author_Uniform_E5C,3,4,152,45543.0,280064.0,476.97720851405757,15.425096502168014,21.728496075681324,"[3, 6, 2, 5]",,
304,12,4,author_LUCB_E5C,3,4,152,45531.0,278275.0,474.29521179012954,15.425096502168014,21.728496075681324,"[6, 5, 3, 4]",,
305,4,1,pivot_kg,6,1,24,7200.0,46727.0,79.45588320790557,19.58025466793401,0.0,[4],,
305,4,1,uniform_v2,6,1,24,7200.0,50775.0,86.40056635491783,19.58025466793401,0.0,[2],,
305,4,1,ivr_v2,6,1,24,7200.0,48176.0,82.35492890089517,19.58025466793401,0.0,[5],,
305,4,1,lucb_v2,6,1,24,7200.0,46727.0,79.45588320790557,19.58025466793401,0.0,[4],,
305,4,1,no_hf_v2,6,0,0,0.0,0.0,0.0,19.58025466793401,0.0,[],,
305,4,1,proxy_only,6,0,0,0.0,0.0,0.0,19.58025466793401,0.0,[],,
305,4,1,global_voi_heuristic,6,1,24,7200.0,50775.0,86.40056635491783,19.58025466793401,0.0,[2],,
305,4,1,uniform_v2_expected_100,,1,24,7200.0,48342.66,82.3474441204546,19.58025466793401,0.0,,"[6, 6, 6, 6, 6, 6, 6, 6, 6, 6, 6, 6, 6, 6, 6, 6, 6, 6, 6, 6, 6, 6, 6, 6, 6, 6, 6, 6, 6, 6, 6, 6, 6, 6, 6, 6, 6, 6, 6, 6, 6, 6, 6, 6, 6, 6, 6, 6, 6, 6, 6, 6, 6, 6, 6, 6, 6, 6, 6, 6, 6, 6, 6, 6, 6, 6, 6, 6, 6, 6, 6, 6, 6, 6, 6, 6, 6, 6, 6, 6, 6, 6, 6, 6, 6, 6, 6, 6, 6, 6, 6, 6, 6, 6, 6, 6, 6, 6, 6, 6]",0.0
305,4,2,pivot_kg,6,2,40,12000.0,78131.0,133.33433974499349,19.58025466793401,0.0,"[4, 6]",,
305,4,2,uniform_v2,6,2,40,12000.0,82585.0,141.16550982987974,19.58025466793401,0.0,"[2, 5]",,
305,4,2,ivr_v2,6,2,40,12000.0,78537.0,134.22082668286748,19.58025466793401,0.0,"[5, 4]",,
305,4,2,lucb_v2,6,2,40,12000.0,78537.0,134.22082668286748,19.58025466793401,0.0,"[4, 5]",,
305,4,2,no_hf_v2,6,0,0,0.0,0.0,0.0,19.58025466793401,0.0,[],,
305,4,2,proxy_only,6,0,0,0.0,0.0,0.0,19.58025466793401,0.0,[],,
305,4,2,global_voi_heuristic,6,2,40,12000.0,83336.0,141.7645523699466,19.58025466793401,0.0,"[2, 1]",,
305,4,2,uniform_v2_expected_100,,2,40,12000.0,80094.01,136.70053497637448,13.77783480655421,5.8024198613798,,"[6, 6, 6, 6, 4, 6, 6, 4, 6, 6, 6, 6, 6, 6, 6, 6, 6, 6, 6, 4, 6, 6, 6, 6, 6, 6, 6, 6, 6, 6, 6, 6, 4, 4, 6, 6, 6, 6, 4, 4, 6, 4, 6, 6, 4, 6, 6, 6, 6, 6, 6, 6, 6, 6, 6, 4, 6, 4, 4, 6, 6, 6, 6, 6, 6, 4, 6, 6, 4, 6, 6, 4, 6, 6, 6, 4, 6, 6, 6, 4, 6, 4, 6, 4, 4, 6, 6, 6, 6, 4, 6, 6, 4, 6, 4, 6, 6, 6, 4, 6]",1.0377499688379497
305,4,4,pivot_kg,6,4,72,21600.0,142502.0,243.46326923498418,19.58025466793401,0.0,"[4, 6, 5, 1]",,
305,4,4,uniform_v2,6,4,72,21600.0,144350.0,246.90986414893996,19.58025466793401,0.0,"[2, 5, 4, 6]",,
305,4,4,ivr_v2,6,4,72,21600.0,142502.0,243.46326923498418,19.58025466793401,0.0,"[5, 4, 1, 6]",,
305,4,4,lucb_v2,6,4,72,21600.0,142502.0,243.46326923498418,19.58025466793401,0.0,"[4, 5, 1, 6]",,
305,4,4,no_hf_v2,6,0,0,0.0,0.0,0.0,19.58025466793401,0.0,[],,
305,4,4,proxy_only,6,0,0,0.0,0.0,0.0,19.58025466793401,0.0,[],,
305,4,4,global_voi_heuristic,6,4,72,21600.0,144676.0,246.75181124097435,19.58025466793401,0.0,"[2, 1, 4, 3]",,
305,4,4,uniform_v2_expected_100,,4,72,21600.0,144002.35,246.08696074051258,12.56899733543342,7.011257332500591,,"[6, 6, 6, 6, 4, 6, 6, 6, 4, 6, 6, 6, 4, 6, 6, 6, 6, 6, 6, 6, 6, 6, 4, 6, 4, 6, 6, 6, 4, 4, 6, 4, 6, 6, 6, 6, 6, 6, 4, 4, 6, 6, 4, 6, 6, 6, 6, 6, 4, 6, 4, 6, 6, 4, 6, 6, 6, 4, 6, 4, 4, 6, 4, 6, 6, 4, 6, 6, 6, 4, 6, 6, 6, 4, 6, 4, 6, 6, 6, 4, 6, 4, 6, 6, 4, 6, 4, 6, 6, 4, 6, 6, 6, 6, 6, 6, 4, 4, 6, 6]",1.1025758742136393
305,4,1,author_PIVOT_VOI_E5C,6,1,24,7200.0,46727.0,79.45588320790557,19.58025466793401,0.0,[4],,
305,4,1,author_GlobalVOI_E5C,6,1,24,7200.0,47345.0,80.71134651498869,19.58025466793401,0.0,[3],,
305,4,1,author_Uniform_E5C,6,1,24,7200.0,48927.0,82.95397144096205,19.58025466793401,0.0,[1],,
305,4,1,author_LUCB_E5C,4,1,24,7200.0,47770.0,81.46844196302118,-4.596494754481819,24.17674942241583,[6],,
305,4,2,author_PIVOT_VOI_E5C,6,2,40,12000.0,78131.0,133.33433974499349,19.58025466793401,0.0,"[4, 6]",,
305,4,2,author_GlobalVOI_E5C,3,2,40,12000.0,78749.0,134.5898030520766,0.8191649891096087,18.7610896788244,"[3, 6]",,
305,4,2,author_Uniform_E5C,6,2,40,12000.0,83336.0,141.7645523699466,19.58025466793401,0.0,"[1, 2]",,
305,4,2,author_LUCB_E5C,6,2,40,12000.0,78131.0,133.33433974499349,19.58025466793401,0.0,"[6, 4]",,
305,4,4,author_PIVOT_VOI_E5C,5,4,72,21600.0,142502.0,243.46326923498418,7.513869777855827,12.066384890078183,"[4, 6, 5, 1]",,
305,4,4,author_GlobalVOI_E5C,3,4,72,21600.0,143519.0,245.26628176303348,0.8191649891096087,18.7610896788244,"[3, 6, 4, 2]",,
305,4,4,author_Uniform_E5C,3,4,72,21600.0,144676.0,246.75181124097435,0.8191649891096087,18.7610896788244,"[1, 2, 4, 3]",,
305,4,4,author_LUCB_E5C,3,4,72,21600.0,143519.0,245.26628176303348,0.8191649891096087,18.7610896788244,"[6, 4, 3, 2]",,
305,12,1,pivot_kg,3,1,56,16760.0,110947.0,188.9892559517757,-0.315482377196151,28.645332263354153,[4],,
305,12,1,uniform_v2,6,1,56,16792.0,111631.0,190.35025457973825,28.329849886158,0.0,[2],,
305,12,1,ivr_v2,6,1,56,16792.0,110038.0,187.8906053887913,28.329849886158,0.0,[5],,
305,12,1,lucb_v2,3,1,56,16760.0,110947.0,188.9892559517757,-0.315482377196151,28.645332263354153,[4],,
305,12,1,no_hf_v2,6,0,0,0.0,0.0,0.0,28.329849886158,0.0,[],,
305,12,1,proxy_only,6,0,0,0.0,0.0,0.0,28.329849886158,0.0,[],,
305,12,1,global_voi_heuristic,6,1,56,16792.0,109831.0,187.08425237383926,28.329849886158,0.0,[3],,
305,12,1,uniform_v2_expected_100,,1,56,16782.44,110527.89,188.4759959757625,18.303983593984047,10.025866292173955,,"[6, 3, 6, 3, 3, 3, 6, 6, 3, 3, 3, 3, 3, 6, 6, 3, 6, 3, 6, 6, 6, 6, 6, 6, 3, 3, 3, 6, 6, 6, 6, 6, 6, 6, 6, 6, 6, 6, 6, 6, 3, 3, 6, 6, 6, 3, 3, 3, 6, 3, 3, 3, 3, 6, 6, 3, 3, 6, 6, 6, 6, 3, 6, 6, 6, 6, 6, 6, 6, 6, 6, 6, 6, 6, 6, 3, 6, 3, 6, 6, 6, 6, 6, 6, 6, 3, 3, 3, 6, 6, 3, 6, 6, 3, 6, 3, 6, 6, 3, 6]",1.3731784123370276
305,12,2,pivot_kg,3,2,88,26342.0,172195.0,294.15210864593973,-0.315482377196151,28.645332263354153,"[4, 6]",,
305,12,2,uniform_v2,6,2,88,26392.0,173709.0,296.79370810772525,28.329849886158,0.0,"[2, 5]",,
305,12,2,ivr_v2,6,2,88,26360.0,173025.0,295.4327094797627,28.329849886158,0.0,"[5, 4]",,
305,12,2,lucb_v2,3,2,88,26342.0,172195.0,294.15210864593973,-0.315482377196151,28.645332263354153,"[4, 6]",,
305,12,2,no_hf_v2,6,0,0,0.0,0.0,0.0,28.329849886158,0.0,[],,
305,12,2,proxy_only,6,0,0,0.0,0.0,0.0,28.329849886158,0.0,[],,
305,12,2,global_voi_heuristic,3,2,88,26360.0,172818.0,294.62635646481067,-0.315482377196151,28.645332263354153,"[3, 4]",,
305,12,2,uniform_v2_expected_100,,2,88,26370.74,173017.86,295.36355694359054,10.08875964352815,18.241090242629852,,"[3, 3, 3, 3, 4, 3, 6, 6, 3, 3, 3, 3, 3, 3, 6, 3, 6, 3, 3, 6, 6, 3, 6, 6, 3, 3, 3, 3, 3, 3, 3, 6, 6, 4, 6, 3, 6, 3, 4, 4, 3, 4, 6, 6, 6, 6, 3, 3, 6, 6, 3, 3, 3, 6, 6, 4, 3, 6, 4, 3, 6, 3, 6, 3, 6, 6, 3, 3, 6, 6, 3, 4, 3, 6, 6, 4, 3, 6, 3, 4, 6, 4, 3, 4, 4, 3, 3, 3, 6, 6, 3, 6, 4, 3, 6, 3, 6, 6, 4, 6]",1.4393635537476217
305,12,4,pivot_kg,3,4,152,45534.0,298125.0,509.3125404769671,-0.315482377196151,28.645332263354153,"[4, 6, 1, 5]",,
305,12,4,uniform_v2,3,4,152,45542.0,297944.0,509.4986648928607,-0.315482377196151,28.645332263354153,"[2, 5, 4, 6]",,
305,12,4,ivr_v2,3,4,152,45534.0,298125.0,509.3125404769671,-0.315482377196151,28.645332263354153,"[5, 4, 6, 1]",,
305,12,4,lucb_v2,3,4,152,45542.0,296144.0,506.2326626869617,-0.315482377196151,28.645332263354153,"[4, 6, 3, 5]",,
305,12,4,no_hf_v2,6,0,0,0.0,0.0,0.0,28.329849886158,0.0,[],,
305,12,4,proxy_only,6,0,0,0.0,0.0,0.0,28.329849886158,0.0,[],,
305,12,4,global_voi_heuristic,3,4,152,45552.0,300341.0,512.246437486785,-0.315482377196151,28.645332263354153,"[3, 4, 1, 2]",,
305,12,4,uniform_v2_expected_100,,4,152,45553.98,298301.39,509.54558963624584,6.362729228315484,21.967120657842518,,"[3, 6, 6, 3, 4, 3, 3, 6, 4, 3, 3, 3, 4, 3, 3, 6, 6, 3, 6, 6, 6, 3, 4, 6, 4, 3, 3, 3, 4, 4, 3, 4, 6, 3, 3, 3, 3, 3, 4, 4, 6, 3, 6, 3, 3, 6, 6, 3, 4, 3, 4, 6, 3, 6, 3, 3, 3, 4, 3, 4, 4, 3, 4, 3, 6, 4, 3, 3, 6, 6, 3, 3, 3, 6, 6, 4, 3, 3, 3, 4, 3, 4, 3, 3, 4, 3, 4, 3, 6, 6, 6, 3, 3, 3, 3, 6, 4, 4, 3, 6]",1.3150776541972098
305,12,1,author_PIVOT_VOI_E5C,6,1,56,16760.0,110947.0,188.9892559517757,28.329849886158,0.0,[4],,
305,12,1,author_GlobalVOI_E5C,3,1,56,16792.0,109831.0,187.08425237383926,-0.315482377196151,28.645332263354153,[3],,
305,12,1,author_Uniform_E5C,6,1,56,16784.0,111812.0,190.16413016384467,28.329849886158,0.0,[1],,
305,12,1,author_LUCB_E5C,3,1,56,16774.0,109208.0,186.61000455496833,-0.315482377196151,28.645332263354153,[6],,
305,12,2,author_PIVOT_VOI_E5C,3,2,88,26342.0,172195.0,294.15210864593973,-0.315482377196151,28.645332263354153,"[4, 6]",,
305,12,2,author_GlobalVOI_E5C,3,2,88,26374.0,171079.0,292.2471050680033,-0.315482377196151,28.645332263354153,"[3, 6]",,
305,12,2,author_Uniform_E5C,6,2,88,26384.0,175483.0,299.0672328827786,28.329849886158,0.0,"[1, 2]",,
305,12,2,author_LUCB_E5C,3,2,88,26374.0,171079.0,292.2471050680033,-0.315482377196151,28.645332263354153,"[6, 3]",,
305,12,4,author_PIVOT_VOI_E5C,3,4,152,45542.0,297944.0,509.4986648928607,-0.315482377196151,28.645332263354153,"[4, 6, 5, 2]",,
305,12,4,author_GlobalVOI_E5C,3,4,152,45542.0,297737.0,508.69231187790865,-0.315482377196151,28.645332263354153,"[3, 6, 4, 2]",,
305,12,4,author_Uniform_E5C,3,4,152,45552.0,300341.0,512.246437486785,-0.315482377196151,28.645332263354153,"[1, 2, 4, 3]",,
305,12,4,author_LUCB_E5C,3,4,152,45542.0,297737.0,508.69231187790865,-0.315482377196151,28.645332263354153,"[6, 3, 4, 2]",,
306,4,1,pivot_kg,6,1,24,7200.0,47876.0,80.79920777410734,7.090547324615657,0.0,[5],,
306,4,1,uniform_v2,6,1,24,7200.0,47876.0,80.79920777410734,7.090547324615657,0.0,[5],,
306,4,1,ivr_v2,6,1,24,7200.0,47876.0,80.79920777410734,7.090547324615657,0.0,[5],,
306,4,1,lucb_v2,6,1,24,7200.0,47876.0,80.79920777410734,7.090547324615657,0.0,[5],,
306,4,1,no_hf_v2,6,0,0,0.0,0.0,0.0,7.090547324615657,0.0,[],,
306,4,1,proxy_only,5,0,0,0.0,0.0,0.0,6.9822218928735005,0.10832543174215647,[],,
306,4,1,global_voi_heuristic,6,1,24,7200.0,46578.0,78.96820839500288,7.090547324615657,0.0,[2],,
306,4,1,uniform_v2_expected_100,,1,24,7200.0,46326.67,78.43375514983724,7.090547324615655,1.7763568394002505e-15,,"[6, 6, 6, 6, 6, 6, 6, 6, 6, 6, 6, 6, 6, 6, 6, 6, 6, 6, 6, 6, 6, 6, 6, 6, 6, 6, 6, 6, 6, 6, 6, 6, 6, 6, 6, 6, 6, 6, 6, 6, 6, 6, 6, 6, 6, 6, 6, 6, 6, 6, 6, 6, 6, 6, 6, 6, 6, 6, 6, 6, 6, 6, 6, 6, 6, 6, 6, 6, 6, 6, 6, 6, 6, 6, 6, 6, 6, 6, 6, 6, 6, 6, 6, 6, 6, 6, 6, 6, 6, 6, 6, 6, 6, 6, 6, 6, 6, 6, 6, 6]",1.7853057969915868e-16
306,4,2,pivot_kg,6,2,40,12000.0,81190.0,136.8796444021864,7.090547324615657,0.0,"[5, 4]",,
306,4,2,uniform_v2,6,2,40,12000.0,77220.0,131.32353682414396,7.090547324615657,0.0,"[5, 1]",,
306,4,2,ivr_v2,6,2,40,12000.0,81190.0,136.8796444021864,7.090547324615657,0.0,"[5, 4]",,
306,4,2,lucb_v2,6,2,40,12000.0,78671.0,133.22904514003312,7.090547324615657,0.0,"[5, 6]",,
306,4,2,no_hf_v2,6,0,0,0.0,0.0,0.0,7.090547324615657,0.0,[],,
306,4,2,proxy_only,5,0,0,0.0,0.0,0.0,6.9822218928735005,0.10832543174215647,[],,
306,4,2,global_voi_heuristic,6,2,40,12000.0,75922.0,129.4925374450395,7.090547324615657,0.0,"[2, 1]",,
306,4,2,uniform_v2_expected_100,,2,40,12000.0,77633.64,131.67065465893072,7.090547324615655,1.7763568394002505e-15,,"[6, 6, 6, 6, 6, 6, 6, 6, 6, 6, 6, 6, 6, 6, 6, 6, 6, 6, 6, 6, 6, 6, 6, 6, 6, 6, 6, 6, 6, 6, 6, 6, 6, 6, 6, 6, 6, 6, 6, 6, 6, 6, 6, 6, 6, 6, 6, 6, 6, 6, 6, 6, 6, 6, 6, 6, 6, 6, 6, 6, 6, 6, 6, 6, 6, 6, 6, 6, 6, 6, 6, 6, 6, 6, 6, 6, 6, 6, 6, 6, 6, 6, 6, 6, 6, 6, 6, 6, 6, 6, 6, 6, 6, 6, 6, 6, 6, 6, 6, 6]",1.7853057969915868e-16
306,4,4,pivot_kg,6,4,72,21600.0,141329.0,239.83381081814878,7.090547324615657,0.0,"[5, 4, 6, 1]",,
306,4,4,uniform_v2,6,4,72,21600.0,138896.0,236.44270355894696,7.090547324615657,0.0,"[5, 1, 2, 3]",,
306,4,4,ivr_v2,6,4,72,21600.0,141329.0,239.83381081814878,7.090547324615657,0.0,"[5, 4, 1, 6]",,
306,4,4,lucb_v2,6,4,72,21600.0,141329.0,239.83381081814878,7.090547324615657,0.0,"[5, 6, 4, 1]",,
306,4,4,no_hf_v2,6,0,0,0.0,0.0,0.0,7.090547324615657,0.0,[],,
306,4,4,proxy_only,5,0,0,0.0,0.0,0.0,6.9822218928735005,0.10832543174215647,[],,
306,4,4,global_voi_heuristic,6,4,72,21600.0,139423.0,236.9690539870062,7.090547324615657,0.0,"[2, 1, 3, 4]",,
306,4,4,uniform_v2_expected_100,,4,72,21600.0,140452.39,238.45844142487798,7.090547324615655,1.7763568394002505e-15,,"[6, 6, 6, 6, 6, 6, 6, 6, 6, 6, 6, 6, 6, 6, 6, 6, 6, 6, 6, 6, 6, 6, 6, 6, 6, 6, 6, 6, 6, 6, 6, 6, 6, 6, 6, 6, 6, 6, 6, 6, 6, 6, 6, 6, 6, 6, 6, 6, 6, 6, 6, 6, 6, 6, 6, 6, 6, 6, 6, 6, 6, 6, 6, 6, 6, 6, 6, 6, 6, 6, 6, 6, 6, 6, 6, 6, 6, 6, 6, 6, 6, 6, 6, 6, 6, 6, 6, 6, 6, 6, 6, 6, 6, 6, 6, 6, 6, 6, 6, 6]",1.7853057969915868e-16
306,4,1,author_PIVOT_VOI_E5C,6,1,24,7200.0,48403.0,81.32555820216658,7.090547324615657,0.0,[4],,
306,4,1,author_GlobalVOI_E5C,6,1,24,7200.0,45276.0,76.6412014879752,7.090547324615657,0.0,[3],,
306,4,1,author_Uniform_E5C,5,1,24,7200.0,48403.0,81.32555820216658,6.9822218928735005,0.10832543174215647,[4],,
306,4,1,author_LUCB_E5C,5,1,24,7200.0,45884.0,77.67495894001331,6.9822218928735005,0.10832543174215647,[6],,
306,4,2,author_PIVOT_VOI_E5C,6,2,40,12000.0,78590.0,132.72163811605424,7.090547324615657,0.0,"[4, 3]",,
306,4,2,author_GlobalVOI_E5C,6,2,40,12000.0,76765.0,130.36428830889054,7.090547324615657,0.0,"[3, 2]",,
306,4,2,author_Uniform_E5C,5,2,40,12000.0,77747.0,131.8498872522032,6.9822218928735005,0.10832543174215647,"[4, 1]",,
306,4,2,author_LUCB_E5C,5,2,40,12000.0,78671.0,133.22904514003312,6.9822218928735005,0.10832543174215647,"[6, 5]",,
306,4,4,author_PIVOT_VOI_E5C,5,4,72,21600.0,142172.0,240.70556168199982,6.9822218928735005,0.10832543174215647,"[4, 3, 5, 6]",,
306,4,4,author_GlobalVOI_E5C,6,4,72,21600.0,139423.0,236.9690539870062,7.090547324615657,0.0,"[3, 2, 1, 4]",,
306,4,4,author_Uniform_E5C,5,4,72,21600.0,141329.0,239.83381081814878,6.9822218928735005,0.10832543174215647,"[4, 1, 6, 5]",,
306,4,4,author_LUCB_E5C,5,4,72,21600.0,140347.0,238.34821187483612,6.9822218928735005,0.10832543174215647,"[6, 5, 3, 2]",,
306,12,1,pivot_kg,6,1,56,16792.0,98855.0,168.32465939212125,1.1475346980046792,29.394115475904492,[5],,
306,12,1,uniform_v2,6,1,56,16792.0,98855.0,168.32465939212125,1.1475346980046792,29.394115475904492,[5],,
306,12,1,ivr_v2,6,1,56,16792.0,98855.0,168.32465939212125,1.1475346980046792,29.394115475904492,[5],,
306,12,1,lucb_v2,6,1,56,16792.0,98855.0,168.32465939212125,1.1475346980046792,29.394115475904492,[5],,
306,12,1,no_hf_v2,6,0,0,0.0,0.0,0.0,1.1475346980046792,29.394115475904492,[],,
306,12,1,proxy_only,5,0,0,0.0,0.0,0.0,-33.31167204407568,63.853322217984854,[],,
306,12,1,global_voi_heuristic,6,1,56,16778.0,97887.0,166.63871432002634,1.1475346980046792,29.394115475904492,[3],,
306,12,1,uniform_v2_expected_100,,1,56,16793.49,98781.98,167.90436981354026,1.1475346980046794,29.394115475904492,,"[6, 6, 6, 6, 6, 6, 6, 6, 6, 6, 6, 6, 6, 6, 6, 6, 6, 6, 6, 6, 6, 6, 6, 6, 6, 6, 6, 6, 6, 6, 6, 6, 6, 6, 6, 6, 6, 6, 6, 6, 6, 6, 6, 6, 6, 6, 6, 6, 6, 6, 6, 6, 6, 6, 6, 6, 6, 6, 6, 6, 6, 6, 6, 6, 6, 6, 6, 6, 6, 6, 6, 6, 6, 6, 6, 6, 6, 6, 6, 6, 6, 6, 6, 6, 6, 6, 6, 6, 6, 6, 6, 6, 6, 6, 6, 6, 6, 6, 6, 6]",2.2316322462394835e-17
306,12,2,pivot_kg,6,2,88,26392.0,155500.0,265.1180045400979,1.1475346980046792,29.394115475904492,"[5, 6]",,
306,12,2,uniform_v2,6,2,88,26392.0,155499.0,265.0596377493348,1.1475346980046792,29.394115475904492,"[5, 1]",,
306,12,2,ivr_v2,6,2,88,26392.0,158327.0,268.91438812215347,1.1475346980046792,29.394115475904492,"[5, 4]",,
306,12,2,lucb_v2,6,2,88,26392.0,158327.0,268.91438812215347,1.1475346980046792,29.394115475904492,"[5, 4]",,
306,12,2,no_hf_v2,6,0,0,0.0,0.0,0.0,1.1475346980046792,29.394115475904492,[],,
306,12,2,proxy_only,5,0,0,0.0,0.0,0.0,-33.31167204407568,63.853322217984854,[],,
306,12,2,global_voi_heuristic,6,2,88,26378.0,154531.0,263.3736926772399,1.1475346980046792,29.394115475904492,"[3, 1]",,
306,12,2,uniform_v2_expected_100,,2,88,26387.14,155908.22,265.359155447043,1.1475346980046794,29.394115475904492,,"[6, 6, 6, 6, 6, 6, 6, 6, 6, 6, 6, 6, 6, 6, 6, 6, 6, 6, 6, 6, 6, 6, 6, 6, 6, 6, 6, 6, 6, 6, 6, 6, 6, 6, 6, 6, 6, 6, 6, 6, 6, 6, 6, 6, 6, 6, 6, 6, 6, 6, 6, 6, 6, 6, 6, 6, 6, 6, 6, 6, 6, 6, 6, 6, 6, 6, 6, 6, 6, 6, 6, 6, 6, 6, 6, 6, 6, 6, 6, 6, 6, 6, 6, 6, 6, 6, 6, 6, 6, 6, 6, 6, 6, 6, 6, 6, 6, 6, 6, 6]",2.2316322462394835e-17
306,12,4,pivot_kg,6,4,152,45592.0,271616.0,462.44271162734367,1.1475346980046792,29.394115475904492,"[5, 6, 4, 1]",,
306,12,4,uniform_v2,6,4,152,45561.0,267533.0,456.81523136410397,1.1475346980046792,29.394115475904492,"[5, 1, 2, 3]",,
306,12,4,ivr_v2,6,4,152,45592.0,271616.0,462.44271162734367,1.1475346980046792,29.394115475904492,"[5, 4, 6, 1]",,
306,12,4,lucb_v2,6,4,152,45592.0,271616.0,462.44271162734367,1.1475346980046792,29.394115475904492,"[5, 4, 6, 1]",,
306,12,4,no_hf_v2,6,0,0,0.0,0.0,0.0,1.1475346980046792,29.394115475904492,[],,
306,12,4,proxy_only,5,0,0,0.0,0.0,0.0,-33.31167204407568,63.853322217984854,[],,
306,12,4,global_voi_heuristic,6,4,152,45569.0,270091.0,459.888119825162,1.1475346980046792,29.394115475904492,"[3, 1, 2, 4]",,
306,12,4,uniform_v2_expected_100,,4,152,45573.88,269967.24,460.01948001228857,1.1475346980046794,29.394115475904492,,"[6, 6, 6, 6, 6, 6, 6, 6, 6, 6, 6, 6, 6, 6, 6, 6, 6, 6, 6, 6, 6, 6, 6, 6, 6, 6, 6, 6, 6, 6, 6, 6, 6, 6, 6, 6, 6, 6, 6, 6, 6, 6, 6, 6, 6, 6, 6, 6, 6, 6, 6, 6, 6, 6, 6, 6, 6, 6, 6, 6, 6, 6, 6, 6, 6, 6, 6, 6, 6, 6, 6, 6, 6, 6, 6, 6, 6, 6, 6, 6, 6, 6, 6, 6, 6, 6, 6, 6, 6, 6, 6, 6, 6, 6, 6, 6, 6, 6, 6, 6]",2.2316322462394835e-17
306,12,1,author_PIVOT_VOI_E5C,6,1,56,16778.0,97887.0,166.63871432002634,1.1475346980046792,29.394115475904492,[3],,
306,12,1,author_GlobalVOI_E5C,6,1,56,16778.0,97887.0,166.63871432002634,1.1475346980046792,29.394115475904492,[3],,
306,12,1,author_Uniform_E5C,5,1,56,16800.0,101413.0,171.39754785317928,-33.31167204407568,63.853322217984854,[4],,
306,12,1,author_LUCB_E5C,5,1,56,16800.0,98586.0,167.6011642711237,-33.31167204407568,63.853322217984854,[6],,
306,12,2,author_PIVOT_VOI_E5C,6,2,88,26378.0,157359.0,267.22844305005856,1.1475346980046792,29.394115475904492,"[3, 4]",,
306,12,2,author_GlobalVOI_E5C,6,2,88,26369.0,153975.0,262.5634127379162,1.1475346980046792,29.394115475904492,"[3, 2]",,
306,12,2,author_Uniform_E5C,5,2,88,26400.0,158057.0,268.1325262103928,-33.31167204407568,63.853322217984854,"[4, 1]",,
306,12,2,author_LUCB_E5C,3,2,88,26392.0,155500.0,265.1180045400979,30.541650173909172,0.0,"[6, 5]",,
306,12,4,author_PIVOT_VOI_E5C,6,4,152,45561.0,270361.0,460.66998173692264,1.1475346980046792,29.394115475904492,"[3, 4, 5, 2]",,
306,12,4,author_GlobalVOI_E5C,6,4,152,45569.0,270091.0,459.888119825162,1.1475346980046792,29.394115475904492,"[3, 2, 1, 4]",,
306,12,4,author_Uniform_E5C,6,4,152,45592.0,271616.0,462.44271162734367,1.1475346980046792,29.394115475904492,"[4, 1, 6, 5]",,
306,12,4,author_LUCB_E5C,3,4,152,45561.0,267534.0,456.87359815486707,30.541650173909172,0.0,"[6, 5, 3, 2]",,
307,4,1,pivot_kg,3,1,24,7200.0,51980.0,87.7322822730057,11.306691174523072,0.0,[4],,
307,4,1,uniform_v2,4,1,24,7200.0,48670.0,82.23795819096267,-26.841490015392615,38.14818118991569,[6],,
307,4,1,ivr_v2,4,1,24,7200.0,50448.0,84.7628709350829,-26.841490015392615,38.14818118991569,[5],,
307,4,1,lucb_v2,4,1,24,7200.0,50448.0,84.7628709350829,-26.841490015392615,38.14818118991569,[5],,
307,4,1,no_hf_v2,4,0,0,0.0,0.0,0.0,-26.841490015392615,38.14818118991569,[],,
307,4,1,proxy_only,3,0,0,0.0,0.0,0.0,11.306691174523072,0.0,[],,
307,4,1,global_voi_heuristic,3,1,24,7200.0,51980.0,87.7322822730057,11.306691174523072,0.0,[4],,
307,4,1,uniform_v2_expected_100,,1,24,7200.0,50826.78,85.37981098197342,-18.067408341712007,29.374099516235077,,"[4, 4, 4, 4, 4, 3, 3, 4, 3, 3, 4, 4, 4, 4, 4, 4, 4, 4, 4, 4, 4, 4, 3, 3, 3, 4, 4, 4, 3, 4, 3, 4, 4, 3, 4, 4, 4, 4, 4, 4, 4, 4, 4, 3, 4, 4, 4, 4, 4, 3, 3, 4, 3, 4, 4, 4, 4, 4, 4, 4, 3, 4, 3, 4, 4, 4, 3, 4, 4, 4, 4, 3, 4, 4, 4, 4, 4, 4, 3, 4, 3, 4, 4, 3, 4, 4, 4, 4, 4, 3, 4, 4, 4, 4, 4, 3, 4, 4, 4, 4]",1.6134871835178763
307,4,2,pivot_kg,5,2,40,12000.0,85410.0,144.15302506904118,-14.704499595614461,26.01119077013753,"[4, 5]",,
307,4,2,uniform_v2,3,2,40,12000.0,83632.0,141.62811232492095,11.306691174523072,0.0,"[6, 4]",,
307,4,2,ivr_v2,5,2,40,12000.0,85410.0,144.15302506904118,-14.704499595614461,26.01119077013753,"[5, 4]",,
307,4,2,lucb_v2,5,2,40,12000.0,85410.0,144.15302506904118,-14.704499595614461,26.01119077013753,"[5, 4]",,
307,4,2,no_hf_v2,4,0,0,0.0,0.0,0.0,-26.841490015392615,38.14818118991569,[],,
307,4,2,proxy_only,3,0,0,0.0,0.0,0.0,11.306691174523072,0.0,[],,
307,4,2,global_voi_heuristic,3,2,40,12000.0,85573.0,144.35901616106275,11.306691174523072,0.0,"[4, 2]",,
307,4,2,uniform_v2_expected_100,,2,40,12000.0,84462.92,142.103654101867,-16.21211558013366,27.51880675465673,,"[4, 4, 4, 4, 4, 3, 5, 4, 3, 3, 3, 4, 4, 4, 4, 4, 3, 4, 4, 4, 4, 5, 3, 5, 3, 4, 4, 4, 5, 3, 3, 4, 5, 3, 4, 3, 4, 4, 4, 4, 4, 4, 4, 5, 3, 4, 4, 4, 4, 3, 3, 4, 5, 4, 4, 4, 4, 4, 4, 4, 3, 4, 3, 4, 4, 3, 3, 4, 4, 4, 4, 3, 4, 4, 4, 4, 4, 4, 5, 4, 3, 4, 4, 3, 4, 4, 4, 4, 4, 3, 3, 4, 4, 4, 4, 3, 4, 3, 4, 5]",1.6332867013139254
307,4,4,pivot_kg,5,4,72,21600.0,151761.0,256.0968661357765,-14.704499595614461,26.01119077013753,"[4, 5, 1, 6]",,
307,4,4,uniform_v2,5,4,72,21600.0,150655.0,254.6755890090135,-14.704499595614461,26.01119077013753,"[6, 4, 2, 5]",,
307,4,4,ivr_v2,5,4,72,21600.0,151761.0,256.0968661357765,-14.704499595614461,26.01119077013753,"[5, 4, 1, 6]",,
307,4,4,lucb_v2,3,4,72,21600.0,154141.0,259.1226262518903,11.306691174523072,0.0,"[5, 4, 1, 3]",,
307,4,4,no_hf_v2,4,0,0,0.0,0.0,0.0,-26.841490015392615,38.14818118991569,[],,
307,4,4,proxy_only,3,0,0,0.0,0.0,0.0,11.306691174523072,0.0,[],,
307,4,4,global_voi_heuristic,3,4,72,21600.0,154304.0,259.3286173439119,11.306691174523072,0.0,"[4, 2, 3, 1]",,
307,4,4,uniform_v2_expected_100,,4,72,21600.0,151703.61,255.56554156108584,-9.189563654082335,20.49625482860541,,"[5, 4, 4, 5, 5, 5, 5, 4, 3, 5, 3, 4, 3, 5, 5, 3, 5, 3, 5, 4, 5, 3, 3, 5, 5, 4, 4, 4, 5, 3, 3, 4, 3, 3, 5, 3, 3, 3, 4, 4, 4, 3, 4, 5, 3, 5, 3, 4, 3, 3, 3, 4, 3, 4, 3, 4, 3, 3, 5, 4, 3, 3, 5, 4, 4, 3, 5, 3, 4, 4, 4, 3, 5, 4, 4, 3, 4, 4, 5, 3, 3, 4, 4, 3, 4, 5, 4, 4, 3, 5, 3, 4, 4, 5, 4, 3, 4, 3, 3, 5]",1.6808998668922073
307,4,1,author_PIVOT_VOI_E5C,3,1,24,7200.0,51717.0,86.3901391538675,11.306691174523072,0.0,[1],,
307,4,1,author_GlobalVOI_E5C,3,1,24,7200.0,51980.0,87.7322822730057,11.306691174523072,0.0,[4],,
307,4,1,author_Uniform_E5C,3,1,24,7200.0,51717.0,86.3901391538675,11.306691174523072,0.0,[1],,
307,4,1,author_LUCB_E5C,3,1,24,7200.0,51050.0,85.26371830707649,11.306691174523072,0.0,[3],,
307,4,2,author_PIVOT_VOI_E5C,3,2,40,12000.0,85749.0,143.31172932189656,11.306691174523072,0.0,"[1, 3]",,
307,4,2,author_GlobalVOI_E5C,3,2,40,12000.0,86012.0,144.65387244103476,11.306691174523072,0.0,"[4, 3]",,
307,4,2,author_Uniform_E5C,3,2,40,12000.0,86679.0,145.78029328782577,11.306691174523072,0.0,"[1, 4]",,
307,4,2,author_LUCB_E5C,3,2,40,12000.0,86012.0,144.65387244103476,11.306691174523072,0.0,"[3, 4]",,
307,4,4,author_PIVOT_VOI_E5C,5,4,72,21600.0,150831.0,253.6283021698473,-14.704499595614461,26.01119077013753,"[1, 3, 6, 5]",,
307,4,4,author_GlobalVOI_E5C,3,4,72,21600.0,154304.0,259.3286173439119,11.306691174523072,0.0,"[4, 3, 2, 1]",,
307,4,4,author_Uniform_E5C,3,4,72,21600.0,154304.0,259.3286173439119,11.306691174523072,0.0,"[1, 4, 3, 2]",,
307,4,4,author_LUCB_E5C,3,4,72,21600.0,151257.0,255.17643638100708,11.306691174523072,0.0,"[3, 4, 2, 6]",,
307,12,1,pivot_kg,3,1,56,16800.0,112964.0,191.67253449797863,14.827685391051972,1.9612752894201506,[4],,
307,12,1,uniform_v2,4,1,56,16800.0,112496.0,190.39144121628487,0.3442695225499124,16.44469115792221,[6],,
307,12,1,ivr_v2,4,1,56,16800.0,112652.0,190.62078896921594,0.3442695225499124,16.44469115792221,[5],,
307,12,1,lucb_v2,3,1,56,16800.0,112964.0,191.67253449797863,14.827685391051972,1.9612752894201506,[4],,
307,12,1,no_hf_v2,3,0,0,0.0,0.0,0.0,14.827685391051972,1.9612752894201506,[],,
307,12,1,proxy_only,3,0,0,0.0,0.0,0.0,14.827685391051972,1.9612752894201506,[],,
307,12,1,global_voi_heuristic,3,1,56,16800.0,112964.0,191.67253449797863,14.827685391051972,1.9612752894201506,[4],,
307,12,1,uniform_v2_expected_100,,1,56,16800.0,113331.2,191.85266323290708,10.917163106556416,5.871797573915707,,"[4, 3, 4, 3, 3, 3, 3, 4, 3, 3, 3, 3, 4, 3, 4, 3, 3, 3, 4, 3, 4, 4, 3, 3, 3, 3, 4, 3, 3, 3, 3, 3, 4, 3, 4, 3, 3, 3, 4, 4, 4, 3, 3, 3, 3, 4, 3, 3, 3, 3, 3, 3, 3, 3, 3, 3, 4, 3, 3, 4, 3, 4, 3, 4, 3, 3, 3, 3, 3, 3, 3, 3, 4, 3, 3, 3, 3, 3, 3, 3, 3, 4, 4, 3, 3, 4, 4, 4, 3, 3, 3, 3, 3, 3, 4, 3, 3, 3, 3, 4]",0.6462442854551282
307,12,2,pivot_kg,3,2,88,26400.0,176782.0,299.99189970607404,14.827685391051972,1.9612752894201506,"[4, 5]",,
307,12,2,uniform_v2,3,2,88,26400.0,176626.0,299.762551953143,14.827685391051972,1.9612752894201506,"[6, 4]",,
307,12,2,ivr_v2,3,2,88,26400.0,176782.0,299.99189970607404,14.827685391051972,1.9612752894201506,"[5, 4]",,
307,12,2,lucb_v2,3,2,88,26400.0,176782.0,299.99189970607404,14.827685391051972,1.9612752894201506,"[4, 5]",,
307,12,2,no_hf_v2,3,0,0,0.0,0.0,0.0,14.827685391051972,1.9612752894201506,[],,
307,12,2,proxy_only,3,0,0,0.0,0.0,0.0,14.827685391051972,1.9612752894201506,[],,
307,12,2,global_voi_heuristic,3,2,88,26400.0,178092.0,302.1443383389851,14.827685391051972,1.9612752894201506,"[4, 3]",,
307,12,2,uniform_v2_expected_100,,2,88,26400.0,177875.7,301.3450966829568,8.889484884966128,7.899475795505994,,"[4, 3, 4, 4, 4, 3, 3, 4, 3, 3, 3, 4, 4, 4, 4, 4, 3, 4, 4, 3, 4, 3, 3, 3, 3, 4, 4, 3, 3, 3, 3, 4, 3, 3, 4, 3, 3, 3, 4, 4, 4, 3, 4, 3, 3, 4, 3, 4, 3, 3, 3, 3, 3, 3, 3, 3, 4, 4, 4, 4, 3, 4, 3, 4, 3, 3, 3, 3, 3, 4, 4, 3, 4, 4, 3, 3, 3, 3, 3, 3, 3, 4, 4, 3, 3, 4, 4, 4, 3, 3, 3, 3, 4, 4, 4, 3, 3, 3, 3, 3]",0.7159312801351005
307,12,4,pivot_kg,3,4,152,45600.0,306308.0,519.1875839101849,14.827685391051972,1.9612752894201506,"[4, 5, 6, 1]",,
307,12,4,uniform_v2,3,4,152,45600.0,305102.0,517.9712383822189,14.827685391051972,1.9612752894201506,"[6, 4, 2, 5]",,
307,12,4,ivr_v2,3,4,152,45600.0,306308.0,519.1875839101849,14.827685391051972,1.9612752894201506,"[5, 4, 6, 1]",,
307,12,4,lucb_v2,3,4,152,45600.0,305572.0,518.5537210022449,14.827685391051972,1.9612752894201506,"[4, 5, 3, 6]",,
307,12,4,no_hf_v2,3,0,0,0.0,0.0,0.0,14.827685391051972,1.9612752894201506,[],,
307,12,4,proxy_only,3,0,0,0.0,0.0,0.0,14.827685391051972,1.9612752894201506,[],,
307,12,4,global_voi_heuristic,3,4,152,45600.0,308614.0,523.1393263089121,14.827685391051972,1.9612752894201506,"[4, 3, 2, 1]",,
307,12,4,uniform_v2_expected_100,,4,152,45600.0,306870.54,520.2524184209813,9.61365567839123,7.175305002080892,,"[3, 4, 4, 3, 3, 3, 3, 4, 3, 3, 3, 4, 3, 3, 3, 3, 3, 3, 3, 4, 3, 3, 3, 3, 3, 4, 4, 4, 3, 3, 3, 4, 3, 3, 3, 3, 3, 3, 4, 4, 4, 3, 4, 3, 3, 3, 3, 4, 3, 3, 3, 4, 3, 4, 3, 4, 3, 3, 3, 4, 3, 3, 3, 4, 4, 3, 3, 3, 4, 4, 4, 3, 3, 4, 4, 3, 4, 4, 3, 3, 3, 4, 4, 3, 4, 3, 4, 4, 3, 3, 3, 4, 4, 3, 4, 3, 4, 3, 3, 3]",0.6987062708145558
307,12,1,author_PIVOT_VOI_E5C,3,1,56,16800.0,114698.0,193.40709051006706,14.827685391051972,1.9612752894201506,[1],,
307,12,1,author_GlobalVOI_E5C,3,1,56,16800.0,112964.0,191.67253449797863,14.827685391051972,1.9612752894201506,[4],,
307,12,1,author_Uniform_E5C,3,1,56,16800.0,114698.0,193.40709051006706,14.827685391051972,1.9612752894201506,[1],,
307,12,1,author_LUCB_E5C,4,1,56,16800.0,113962.0,192.773227602127,0.3442695225499124,16.44469115792221,[3],,
307,12,2,author_PIVOT_VOI_E5C,4,2,88,26400.0,179826.0,303.87889435107354,0.3442695225499124,16.44469115792221,"[1, 3]",,
307,12,2,author_GlobalVOI_E5C,2,2,88,26400.0,178092.0,302.1443383389851,8.63392645685203,8.155034223620092,"[4, 3]",,
307,12,2,author_Uniform_E5C,3,2,88,26400.0,178828.0,302.77820124692516,14.827685391051972,1.9612752894201506,"[1, 4]",,
307,12,2,author_LUCB_E5C,2,2,88,26400.0,178092.0,302.1443383389851,8.63392645685203,8.155034223620092,"[3, 4]",,
307,12,4,author_PIVOT_VOI_E5C,5,4,152,45600.0,307306.0,520.2882770143333,-0.9691487197315927,17.758109400203715,"[1, 3, 6, 5]",,
307,12,4,author_GlobalVOI_E5C,2,4,152,45600.0,308614.0,523.1393263089121,8.63392645685203,8.155034223620092,"[4, 3, 2, 1]",,
307,12,4,author_Uniform_E5C,2,4,152,45600.0,308614.0,523.1393263089121,8.63392645685203,8.155034223620092,"[1, 4, 3, 2]",,
307,12,4,author_LUCB_E5C,6,4,152,45600.0,306412.0,520.1236770151299,16.788960680472123,0.0,"[3, 4, 2, 6]",,
308,4,1,pivot_kg,3,1,24,7200.0,49212.0,81.2234607807477,4.896997499171703,17.26177541145466,[4],,
308,4,1,uniform_v2,3,1,24,7200.0,49212.0,81.2234607807477,4.896997499171703,17.26177541145466,[4],,
308,4,1,ivr_v2,4,1,24,7200.0,51526.0,85.19106168491999,-16.419265064529768,38.578037975156136,[5],,
308,4,1,lucb_v2,4,1,24,7200.0,51526.0,85.19106168491999,-16.419265064529768,38.578037975156136,[5],,
308,4,1,no_hf_v2,4,0,0,0.0,0.0,0.0,-16.419265064529768,38.578037975156136,[],,
308,4,1,proxy_only,5,0,0,0.0,0.0,0.0,22.158772910626364,0.0,[],,
308,4,1,global_voi_heuristic,3,1,24,7200.0,49212.0,81.2234607807477,4.896997499171703,17.26177541145466,[4],,
308,4,1,uniform_v2_expected_100,,1,24,7200.0,51357.2,84.8042536022421,-13.22182567997455,35.38059859060091,,"[4, 4, 4, 4, 4, 3, 4, 3, 4, 4, 4, 4, 4, 4, 4, 4, 4, 4, 4, 4, 4, 4, 4, 4, 4, 4, 3, 3, 4, 4, 4, 4, 4, 4, 4, 4, 4, 4, 3, 4, 4, 4, 3, 4, 4, 3, 4, 3, 4, 4, 3, 4, 4, 4, 4, 3, 4, 3, 4, 4, 3, 4, 4, 4, 4, 4, 4, 4, 4, 4, 4, 3, 3, 4, 4, 4, 4, 4, 4, 4, 4, 4, 4, 4, 4, 4, 4, 4, 3, 4, 4, 4, 4, 4, 4, 4, 4, 4, 4, 4]",0.7649773142130086
308,4,2,pivot_kg,6,2,40,12000.0,82918.0,137.53360639465973,14.644196464397451,7.514576446228913,"[4, 5]",,
308,4,2,uniform_v2,6,2,40,12000.0,82918.0,137.53360639465973,14.644196464397451,7.514576446228913,"[4, 5]",,
308,4,2,ivr_v2,6,2,40,12000.0,82918.0,137.53360639465973,14.644196464397451,7.514576446228913,"[5, 4]",,
308,4,2,lucb_v2,6,2,40,12000.0,82918.0,137.53360639465973,14.644196464397451,7.514576446228913,"[5, 4]",,
308,4,2,no_hf_v2,4,0,0,0.0,0.0,0.0,-16.419265064529768,38.578037975156136,[],,
308,4,2,proxy_only,5,0,0,0.0,0.0,0.0,22.158772910626364,0.0,[],,
308,4,2,global_voi_heuristic,3,2,40,12000.0,82968.0,137.38339249195997,4.896997499171703,17.26177541145466,"[4, 2]",,
308,4,2,uniform_v2_expected_100,,2,40,12000.0,84967.54,140.84718267254183,-9.457773003838282,31.616545914464645,,"[3, 4, 4, 4, 4, 6, 4, 6, 4, 4, 4, 4, 4, 3, 4, 4, 4, 4, 4, 3, 4, 4, 3, 4, 4, 4, 3, 3, 6, 4, 4, 4, 4, 4, 4, 4, 4, 6, 3, 4, 4, 4, 3, 4, 4, 3, 4, 3, 4, 4, 3, 4, 4, 4, 4, 3, 4, 6, 4, 4, 3, 3, 4, 6, 4, 3, 4, 4, 4, 4, 4, 3, 3, 4, 4, 4, 4, 4, 3, 3, 4, 4, 4, 4, 4, 4, 4, 4, 3, 4, 4, 4, 3, 6, 4, 4, 4, 6, 4, 4]",1.1198537066047325
308,4,4,pivot_kg,6,4,72,21600.0,152235.0,252.6734545188956,14.644196464397451,7.514576446228913,"[4, 5, 6, 1]",,
308,4,4,uniform_v2,3,4,72,21600.0,149762.0,249.3263007987989,4.896997499171703,17.26177541145466,"[4, 5, 3, 2]",,
308,4,4,ivr_v2,6,4,72,21600.0,152235.0,252.6734545188956,14.644196464397451,7.514576446228913,"[5, 4, 1, 6]",,
308,4,4,lucb_v2,6,4,72,21600.0,152235.0,252.6734545188956,14.644196464397451,7.514576446228913,"[5, 4, 6, 1]",,
308,4,4,no_hf_v2,4,0,0,0.0,0.0,0.0,-16.419265064529768,38.578037975156136,[],,
308,4,4,proxy_only,5,0,0,0.0,0.0,0.0,22.158772910626364,0.0,[],,
308,4,4,global_voi_heuristic,3,4,72,21600.0,150715.0,250.7670116801164,4.896997499171703,17.26177541145466,"[4, 2, 6, 3]",,
308,4,4,uniform_v2_expected_100,,4,72,21600.0,152007.6,252.63420529390393,-0.7117265947309194,22.870499505357284,,"[3, 3, 4, 3, 4, 6, 3, 3, 6, 3, 6, 3, 3, 6, 3, 6, 4, 4, 4, 6, 4, 4, 3, 6, 3, 4, 3, 3, 6, 4, 4, 3, 4, 4, 6, 3, 4, 3, 3, 4, 4, 3, 3, 4, 4, 3, 4, 3, 4, 3, 3, 4, 6, 3, 4, 6, 3, 6, 4, 4, 3, 3, 6, 3, 6, 3, 6, 4, 4, 4, 4, 3, 3, 3, 3, 3, 3, 4, 3, 3, 4, 3, 6, 4, 4, 4, 3, 4, 3, 6, 3, 4, 3, 6, 3, 3, 3, 3, 6, 4]",1.212842808292138
308,4,1,author_PIVOT_VOI_E5C,6,1,24,7200.0,52478.0,86.2699077000143,14.644196464397451,7.514576446228913,[1],,
308,4,1,author_GlobalVOI_E5C,4,1,24,7200.0,52479.0,86.63177256623749,-16.419265064529768,38.578037975156136,[6],,
308,4,1,author_Uniform_E5C,5,1,24,7200.0,52479.0,86.63177256623749,22.158772910626364,0.0,[6],,
308,4,1,author_LUCB_E5C,4,1,24,7200.0,52479.0,86.63177256623749,-16.419265064529768,38.578037975156136,[6],,
308,4,2,author_PIVOT_VOI_E5C,6,2,40,12000.0,86234.0,142.42983941122657,14.644196464397451,7.514576446228913,"[1, 2]",,
308,4,2,author_GlobalVOI_E5C,3,2,40,12000.0,85567.0,142.2645352591644,4.896997499171703,17.26177541145466,"[6, 3]",,
308,4,2,author_Uniform_E5C,5,2,40,12000.0,87137.0,144.02076419524383,22.158772910626364,0.0,"[6, 1]",,
308,4,2,author_LUCB_E5C,3,2,40,12000.0,83871.0,138.97431727597723,4.896997499171703,17.26177541145466,"[6, 4]",,
308,4,4,author_PIVOT_VOI_E5C,3,4,72,21600.0,150714.0,250.40514681389323,4.896997499171703,17.26177541145466,"[1, 2, 3, 4]",,
308,4,4,author_GlobalVOI_E5C,3,4,72,21600.0,150715.0,250.7670116801164,4.896997499171703,17.26177541145466,"[6, 3, 4, 2]",,
308,4,4,author_Uniform_E5C,5,4,72,21600.0,152235.0,252.6734545188956,22.158772910626364,0.0,"[6, 1, 5, 4]",,
308,4,4,author_LUCB_E5C,3,4,72,21600.0,150715.0,250.7670116801164,4.896997499171703,17.26177541145466,"[6, 4, 3, 2]",,
308,12,1,pivot_kg,3,1,56,16800.0,121409.0,199.39860104082618,11.610023088267425,6.333898136679679,[4],,
308,12,1,uniform_v2,3,1,56,16800.0,121409.0,199.39860104082618,11.610023088267425,6.333898136679679,[4],,
308,12,1,ivr_v2,5,1,56,16800.0,120475.0,198.58411943813553,17.943921224947104,0.0,[5],,
308,12,1,lucb_v2,5,1,56,16800.0,120475.0,198.58411943813553,17.943921224947104,0.0,[5],,
308,12,1,no_hf_v2,4,0,0,0.0,0.0,0.0,6.87838447477732,11.065536750169784,[],,
308,12,1,proxy_only,5,0,0,0.0,0.0,0.0,17.943921224947104,0.0,[],,
308,12,1,global_voi_heuristic,3,1,56,16800.0,121409.0,199.39860104082618,11.610023088267425,6.333898136679679,[4],,
308,12,1,uniform_v2_expected_100,,1,56,16800.0,120905.81,198.89568779255032,10.15718635461452,7.786734870332584,,"[3, 6, 4, 4, 4, 3, 4, 3, 5, 3, 6, 3, 4, 6, 5, 4, 6, 5, 4, 6, 3, 4, 4, 4, 6, 6, 3, 3, 5, 5, 4, 6, 5, 5, 6, 3, 5, 5, 3, 6, 4, 3, 3, 4, 4, 3, 4, 3, 3, 4, 3, 4, 5, 5, 4, 3, 4, 3, 6, 6, 3, 4, 3, 5, 6, 6, 4, 4, 4, 4, 4, 3, 3, 4, 3, 4, 4, 6, 4, 4, 3, 4, 3, 4, 6, 4, 5, 4, 3, 6, 4, 4, 4, 5, 6, 3, 6, 5, 5, 6]",0.39121651872858315
308,12,2,pivot_kg,3,2,88,26400.0,191654.0,315.49275210197084,11.610023088267425,6.333898136679679,"[4, 6]",,
308,12,2,uniform_v2,5,2,88,26400.0,188807.0,311.63966997590614,17.943921224947104,0.0,"[4, 5]",,
308,12,2,ivr_v2,5,2,88,26400.0,188807.0,311.63966997590614,17.943921224947104,0.0,"[5, 4]",,
308,12,2,lucb_v2,5,2,88,26400.0,188807.0,311.63966997590614,17.943921224947104,0.0,"[5, 4]",,
308,12,2,no_hf_v2,4,0,0,0.0,0.0,0.0,6.87838447477732,11.065536750169784,[],,
308,12,2,proxy_only,5,0,0,0.0,0.0,0.0,17.943921224947104,0.0,[],,
308,12,2,global_voi_heuristic,3,2,88,26400.0,188096.0,310.4807055098936,11.610023088267425,6.333898136679679,"[4, 3]",,
308,12,2,uniform_v2_expected_100,,2,88,26400.0,188904.66,311.7022399289836,12.708973441518237,5.234947783428867,,"[3, 6, 6, 3, 5, 3, 5, 5, 5, 3, 6, 3, 5, 3, 5, 5, 5, 5, 6, 3, 3, 6, 3, 3, 6, 5, 3, 3, 5, 5, 3, 6, 5, 5, 3, 3, 5, 5, 3, 6, 6, 3, 3, 6, 4, 3, 3, 3, 3, 4, 3, 3, 5, 5, 3, 3, 3, 5, 5, 6, 3, 3, 3, 5, 5, 3, 3, 6, 4, 5, 4, 3, 3, 3, 3, 6, 5, 6, 3, 3, 3, 4, 5, 6, 5, 4, 5, 5, 3, 6, 6, 3, 3, 5, 3, 3, 6, 5, 5, 5]",0.392834007414245
308,12,4,pivot_kg,5,4,152,45600.0,326582.0,539.5151698400732,17.943921224947104,0.0,"[4, 6, 5, 1]",,
308,12,4,uniform_v2,5,4,152,45600.0,323194.0,535.1127390360343,17.943921224947104,0.0,"[4, 5, 3, 2]",,
308,12,4,ivr_v2,5,4,152,45600.0,326582.0,539.5151698400732,17.943921224947104,0.0,"[5, 4, 6, 1]",,
308,12,4,lucb_v2,5,4,152,45600.0,326582.0,539.5151698400732,17.943921224947104,0.0,"[5, 4, 6, 1]",,
308,12,4,no_hf_v2,4,0,0,0.0,0.0,0.0,6.87838447477732,11.065536750169784,[],,
308,12,4,proxy_only,5,0,0,0.0,0.0,0.0,17.943921224947104,0.0,[],,
308,12,4,global_voi_heuristic,3,4,152,45600.0,326041.0,538.965821162099,11.610023088267425,6.333898136679679,"[4, 3, 6, 2]",,
308,12,4,uniform_v2_expected_100,,4,152,45600.0,324893.9,537.2746599179844,15.727056877109217,2.2168643478378875,,"[3, 3, 3, 3, 5, 5, 5, 5, 5, 5, 5, 3, 5, 5, 5, 5, 5, 5, 5, 5, 5, 5, 3, 5, 3, 5, 3, 5, 5, 5, 3, 3, 5, 5, 5, 3, 5, 5, 3, 5, 3, 3, 3, 5, 3, 3, 5, 3, 5, 3, 3, 5, 5, 5, 5, 5, 3, 5, 5, 3, 3, 5, 5, 5, 5, 3, 5, 5, 5, 5, 5, 3, 3, 3, 3, 3, 5, 5, 5, 5, 5, 5, 5, 3, 5, 5, 5, 5, 3, 5, 3, 5, 5, 5, 3, 3, 3, 5, 5, 5]",0.3036296492310903
308,12,1,author_PIVOT_VOI_E5C,6,1,56,16800.0,120607.0,198.12439930607798,8.032252345615856,9.911668879331248,[1],,
308,12,1,author_GlobalVOI_E5C,3,1,56,16800.0,123322.0,202.43720156420022,11.610023088267425,6.333898136679679,[6],,
308,12,1,author_Uniform_E5C,5,1,56,16800.0,123322.0,202.43720156420022,17.943921224947104,0.0,[6],,
308,12,1,author_LUCB_E5C,3,1,56,16800.0,123322.0,202.43720156420022,11.610023088267425,6.333898136679679,[6],,
308,12,2,author_PIVOT_VOI_E5C,6,2,88,26400.0,188307.0,310.51536389713874,8.032252345615856,9.911668879331248,"[1, 2]",,
308,12,2,author_GlobalVOI_E5C,3,2,88,26400.0,190009.0,313.51930603326764,11.610023088267425,6.333898136679679,"[6, 3]",,
308,12,2,author_Uniform_E5C,5,2,88,26400.0,190852.0,314.21855036722263,17.943921224947104,0.0,"[6, 1]",,
308,12,2,author_LUCB_E5C,3,2,88,26400.0,190009.0,313.51930603326764,11.610023088267425,6.333898136679679,"[6, 3]",,
308,12,4,author_PIVOT_VOI_E5C,3,4,152,45600.0,323326.0,534.6530189039768,11.610023088267425,6.333898136679679,"[1, 2, 3, 4]",,
308,12,4,author_GlobalVOI_E5C,3,4,152,45600.0,326041.0,538.965821162099,11.610023088267425,6.333898136679679,"[6, 3, 4, 2]",,
308,12,4,author_Uniform_E5C,5,4,152,45600.0,326582.0,539.5151698400732,17.943921224947104,0.0,"[6, 1, 5, 4]",,
308,12,4,author_LUCB_E5C,3,4,152,45600.0,326041.0,538.965821162099,11.610023088267425,6.333898136679679,"[6, 3, 4, 2]",,
309,4,1,pivot_kg,6,1,24,7200.0,47988.0,81.67809490510263,-0.7057384798605852,16.592017766705514,[5],,
309,4,1,uniform_v2,6,1,24,7200.0,46097.0,78.15381809405517,-0.7057384798605852,16.592017766705514,[4],,
309,4,1,ivr_v2,6,1,24,7200.0,47988.0,81.67809490510263,-0.7057384798605852,16.592017766705514,[5],,
309,4,1,lucb_v2,6,1,24,7200.0,47988.0,81.67809490510263,-0.7057384798605852,16.592017766705514,[5],,
309,4,1,no_hf_v2,6,0,0,0.0,0.0,0.0,-0.7057384798605852,16.592017766705514,[],,
309,4,1,proxy_only,6,0,0,0.0,0.0,0.0,-0.7057384798605852,16.592017766705514,[],,
309,4,1,global_voi_heuristic,6,1,24,7200.0,47819.0,80.22981813910883,-0.7057384798605852,16.592017766705514,[2],,
309,4,1,uniform_v2_expected_100,,1,24,7200.0,47385.39,79.96335657406482,-0.7057384798605852,16.592017766705514,,"[6, 6, 6, 6, 6, 6, 6, 6, 6, 6, 6, 6, 6, 6, 6, 6, 6, 6, 6, 6, 6, 6, 6, 6, 6, 6, 6, 6, 6, 6, 6, 6, 6, 6, 6, 6, 6, 6, 6, 6, 6, 6, 6, 6, 6, 6, 6, 6, 6, 6, 6, 6, 6, 6, 6, 6, 6, 6, 6, 6, 6, 6, 6, 6, 6, 6, 6, 6, 6, 6, 6, 6, 6, 6, 6, 6, 6, 6, 6, 6, 6, 6, 6, 6, 6, 6, 6, 6, 6, 6, 6, 6, 6, 6, 6, 6, 6, 6, 6, 6]",0.0
309,4,2,pivot_kg,6,2,40,12000.0,78204.0,133.21513082302408,-0.7057384798605852,16.592017766705514,"[5, 4]",,
309,4,2,uniform_v2,6,2,40,12000.0,78035.0,131.7668540570303,-0.7057384798605852,16.592017766705514,"[4, 2]",,
309,4,2,ivr_v2,6,2,40,12000.0,78204.0,133.21513082302408,-0.7057384798605852,16.592017766705514,"[5, 4]",,
309,4,2,lucb_v2,6,2,40,12000.0,78533.0,133.84870135009987,-0.7057384798605852,16.592017766705514,"[5, 6]",,
309,4,2,no_hf_v2,6,0,0,0.0,0.0,0.0,-0.7057384798605852,16.592017766705514,[],,
309,4,2,proxy_only,6,0,0,0.0,0.0,0.0,-0.7057384798605852,16.592017766705514,[],,
309,4,2,global_voi_heuristic,6,2,40,12000.0,80015.0,134.10293652111432,-0.7057384798605852,16.592017766705514,"[2, 3]",,
309,4,2,uniform_v2_expected_100,,2,40,12000.0,78684.16,133.00361840901198,-0.7057384798605852,16.592017766705514,,"[6, 6, 6, 6, 6, 6, 6, 6, 6, 6, 6, 6, 6, 6, 6, 6, 6, 6, 6, 6, 6, 6, 6, 6, 6, 6, 6, 6, 6, 6, 6, 6, 6, 6, 6, 6, 6, 6, 6, 6, 6, 6, 6, 6, 6, 6, 6, 6, 6, 6, 6, 6, 6, 6, 6, 6, 6, 6, 6, 6, 6, 6, 6, 6, 6, 6, 6, 6, 6, 6, 6, 6, 6, 6, 6, 6, 6, 6, 6, 6, 6, 6, 6, 6, 6, 6, 6, 6, 6, 6, 6, 6, 6, 6, 6, 6, 6, 6, 6, 6]",0.0
309,4,4,pivot_kg,6,4,72,21600.0,139959.0,238.02360630995827,-0.7057384798605852,16.592017766705514,"[5, 4, 1, 6]",,
309,4,4,uniform_v2,6,4,72,21600.0,141441.0,238.2778414809727,-0.7057384798605852,16.592017766705514,"[4, 2, 1, 3]",,
309,4,4,ivr_v2,6,4,72,21600.0,139959.0,238.02360630995827,-0.7057384798605852,16.592017766705514,"[5, 4, 1, 6]",,
309,4,4,lucb_v2,6,4,72,21600.0,139959.0,238.02360630995827,-0.7057384798605852,16.592017766705514,"[5, 6, 1, 4]",,
309,4,4,no_hf_v2,6,0,0,0.0,0.0,0.0,-0.7057384798605852,16.592017766705514,[],,
309,4,4,proxy_only,6,0,0,0.0,0.0,0.0,-0.7057384798605852,16.592017766705514,[],,
309,4,4,global_voi_heuristic,6,4,72,21600.0,141441.0,238.2778414809727,-0.7057384798605852,16.592017766705514,"[2, 3, 4, 1]",,
309,4,4,uniform_v2_expected_100,,4,72,21600.0,141523.8,239.55655985328835,-0.7057384798605852,16.592017766705514,,"[6, 6, 6, 6, 6, 6, 6, 6, 6, 6, 6, 6, 6, 6, 6, 6, 6, 6, 6, 6, 6, 6, 6, 6, 6, 6, 6, 6, 6, 6, 6, 6, 6, 6, 6, 6, 6, 6, 6, 6, 6, 6, 6, 6, 6, 6, 6, 6, 6, 6, 6, 6, 6, 6, 6, 6, 6, 6, 6, 6, 6, 6, 6, 6, 6, 6, 6, 6, 6, 6, 6, 6, 6, 6, 6, 6, 6, 6, 6, 6, 6, 6, 6, 6, 6, 6, 6, 6, 6, 6, 6, 6, 6, 6, 6, 6, 6, 6, 6, 6]",0.0
309,4,1,author_PIVOT_VOI_E5C,6,1,24,7200.0,47091.0,79.25465121807065,-0.7057384798605852,16.592017766705514,[1],,
309,4,1,author_GlobalVOI_E5C,6,1,24,7200.0,48077.0,80.4899005581392,-0.7057384798605852,16.592017766705514,[3],,
309,4,1,author_Uniform_E5C,6,1,24,7200.0,47988.0,81.67809490510263,-0.7057384798605852,16.592017766705514,[5],,
309,4,1,author_LUCB_E5C,5,1,24,7200.0,46426.0,78.78738862113096,-5.742449946664264,21.62872923350919,[6],,
309,4,2,author_PIVOT_VOI_E5C,6,2,40,12000.0,79029.0,132.86768718104577,-0.7057384798605852,16.592017766705514,"[1, 2]",,
309,4,2,author_GlobalVOI_E5C,6,2,40,12000.0,80015.0,134.10293652111432,-0.7057384798605852,16.592017766705514,"[3, 2]",,
309,4,2,author_Uniform_E5C,6,2,40,12000.0,78204.0,133.21513082302408,-0.7057384798605852,16.592017766705514,"[5, 4]",,
309,4,2,author_LUCB_E5C,1,2,40,12000.0,78533.0,133.84870135009987,8.924834273142663,6.961445013702265,"[6, 5]",,
309,4,4,author_PIVOT_VOI_E5C,6,4,72,21600.0,141441.0,238.2778414809727,-0.7057384798605852,16.592017766705514,"[1, 2, 3, 4]",,
309,4,4,author_GlobalVOI_E5C,6,4,72,21600.0,141441.0,238.2778414809727,-0.7057384798605852,16.592017766705514,"[3, 2, 4, 1]",,
309,4,4,author_Uniform_E5C,1,4,72,21600.0,140945.0,239.25885565002682,8.924834273142663,6.961445013702265,"[5, 4, 6, 3]",,
309,4,4,author_LUCB_E5C,1,4,72,21600.0,141939.0,240.3596887740423,8.924834273142663,6.961445013702265,"[6, 5, 1, 3]",,
309,12,1,pivot_kg,6,1,56,16800.0,111706.0,189.11058758705622,6.224335700679816,9.661943586165112,[5],,
309,12,1,uniform_v2,6,1,56,16800.0,109388.0,185.05257698200876,6.224335700679816,9.661943586165112,[4],,
309,12,1,ivr_v2,6,1,56,16800.0,111706.0,189.11058758705622,6.224335700679816,9.661943586165112,[5],,
309,12,1,lucb_v2,6,1,56,16800.0,111706.0,189.11058758705622,6.224335700679816,9.661943586165112,[5],,
309,12,1,no_hf_v2,6,0,0,0.0,0.0,0.0,6.224335700679816,9.661943586165112,[],,
309,12,1,proxy_only,6,0,0,0.0,0.0,0.0,6.224335700679816,9.661943586165112,[],,
309,12,1,global_voi_heuristic,6,1,56,16800.0,112213.0,188.54973937611794,6.224335700679816,9.661943586165112,[3],,
309,12,1,uniform_v2_expected_100,,1,56,16800.0,111469.92,187.9229915560456,6.224335700679817,9.661943586165112,,"[6, 6, 6, 6, 6, 6, 6, 6, 6, 6, 6, 6, 6, 6, 6, 6, 6, 6, 6, 6, 6, 6, 6, 6, 6, 6, 6, 6, 6, 6, 6, 6, 6, 6, 6, 6, 6, 6, 6, 6, 6, 6, 6, 6, 6, 6, 6, 6, 6, 6, 6, 6, 6, 6, 6, 6, 6, 6, 6, 6, 6, 6, 6, 6, 6, 6, 6, 6, 6, 6, 6, 6, 6, 6, 6, 6, 6, 6, 6, 6, 6, 6, 6, 6, 6, 6, 6, 6, 6, 6, 6, 6, 6, 6, 6, 6, 6, 6, 6, 6]",8.926528984957934e-17
309,12,2,pivot_kg,6,2,88,26400.0,173656.0,293.690791492234,6.224335700679816,9.661943586165112,"[5, 6]",,
309,12,2,uniform_v2,6,2,88,26400.0,173253.0,292.6427035329398,6.224335700679816,9.661943586165112,"[4, 2]",,
309,12,2,ivr_v2,6,2,88,26400.0,172757.0,293.0642051899922,6.224335700679816,9.661943586165112,"[5, 4]",,
309,12,2,lucb_v2,6,2,88,26400.0,173656.0,293.690791492234,6.224335700679816,9.661943586165112,"[5, 6]",,
309,12,2,no_hf_v2,6,0,0,0.0,0.0,0.0,6.224335700679816,9.661943586165112,[],,
309,12,2,proxy_only,6,0,0,0.0,0.0,0.0,6.224335700679816,9.661943586165112,[],,
309,12,2,global_voi_heuristic,6,2,88,26400.0,176078.0,296.13986592704896,6.224335700679816,9.661943586165112,"[3, 2]",,
309,12,2,uniform_v2_expected_100,,2,88,26400.0,174502.06,294.57382200277175,6.386365615027587,9.499913671817342,,"[6, 6, 6, 6, 6, 1, 6, 6, 6, 6, 6, 6, 6, 6, 6, 6, 6, 6, 6, 6, 6, 1, 6, 6, 6, 6, 6, 6, 6, 6, 6, 6, 1, 6, 6, 6, 6, 6, 6, 6, 6, 6, 6, 6, 6, 1, 6, 6, 6, 6, 6, 6, 6, 6, 6, 6, 6, 6, 6, 6, 1, 6, 6, 6, 6, 6, 6, 6, 6, 6, 6, 6, 6, 6, 6, 6, 6, 6, 6, 1, 6, 6, 6, 6, 6, 6, 6, 6, 6, 6, 6, 6, 6, 6, 6, 6, 6, 6, 6, 6]",0.06445637936541147
309,12,4,pivot_kg,1,4,152,45600.0,298869.0,506.22137971420307,8.924834273142663,6.961445013702265,"[5, 6, 1, 4]",,
309,12,4,uniform_v2,6,4,152,45600.0,301291.0,508.67045414901804,6.224335700679816,9.661943586165112,"[4, 2, 1, 3]",,
309,12,4,ivr_v2,1,4,152,45600.0,298869.0,506.22137971420307,8.924834273142663,6.961445013702265,"[5, 4, 6, 1]",,
309,12,4,lucb_v2,1,4,152,45600.0,298869.0,506.22137971420307,8.924834273142663,6.961445013702265,"[5, 6, 1, 4]",,
309,12,4,no_hf_v2,6,0,0,0.0,0.0,0.0,6.224335700679816,9.661943586165112,[],,
309,12,4,proxy_only,6,0,0,0.0,0.0,0.0,6.224335700679816,9.661943586165112,[],,
309,12,4,global_voi_heuristic,6,4,152,45600.0,301291.0,508.67045414901804,6.224335700679816,9.661943586165112,"[3, 2, 4, 1]",,
309,12,4,uniform_v2_expected_100,,4,152,45600.0,300744.38,508.2926046811952,7.385550086838841,8.500729200006088,,"[1, 1, 1, 6, 6, 1, 1, 6, 6, 6, 6, 6, 1, 1, 6, 6, 1, 1, 6, 1, 6, 1, 1, 6, 6, 1, 1, 6, 1, 1, 6, 1, 1, 6, 1, 6, 6, 6, 6, 6, 6, 1, 6, 6, 1, 1, 6, 1, 1, 1, 1, 6, 6, 6, 6, 6, 6, 1, 1, 6, 1, 6, 1, 1, 1, 6, 6, 1, 6, 6, 6, 6, 6, 1, 6, 1, 6, 6, 6, 1, 6, 6, 1, 6, 6, 6, 6, 6, 6, 6, 1, 1, 1, 6, 1, 1, 1, 6, 6, 6]",0.13436866749083842
309,12,1,author_PIVOT_VOI_E5C,6,1,56,16800.0,112499.0,189.67592999810586,6.224335700679816,9.661943586165112,[1],,
309,12,1,author_GlobalVOI_E5C,6,1,56,16800.0,112213.0,188.54973937611794,6.224335700679816,9.661943586165112,[3],,
309,12,1,author_Uniform_E5C,6,1,56,16800.0,111706.0,189.11058758705622,6.224335700679816,9.661943586165112,[5],,
309,12,1,author_LUCB_E5C,5,1,56,16800.0,110287.0,185.67916328425054,5.589700405235229,10.2965788816097,[6],,
309,12,2,author_PIVOT_VOI_E5C,6,2,88,26400.0,176364.0,297.2660565490369,6.224335700679816,9.661943586165112,"[1, 2]",,
309,12,2,author_GlobalVOI_E5C,6,2,88,26400.0,176078.0,296.13986592704896,6.224335700679816,9.661943586165112,"[3, 2]",,
309,12,2,author_Uniform_E5C,6,2,88,26400.0,172757.0,293.0642051899922,6.224335700679816,9.661943586165112,"[5, 4]",,
309,12,2,author_LUCB_E5C,1,2,88,26400.0,173656.0,293.690791492234,8.924834273142663,6.961445013702265,"[6, 5]",,
309,12,4,author_PIVOT_VOI_E5C,6,4,152,45600.0,301291.0,508.67045414901804,6.224335700679816,9.661943586165112,"[1, 2, 3, 4]",,
309,12,4,author_GlobalVOI_E5C,6,4,152,45600.0,301291.0,508.67045414901804,6.224335700679816,9.661943586165112,"[3, 2, 4, 1]",,
309,12,4,author_Uniform_E5C,1,4,152,45600.0,298583.0,505.09518909221515,8.924834273142663,6.961445013702265,"[5, 4, 6, 3]",,
309,12,4,author_LUCB_E5C,1,4,152,45600.0,301694.0,509.71854210831225,8.924834273142663,6.961445013702265,"[6, 5, 1, 3]",,
310,4,1,pivot_kg,6,1,24,7141.0,46005.0,77.830353377969,18.3054315891659,0.0,[5],,
310,4,1,uniform_v2,6,1,24,7192.0,47610.0,80.38320008304436,18.3054315891659,0.0,[1],,
310,4,1,ivr_v2,6,1,24,7141.0,46005.0,77.830353377969,18.3054315891659,0.0,[5],,
310,4,1,lucb_v2,6,1,24,7141.0,46005.0,77.830353377969,18.3054315891659,0.0,[5],,
310,4,1,no_hf_v2,6,0,0,0.0,0.0,0.0,18.3054315891659,0.0,[],,
310,4,1,proxy_only,5,0,0,0.0,0.0,0.0,17.289549079091778,1.0158825100741211,[],,
310,4,1,global_voi_heuristic,6,1,24,7200.0,47860.0,79.84819538495503,18.3054315891659,0.0,[2],,
310,4,1,uniform_v2_expected_100,,1,24,7188.48,46398.12,78.18142094135226,18.305431589165895,3.552713678800501e-15,,"[6, 6, 6, 6, 6, 6, 6, 6, 6, 6, 6, 6, 6, 6, 6, 6, 6, 6, 6, 6, 6, 6, 6, 6, 6, 6, 6, 6, 6, 6, 6, 6, 6, 6, 6, 6, 6, 6, 6, 6, 6, 6, 6, 6, 6, 6, 6, 6, 6, 6, 6, 6, 6, 6, 6, 6, 6, 6, 6, 6, 6, 6, 6, 6, 6, 6, 6, 6, 6, 6, 6, 6, 6, 6, 6, 6, 6, 6, 6, 6, 6, 6, 6, 6, 6, 6, 6, 6, 6, 6, 6, 6, 6, 6, 6, 6, 6, 6, 6, 6]",3.5706115939831736e-16
310,4,2,pivot_kg,6,2,40,11941.0,76783.0,129.90002680401085,18.3054315891659,0.0,"[5, 4]",,
310,4,2,uniform_v2,6,2,40,11992.0,78388.0,132.4528735090862,18.3054315891659,0.0,"[1, 4]",,
310,4,2,ivr_v2,6,2,40,11941.0,76783.0,129.90002680401085,18.3054315891659,0.0,"[5, 4]",,
310,4,2,lucb_v2,6,2,40,11941.0,76783.0,129.90002680401085,18.3054315891659,0.0,"[5, 4]",,
310,4,2,no_hf_v2,6,0,0,0.0,0.0,0.0,18.3054315891659,0.0,[],,
310,4,2,proxy_only,5,0,0,0.0,0.0,0.0,17.289549079091778,1.0158825100741211,[],,
310,4,2,global_voi_heuristic,6,2,40,12000.0,78638.0,131.91786881099688,18.3054315891659,0.0,"[2, 4]",,
310,4,2,uniform_v2_expected_100,,2,40,11974.89,76809.86,129.87649412441243,14.94842368101491,3.3570079081509885,,"[6, 6, 6, 6, 6, 6, 3, 6, 6, 6, 6, 6, 3, 3, 6, 3, 6, 6, 6, 3, 6, 6, 6, 6, 3, 3, 3, 6, 6, 6, 6, 3, 6, 3, 6, 6, 6, 3, 6, 6, 6, 6, 6, 6, 3, 6, 6, 6, 6, 6, 6, 6, 3, 6, 6, 6, 6, 6, 6, 3, 6, 6, 6, 6, 3, 6, 6, 6, 6, 6, 6, 6, 6, 6, 6, 3, 6, 6, 6, 6, 6, 6, 3, 6, 6, 6, 6, 6, 6, 6, 6, 3, 6, 6, 6, 6, 6, 6, 3, 6]",0.6966272776142493
310,4,4,pivot_kg,3,4,72,21541.0,134788.0,228.91986000124598,0.6369689146870294,17.66846267447887,"[5, 4, 6, 3]",,
310,4,4,uniform_v2,6,4,72,21592.0,139733.0,236.00227499520406,18.3054315891659,0.0,"[1, 4, 2, 6]",,
310,4,4,ivr_v2,3,4,72,21533.0,137878.0,233.98443298821803,0.6369689146870294,17.66846267447887,"[5, 4, 1, 6]",,
310,4,4,lucb_v2,3,4,72,21541.0,134788.0,228.91986000124598,0.6369689146870294,17.66846267447887,"[5, 4, 6, 3]",,
310,4,4,no_hf_v2,6,0,0,0.0,0.0,0.0,18.3054315891659,0.0,[],,
310,4,4,proxy_only,5,0,0,0.0,0.0,0.0,17.289549079091778,1.0158825100741211,[],,
310,4,4,global_voi_heuristic,6,4,72,21592.0,138998.0,235.06456628011074,18.3054315891659,0.0,"[2, 4, 3, 1]",,
310,4,4,uniform_v2_expected_100,,4,72,21553.69,137604.76,233.17032920624246,9.824569505416042,8.480862083749857,,"[6, 6, 6, 3, 3, 3, 3, 3, 6, 6, 6, 3, 3, 3, 3, 3, 3, 6, 6, 6, 6, 3, 6, 6, 6, 3, 3, 3, 3, 6, 6, 3, 3, 3, 3, 6, 3, 6, 6, 6, 6, 3, 3, 6, 3, 6, 3, 3, 6, 3, 6, 3, 3, 6, 3, 6, 3, 3, 6, 6, 6, 3, 6, 3, 3, 3, 6, 6, 6, 3, 3, 6, 6, 3, 3, 6, 6, 6, 6, 6, 3, 3, 3, 6, 6, 3, 6, 3, 6, 6, 6, 3, 6, 6, 3, 6, 6, 6, 3, 6]",0.887163072995252
310,4,1,author_PIVOT_VOI_E5C,6,1,24,7192.0,47610.0,80.38320008304436,18.3054315891659,0.0,[1],,
310,4,1,author_GlobalVOI_E5C,6,1,24,7200.0,44520.0,75.3186270960723,18.3054315891659,0.0,[3],,
310,4,1,author_Uniform_E5C,5,1,24,7192.0,47610.0,80.38320008304436,17.289549079091778,1.0158825100741211,[1],,
310,4,1,author_LUCB_E5C,5,1,24,7200.0,45255.0,76.25633581116563,17.289549079091778,1.0158825100741211,[6],,
310,4,2,author_PIVOT_VOI_E5C,6,2,40,11992.0,79585.0,133.953830612998,18.3054315891659,0.0,"[1, 2]",,
310,4,2,author_GlobalVOI_E5C,6,2,40,12000.0,75298.0,127.38830052211415,18.3054315891659,0.0,"[3, 4]",,
310,4,2,author_Uniform_E5C,6,2,40,11933.0,77730.0,131.93598860601196,18.3054315891659,0.0,"[1, 5]",,
310,4,2,author_LUCB_E5C,4,2,40,11941.0,75375.0,127.80912433413323,-11.873758647734867,30.179190236900766,"[6, 5]",,
310,4,4,author_PIVOT_VOI_E5C,6,4,72,21592.0,138998.0,235.06456628011074,18.3054315891659,0.0,"[1, 2, 3, 4]",,
310,4,4,author_GlobalVOI_E5C,6,4,72,21592.0,138998.0,235.06456628011074,18.3054315891659,0.0,"[3, 4, 2, 1]",,
310,4,4,author_Uniform_E5C,6,4,72,21533.0,138340.0,234.5476813770365,18.3054315891659,0.0,"[1, 5, 2, 3]",,
310,4,4,author_LUCB_E5C,4,4,72,21541.0,134788.0,228.91986000124598,-11.873758647734867,30.179190236900766,"[6, 5, 4, 3]",,
310,12,1,pivot_kg,6,1,56,16741.0,107486.0,181.62520643876633,13.912255887898946,0.0,[5],,
310,12,1,uniform_v2,6,1,56,16800.0,111523.0,188.19436486897757,13.912255887898946,0.0,[1],,
310,12,1,ivr_v2,6,1,56,16741.0,107486.0,181.62520643876633,13.912255887898946,0.0,[5],,
310,12,1,lucb_v2,6,1,56,16741.0,107486.0,181.62520643876633,13.912255887898946,0.0,[5],,
310,12,1,no_hf_v2,6,0,0,0.0,0.0,0.0,13.912255887898946,0.0,[],,
310,12,1,proxy_only,5,0,0,0.0,0.0,0.0,-32.175620462356235,46.08787635025518,[],,
310,12,1,global_voi_heuristic,6,1,56,16800.0,108127.0,181.66773295594612,13.912255887898946,0.0,[4],,
310,12,1,uniform_v2_expected_100,,1,56,16785.12,107856.99,181.86876107824094,13.912255887898946,0.0,,"[6, 6, 6, 6, 6, 6, 6, 6, 6, 6, 6, 6, 6, 6, 6, 6, 6, 6, 6, 6, 6, 6, 6, 6, 6, 6, 6, 6, 6, 6, 6, 6, 6, 6, 6, 6, 6, 6, 6, 6, 6, 6, 6, 6, 6, 6, 6, 6, 6, 6, 6, 6, 6, 6, 6, 6, 6, 6, 6, 6, 6, 6, 6, 6, 6, 6, 6, 6, 6, 6, 6, 6, 6, 6, 6, 6, 6, 6, 6, 6, 6, 6, 6, 6, 6, 6, 6, 6, 6, 6, 6, 6, 6, 6, 6, 6, 6, 6, 6, 6]",0.0
310,12,2,pivot_kg,6,2,88,26341.0,169151.0,285.54290038882755,13.912255887898946,0.0,"[5, 4]",,
310,12,2,uniform_v2,6,2,88,26400.0,173188.0,292.1120588190388,13.912255887898946,0.0,"[1, 4]",,
310,12,2,ivr_v2,6,2,88,26341.0,169151.0,285.54290038882755,13.912255887898946,0.0,"[5, 4]",,
310,12,2,lucb_v2,6,2,88,26341.0,169151.0,285.54290038882755,13.912255887898946,0.0,"[5, 4]",,
310,12,2,no_hf_v2,6,0,0,0.0,0.0,0.0,13.912255887898946,0.0,[],,
310,12,2,proxy_only,5,0,0,0.0,0.0,0.0,-32.175620462356235,46.08787635025518,[],,
310,12,2,global_voi_heuristic,6,2,88,26368.0,166383.0,280.7734577660449,13.912255887898946,0.0,"[4, 3]",,
310,12,2,uniform_v2_expected_100,,2,88,26366.33,168715.04,285.0662733886298,13.912255887898946,0.0,,"[6, 6, 6, 6, 6, 6, 6, 6, 6, 6, 6, 6, 6, 6, 6, 6, 6, 6, 6, 6, 6, 6, 6, 6, 6, 6, 6, 6, 6, 6, 6, 6, 6, 6, 6, 6, 6, 6, 6, 6, 6, 6, 6, 6, 6, 6, 6, 6, 6, 6, 6, 6, 6, 6, 6, 6, 6, 6, 6, 6, 6, 6, 6, 6, 6, 6, 6, 6, 6, 6, 6, 6, 6, 6, 6, 6, 6, 6, 6, 6, 6, 6, 6, 6, 6, 6, 6, 6, 6, 6, 6, 6, 6, 6, 6, 6, 6, 6, 6, 6]",0.0
310,12,4,pivot_kg,6,4,152,45541.0,293652.0,496.91582020005444,13.912255887898946,0.0,"[5, 4, 6, 1]",,
310,12,4,uniform_v2,6,4,152,45600.0,293067.0,495.0153991919942,13.912255887898946,0.0,"[1, 4, 2, 6]",,
310,12,4,ivr_v2,6,4,152,45541.0,293652.0,496.91582020005444,13.912255887898946,0.0,"[5, 4, 6, 1]",,
310,12,4,lucb_v2,6,4,152,45541.0,293652.0,496.91582020005444,13.912255887898946,0.0,"[5, 4, 6, 1]",,
310,12,4,no_hf_v2,6,0,0,0.0,0.0,0.0,13.912255887898946,0.0,[],,
310,12,4,proxy_only,5,0,0,0.0,0.0,0.0,-32.175620462356235,46.08787635025518,[],,
310,12,4,global_voi_heuristic,6,4,152,45568.0,291883.0,493.19253005395876,13.912255887898946,0.0,"[4, 3, 2, 1]",,
310,12,4,uniform_v2_expected_100,,4,152,45537.85,290485.23,491.4704816319258,13.912255887898946,0.0,,"[6, 6, 6, 6, 6, 6, 6, 6, 6, 6, 6, 6, 6, 6, 6, 6, 6, 6, 6, 6, 6, 6, 6, 6, 6, 6, 6, 6, 6, 6, 6, 6, 6, 6, 6, 6, 6, 6, 6, 6, 6, 6, 6, 6, 6, 6, 6, 6, 6, 6, 6, 6, 6, 6, 6, 6, 6, 6, 6, 6, 6, 6, 6, 6, 6, 6, 6, 6, 6, 6, 6, 6, 6, 6, 6, 6, 6, 6, 6, 6, 6, 6, 6, 6, 6, 6, 6, 6, 6, 6, 6, 6, 6, 6, 6, 6, 6, 6, 6, 6]",0.0
310,12,1,author_PIVOT_VOI_E5C,6,1,56,16800.0,111523.0,188.19436486897757,13.912255887898946,0.0,[1],,
310,12,1,author_GlobalVOI_E5C,6,1,56,16768.0,104718.0,176.85576381598366,13.912255887898946,0.0,[3],,
310,12,1,author_Uniform_E5C,5,1,56,16800.0,111523.0,188.19436486897757,-32.175620462356235,46.08787635025518,[1],,
310,12,1,author_LUCB_E5C,5,1,56,16800.0,105902.0,178.67863295401912,-32.175620462356235,46.08787635025518,[6],,
310,12,2,author_PIVOT_VOI_E5C,6,2,88,26400.0,171962.0,290.1691112937988,13.912255887898946,0.0,"[1, 2]",,
310,12,2,author_GlobalVOI_E5C,6,2,88,26368.0,166383.0,280.7734577660449,13.912255887898946,0.0,"[3, 4]",,
310,12,2,author_Uniform_E5C,6,2,88,26341.0,172547.0,292.069532301859,13.912255887898946,0.0,"[1, 5]",,
310,12,2,author_LUCB_E5C,6,2,88,26341.0,166926.0,282.55380038690055,13.912255887898946,0.0,"[6, 5]",,
310,12,4,author_PIVOT_VOI_E5C,6,4,152,45568.0,291883.0,493.19253005395876,13.912255887898946,0.0,"[1, 2, 3, 4]",,
310,12,4,author_GlobalVOI_E5C,6,4,152,45568.0,291883.0,493.19253005395876,13.912255887898946,0.0,"[3, 4, 2, 1]",,
310,12,4,author_Uniform_E5C,6,4,152,45509.0,291242.0,493.15000353677897,13.912255887898946,0.0,"[1, 5, 2, 3]",,
310,12,4,author_LUCB_E5C,4,4,152,45509.0,286847.0,485.57721914706053,-9.2141586597212,23.126414547620143,"[6, 5, 4, 3]",,
311,4,1,pivot_kg,6,1,24,7200.0,44412.0,76.65919434587704,19.085045411492807,0.0,[5],,
311,4,1,uniform_v2,6,1,24,7200.0,46040.0,79.32043235714082,19.085045411492807,0.0,[3],,
311,4,1,ivr_v2,6,1,24,7200.0,44412.0,76.65919434587704,19.085045411492807,0.0,[5],,
311,4,1,lucb_v2,6,1,24,7200.0,44412.0,76.65919434587704,19.085045411492807,0.0,[5],,
311,4,1,no_hf_v2,6,0,0,0.0,0.0,0.0,19.085045411492807,0.0,[],,
311,4,1,proxy_only,6,0,0,0.0,0.0,0.0,19.085045411492807,0.0,[],,
311,4,1,global_voi_heuristic,6,1,24,7200.0,45771.0,78.78939617314609,19.085045411492807,0.0,[4],,
311,4,1,uniform_v2_expected_100,,1,24,7200.0,45267.97,77.90470333321602,14.608030684500248,4.477014726992559,,"[6, 6, 3, 6, 3, 6, 6, 6, 3, 6, 6, 6, 6, 6, 6, 6, 6, 6, 6, 6, 3, 6, 3, 6, 6, 3, 6, 6, 6, 6, 6, 6, 3, 6, 3, 6, 6, 6, 6, 6, 6, 6, 3, 6, 6, 6, 3, 6, 3, 6, 6, 6, 6, 6, 6, 6, 6, 6, 6, 6, 6, 6, 6, 6, 6, 6, 3, 6, 6, 6, 6, 6, 6, 3, 3, 6, 6, 6, 6, 3, 6, 6, 6, 3, 6, 6, 3, 6, 6, 6, 6, 6, 6, 6, 6, 6, 3, 6, 3, 6]",0.9290447524806543
311,4,2,pivot_kg,6,2,40,12000.0,76074.0,131.0115413700114,19.085045411492807,0.0,"[5, 4]",,
311,4,2,uniform_v2,6,2,40,12000.0,77513.0,133.6330850002705,19.085045411492807,0.0,"[3, 1]",,
311,4,2,ivr_v2,6,2,40,12000.0,76074.0,131.0115413700114,19.085045411492807,0.0,"[5, 4]",,
311,4,2,lucb_v2,6,2,40,12000.0,76074.0,131.0115413700114,19.085045411492807,0.0,"[5, 4]",,
311,4,2,no_hf_v2,6,0,0,0.0,0.0,0.0,19.085045411492807,0.0,[],,
311,4,2,proxy_only,6,0,0,0.0,0.0,0.0,19.085045411492807,0.0,[],,
311,4,2,global_voi_heuristic,6,2,40,12000.0,76074.0,131.0115413700114,19.085045411492807,0.0,"[4, 5]",,
311,4,2,uniform_v2_expected_100,,2,40,12000.0,76359.74,131.29136916730727,11.780442435873365,7.304602975619442,,"[6, 6, 3, 6, 3, 6, 3, 6, 3, 6, 6, 6, 6, 6, 6, 6, 6, 6, 6, 6, 3, 3, 3, 6, 6, 3, 6, 6, 6, 6, 6, 6, 3, 3, 3, 3, 6, 6, 6, 6, 6, 6, 3, 6, 6, 6, 3, 6, 3, 6, 6, 6, 6, 6, 6, 6, 6, 6, 3, 6, 3, 6, 6, 3, 6, 6, 3, 6, 6, 3, 6, 6, 6, 3, 3, 6, 6, 6, 6, 3, 6, 3, 3, 3, 6, 3, 3, 6, 6, 6, 6, 6, 3, 6, 6, 6, 3, 6, 3, 6]",1.0952738453053756
311,4,4,pivot_kg,3,4,72,21600.0,139188.0,239.1441905249958,-4.478189993731208,23.563235405224013,"[5, 4, 6, 3]",,
311,4,4,uniform_v2,6,4,72,21600.0,138156.0,237.50628265511477,19.085045411492807,0.0,"[3, 1, 2, 5]",,
311,4,4,ivr_v2,3,4,72,21600.0,138730.0,238.5734599599964,-4.478189993731208,23.563235405224013,"[5, 4, 1, 6]",,
311,4,4,lucb_v2,3,4,72,21600.0,139188.0,239.1441905249958,-4.478189993731208,23.563235405224013,"[5, 4, 6, 3]",,
311,4,4,no_hf_v2,6,0,0,0.0,0.0,0.0,19.085045411492807,0.0,[],,
311,4,4,proxy_only,6,0,0,0.0,0.0,0.0,19.085045411492807,0.0,[],,
311,4,4,global_voi_heuristic,6,4,72,21600.0,138345.0,237.54597703611944,19.085045411492807,0.0,"[4, 5, 2, 3]",,
311,4,4,uniform_v2_expected_100,,4,72,21600.0,138697.55,238.25573024343174,4.947104168358398,14.13794124313441,,"[6, 6, 3, 3, 3, 3, 3, 6, 3, 6, 6, 3, 6, 6, 3, 3, 6, 3, 6, 3, 3, 3, 3, 6, 6, 3, 6, 6, 6, 6, 6, 3, 3, 3, 3, 3, 6, 6, 6, 6, 6, 6, 3, 3, 3, 3, 3, 6, 3, 6, 6, 3, 3, 6, 3, 3, 6, 6, 3, 6, 3, 6, 6, 3, 6, 6, 3, 6, 3, 3, 3, 3, 3, 3, 3, 3, 3, 3, 3, 3, 3, 3, 3, 3, 6, 3, 3, 3, 3, 6, 3, 6, 3, 6, 6, 3, 3, 3, 3, 6]",1.1601735113304106
311,4,1,author_PIVOT_VOI_E5C,6,1,24,7200.0,45771.0,78.78939617314609,19.085045411492807,0.0,[4],,
311,4,1,author_GlobalVOI_E5C,6,1,24,7200.0,45771.0,78.78939617314609,19.085045411492807,0.0,[4],,
311,4,1,author_Uniform_E5C,6,1,24,7200.0,44412.0,76.65919434587704,19.085045411492807,0.0,[5],,
311,4,1,author_LUCB_E5C,3,1,24,7200.0,45292.0,77.68631509586703,-4.478189993731208,23.563235405224013,[6],,
311,4,2,author_PIVOT_VOI_E5C,6,2,40,12000.0,76111.0,130.44044863112504,19.085045411492807,0.0,"[4, 2]",,
311,4,2,author_GlobalVOI_E5C,6,2,40,12000.0,77702.0,133.67277938127518,19.085045411492807,0.0,"[4, 3]",,
311,4,2,author_Uniform_E5C,6,2,40,12000.0,74752.0,128.310246803856,19.085045411492807,0.0,"[5, 2]",,
311,4,2,author_LUCB_E5C,2,2,40,12000.0,77223.0,132.56969830399612,0.08021752563613116,19.004827885856677,"[6, 3]",,
311,4,4,author_PIVOT_VOI_E5C,3,4,72,21600.0,139225.0,238.57309778610943,-4.478189993731208,23.563235405224013,"[4, 2, 3, 6]",,
311,4,4,author_GlobalVOI_E5C,6,4,72,21600.0,138345.0,237.54597703611944,19.085045411492807,0.0,"[4, 3, 2, 5]",,
311,4,4,author_Uniform_E5C,6,4,72,21600.0,137887.0,236.97524647112004,19.085045411492807,0.0,"[5, 2, 1, 4]",,
311,4,4,author_LUCB_E5C,5,4,72,21600.0,137866.0,236.44289595884038,7.836433082137512,11.248612329355295,"[6, 3, 2, 5]",,
311,12,1,pivot_kg,6,1,56,16534.0,103479.0,177.55901562457439,4.064582618781673,21.938461978185096,[6],,
311,12,1,uniform_v2,6,1,56,16403.0,102089.0,176.22446340305032,4.064582618781673,21.938461978185096,[3],,
311,12,1,ivr_v2,6,1,56,16534.0,101357.0,175.0639879667433,4.064582618781673,21.938461978185096,[5],,
311,12,1,lucb_v2,6,1,56,16534.0,101357.0,175.0639879667433,4.064582618781673,21.938461978185096,[5],,
311,12,1,no_hf_v2,6,0,0,0.0,0.0,0.0,4.064582618781673,21.938461978185096,[],,
311,12,1,proxy_only,6,0,0,0.0,0.0,0.0,4.064582618781673,21.938461978185096,[],,
311,12,1,global_voi_heuristic,6,1,56,16521.0,103723.0,178.81964244804112,4.064582618781673,21.938461978185096,[4],,
311,12,1,uniform_v2_expected_100,,1,56,16480.01,102484.04,176.50711473539937,4.064582618781672,21.9384619781851,,"[6, 6, 6, 6, 6, 6, 6, 6, 6, 6, 6, 6, 6, 6, 6, 6, 6, 6, 6, 6, 6, 6, 6, 6, 6, 6, 6, 6, 6, 6, 6, 6, 6, 6, 6, 6, 6, 6, 6, 6, 6, 6, 6, 6, 6, 6, 6, 6, 6, 6, 6, 6, 6, 6, 6, 6, 6, 6, 6, 6, 6, 6, 6, 6, 6, 6, 6, 6, 6, 6, 6, 6, 6, 6, 6, 6, 6, 6, 6, 6, 6, 6, 6, 6, 6, 6, 6, 6, 6, 6, 6, 6, 6, 6, 6, 6, 6, 6, 6, 6]",8.926528984957934e-17
311,12,2,pivot_kg,6,2,88,26134.0,161581.0,278.022516869416,4.064582618781673,21.938461978185096,"[6, 5]",,
311,12,2,uniform_v2,6,2,88,25869.0,161051.0,277.5067008869373,4.064582618781673,21.938461978185096,"[3, 1]",,
311,12,2,ivr_v2,6,2,88,26121.0,161825.0,279.28314369288273,4.064582618781673,21.938461978185096,"[5, 4]",,
311,12,2,lucb_v2,6,2,88,26121.0,161825.0,279.28314369288273,4.064582618781673,21.938461978185096,"[5, 4]",,
311,12,2,no_hf_v2,6,0,0,0.0,0.0,0.0,4.064582618781673,21.938461978185096,[],,
311,12,2,proxy_only,6,0,0,0.0,0.0,0.0,4.064582618781673,21.938461978185096,[],,
311,12,2,global_voi_heuristic,6,2,88,26121.0,161825.0,279.28314369288273,4.064582618781673,21.938461978185096,"[4, 5]",,
311,12,2,uniform_v2_expected_100,,2,88,26028.8,161562.31,278.2559884154104,4.064582618781672,21.9384619781851,,"[6, 6, 6, 6, 6, 6, 6, 6, 6, 6, 6, 6, 6, 6, 6, 6, 6, 6, 6, 6, 6, 6, 6, 6, 6, 6, 6, 6, 6, 6, 6, 6, 6, 6, 6, 6, 6, 6, 6, 6, 6, 6, 6, 6, 6, 6, 6, 6, 6, 6, 6, 6, 6, 6, 6, 6, 6, 6, 6, 6, 6, 6, 6, 6, 6, 6, 6, 6, 6, 6, 6, 6, 6, 6, 6, 6, 6, 6, 6, 6, 6, 6, 6, 6, 6, 6, 6, 6, 6, 6, 6, 6, 6, 6, 6, 6, 6, 6, 6, 6]",8.926528984957934e-17
311,12,4,pivot_kg,6,4,152,45187.0,281011.0,483.52391007944243,4.064582618781673,21.938461978185096,"[6, 5, 4, 1]",,
311,12,4,uniform_v2,6,4,152,45049.0,277996.0,479.203864320938,4.064582618781673,21.938461978185096,"[3, 1, 2, 5]",,
311,12,4,ivr_v2,6,4,152,45187.0,281011.0,483.52391007944243,4.064582618781673,21.938461978185096,"[5, 4, 6, 1]",,
311,12,4,lucb_v2,6,4,152,45187.0,281011.0,483.52391007944243,4.064582618781673,21.938461978185096,"[5, 4, 6, 1]",,
311,12,4,no_hf_v2,6,0,0,0.0,0.0,0.0,4.064582618781673,21.938461978185096,[],,
311,12,4,proxy_only,6,0,0,0.0,0.0,0.0,4.064582618781673,21.938461978185096,[],,
311,12,4,global_voi_heuristic,6,4,152,45170.0,279502.0,482.14078256319044,4.064582618781673,21.938461978185096,"[4, 5, 3, 2]",,
311,12,4,uniform_v2_expected_100,,4,152,45130.95,280086.82,482.3147511044296,4.493156104793347,21.509888492173424,,"[6, 6, 6, 6, 6, 6, 6, 6, 6, 6, 6, 6, 6, 6, 6, 6, 6, 6, 6, 6, 6, 6, 6, 6, 6, 6, 6, 6, 6, 6, 6, 6, 6, 6, 6, 6, 6, 6, 6, 6, 6, 6, 3, 6, 6, 6, 6, 6, 6, 6, 6, 6, 6, 6, 6, 6, 6, 6, 6, 6, 6, 6, 6, 6, 6, 6, 6, 6, 6, 6, 6, 3, 6, 6, 3, 6, 6, 6, 6, 6, 6, 6, 6, 6, 6, 6, 3, 6, 6, 6, 6, 6, 6, 6, 6, 6, 6, 6, 6, 6]",0.21101499754954905
311,12,1,author_PIVOT_VOI_E5C,6,1,56,16514.0,102098.0,175.83414891106077,4.064582618781673,21.938461978185096,[2],,
311,12,1,author_GlobalVOI_E5C,6,1,56,16521.0,103723.0,178.81964244804112,4.064582618781673,21.938461978185096,[4],,
311,12,1,author_Uniform_E5C,6,1,56,16534.0,101357.0,175.0639879667433,4.064582618781673,21.938461978185096,[5],,
311,12,1,author_LUCB_E5C,3,1,56,16534.0,103479.0,177.55901562457439,14.778919769073543,11.224124827893228,[6],,
311,12,2,author_PIVOT_VOI_E5C,6,2,88,26101.0,162566.0,280.0533046372002,4.064582618781673,21.938461978185096,"[2, 4]",,
311,12,2,author_GlobalVOI_E5C,6,2,88,25990.0,162557.0,280.44361912918976,4.064582618781673,21.938461978185096,"[4, 3]",,
311,12,2,author_Uniform_E5C,6,2,88,26114.0,160200.0,276.2976501559024,4.064582618781673,21.938461978185096,"[5, 2]",,
311,12,2,author_LUCB_E5C,6,2,88,26003.0,162313.0,279.182992305723,4.064582618781673,21.938461978185096,"[6, 3]",,
311,12,4,author_PIVOT_VOI_E5C,6,4,152,45170.0,281624.0,484.63581022102153,4.064582618781673,21.938461978185096,"[2, 4, 6, 3]",,
311,12,4,author_GlobalVOI_E5C,6,4,152,45170.0,279502.0,482.14078256319044,4.064582618781673,21.938461978185096,"[4, 3, 2, 5]",,
311,12,4,author_Uniform_E5C,6,4,152,45167.0,279630.0,481.7990433659288,4.064582618781673,21.938461978185096,"[5, 2, 1, 4]",,
311,12,4,author_LUCB_E5C,6,4,152,45170.0,281624.0,484.63581022102153,4.064582618781673,21.938461978185096,"[6, 3, 2, 4]",,
312,4,1,pivot_kg,6,1,24,7200.0,43215.0,74.29197163280332,8.512620599168677,0.12553221773548273,[5],,
312,4,1,uniform_v2,6,1,24,7154.0,44663.0,76.09705105191097,8.512620599168677,0.12553221773548273,[1],,
312,4,1,ivr_v2,6,1,24,7200.0,43215.0,74.29197163280332,8.512620599168677,0.12553221773548273,[5],,
312,4,1,lucb_v2,6,1,24,7200.0,43215.0,74.29197163280332,8.512620599168677,0.12553221773548273,[5],,
312,4,1,no_hf_v2,6,0,0,0.0,0.0,0.0,8.512620599168677,0.12553221773548273,[],,
312,4,1,proxy_only,5,0,0,0.0,0.0,0.0,-10.906190128460507,19.54434294536467,[],,
312,4,1,global_voi_heuristic,6,1,24,7154.0,44663.0,76.09705105191097,8.512620599168677,0.12553221773548273,[1],,
312,4,1,uniform_v2_expected_100,,1,24,7180.45,44844.7,76.5458472489682,8.512620599168681,0.12553221773547918,,"[6, 6, 6, 6, 6, 6, 6, 6, 6, 6, 6, 6, 6, 6, 6, 6, 6, 6, 6, 6, 6, 6, 6, 6, 6, 6, 6, 6, 6, 6, 6, 6, 6, 6, 6, 6, 6, 6, 6, 6, 6, 6, 6, 6, 6, 6, 6, 6, 6, 6, 6, 6, 6, 6, 6, 6, 6, 6, 6, 6, 6, 6, 6, 6, 6, 6, 6, 6, 6, 6, 6, 6, 6, 6, 6, 6, 6, 6, 6, 6, 6, 6, 6, 6, 6, 6, 6, 6, 6, 6, 6, 6, 6, 6, 6, 6, 6, 6, 6, 6]",3.5706115939831736e-16
312,4,2,pivot_kg,6,2,40,12000.0,73497.0,125.88502709177556,8.512620599168677,0.12553221773548273,"[5, 4]",,
312,4,2,uniform_v2,6,2,40,11954.0,74945.0,127.6901065108832,8.512620599168677,0.12553221773548273,"[1, 4]",,
312,4,2,ivr_v2,6,2,40,12000.0,73497.0,125.88502709177556,8.512620599168677,0.12553221773548273,"[5, 4]",,
312,4,2,lucb_v2,6,2,40,12000.0,73497.0,125.88502709177556,8.512620599168677,0.12553221773548273,"[5, 4]",,
312,4,2,no_hf_v2,6,0,0,0.0,0.0,0.0,8.512620599168677,0.12553221773548273,[],,
312,4,2,proxy_only,5,0,0,0.0,0.0,0.0,-10.906190128460507,19.54434294536467,[],,
312,4,2,global_voi_heuristic,6,2,40,11954.0,74945.0,127.6901065108832,8.512620599168677,0.12553221773548273,"[1, 4]",,
312,4,2,uniform_v2_expected_100,,2,40,11960.34,74435.67,127.28308079315815,8.512620599168681,0.12553221773547918,,"[6, 6, 6, 6, 6, 6, 6, 6, 6, 6, 6, 6, 6, 6, 6, 6, 6, 6, 6, 6, 6, 6, 6, 6, 6, 6, 6, 6, 6, 6, 6, 6, 6, 6, 6, 6, 6, 6, 6, 6, 6, 6, 6, 6, 6, 6, 6, 6, 6, 6, 6, 6, 6, 6, 6, 6, 6, 6, 6, 6, 6, 6, 6, 6, 6, 6, 6, 6, 6, 6, 6, 6, 6, 6, 6, 6, 6, 6, 6, 6, 6, 6, 6, 6, 6, 6, 6, 6, 6, 6, 6, 6, 6, 6, 6, 6, 6, 6, 6, 6]",3.5706115939831736e-16
312,4,4,pivot_kg,6,4,72,21510.0,131812.0,225.9265056385193,8.512620599168677,0.12553221773548273,"[5, 4, 6, 1]",,
312,4,4,uniform_v2,6,4,72,21481.0,133649.0,228.3764019648661,8.512620599168677,0.12553221773548273,"[1, 4, 6, 3]",,
312,4,4,ivr_v2,6,4,72,21510.0,131812.0,225.9265056385193,8.512620599168677,0.12553221773548273,"[5, 4, 1, 6]",,
312,4,4,lucb_v2,6,4,72,21510.0,131812.0,225.9265056385193,8.512620599168677,0.12553221773548273,"[5, 4, 6, 1]",,
312,4,4,no_hf_v2,6,0,0,0.0,0.0,0.0,8.512620599168677,0.12553221773548273,[],,
312,4,4,proxy_only,5,0,0,0.0,0.0,0.0,-10.906190128460507,19.54434294536467,[],,
312,4,4,global_voi_heuristic,6,4,72,21553.0,134402.0,230.00417175365146,8.512620599168677,0.12553221773548273,"[1, 4, 5, 2]",,
312,4,4,uniform_v2_expected_100,,4,72,21520.63,134040.49,229.39951541109826,8.512620599168681,0.12553221773547918,,"[6, 6, 6, 6, 6, 6, 6, 6, 6, 6, 6, 6, 6, 6, 6, 6, 6, 6, 6, 6, 6, 6, 6, 6, 6, 6, 6, 6, 6, 6, 6, 6, 6, 6, 6, 6, 6, 6, 6, 6, 6, 6, 6, 6, 6, 6, 6, 6, 6, 6, 6, 6, 6, 6, 6, 6, 6, 6, 6, 6, 6, 6, 6, 6, 6, 6, 6, 6, 6, 6, 6, 6, 6, 6, 6, 6, 6, 6, 6, 6, 6, 6, 6, 6, 6, 6, 6, 6, 6, 6, 6, 6, 6, 6, 6, 6, 6, 6, 6, 6]",3.5706115939831736e-16
312,4,1,author_PIVOT_VOI_E5C,6,1,24,7154.0,44663.0,76.09705105191097,8.512620599168677,0.12553221773548273,[1],,
312,4,1,author_GlobalVOI_E5C,6,1,24,7154.0,44663.0,76.09705105191097,8.512620599168677,0.12553221773548273,[1],,
312,4,1,author_Uniform_E5C,5,1,24,7154.0,44663.0,76.09705105191097,-10.906190128460507,19.54434294536467,[1],,
312,4,1,author_LUCB_E5C,5,1,24,7156.0,44366.0,75.85209627094446,-10.906190128460507,19.54434294536467,[6],,
312,4,2,author_PIVOT_VOI_E5C,6,2,40,11953.0,76262.0,130.07297904993175,8.512620599168677,0.12553221773548273,"[1, 2]",,
312,4,2,author_GlobalVOI_E5C,6,2,40,11954.0,74945.0,127.6901065108832,8.512620599168677,0.12553221773548273,"[1, 4]",,
312,4,2,author_Uniform_E5C,5,2,40,11953.0,76262.0,130.07297904993175,-10.906190128460507,19.54434294536467,"[1, 2]",,
312,4,2,author_LUCB_E5C,4,2,40,11956.0,72224.0,124.19023351569194,6.8979381532275665,1.7402146636765936,"[6, 5]",,
312,4,4,author_PIVOT_VOI_E5C,6,4,72,21524.0,136239.0,232.45406807999825,8.512620599168677,0.12553221773548273,"[1, 2, 3, 4]",,
312,4,4,author_GlobalVOI_E5C,5,4,72,21481.0,133649.0,228.3764019648661,-10.906190128460507,19.54434294536467,"[1, 4, 3, 6]",,
312,4,4,author_Uniform_E5C,5,4,72,21480.0,134966.0,230.75927450391464,-10.906190128460507,19.54434294536467,"[1, 2, 3, 6]",,
312,4,4,author_LUCB_E5C,0,4,72,21510.0,131812.0,225.9265056385193,0.0,8.63815281690416,"[6, 5, 4, 1]",,
312,12,1,pivot_kg,6,1,56,16800.0,110402.0,188.61190146388253,8.333964737051467,15.287379209865435,[5],,
312,12,1,uniform_v2,6,1,56,16779.0,112240.0,191.0004912733566,8.333964737051467,15.287379209865435,[1],,
312,12,1,ivr_v2,6,1,56,16800.0,110402.0,188.61190146388253,8.333964737051467,15.287379209865435,[5],,
312,12,1,lucb_v2,6,1,56,16800.0,110402.0,188.61190146388253,8.333964737051467,15.287379209865435,[5],,
312,12,1,no_hf_v2,6,0,0,0.0,0.0,0.0,8.333964737051467,15.287379209865435,[],,
312,12,1,proxy_only,5,0,0,0.0,0.0,0.0,-11.796557680747155,35.41790162766406,[],,
312,12,1,global_voi_heuristic,6,1,56,16779.0,112240.0,191.0004912733566,8.333964737051467,15.287379209865435,[1],,
312,12,1,uniform_v2_expected_100,,1,56,16795.41,111353.24,189.732584700546,8.333964737051469,15.287379209865433,,"[6, 6, 6, 6, 6, 6, 6, 6, 6, 6, 6, 6, 6, 6, 6, 6, 6, 6, 6, 6, 6, 6, 6, 6, 6, 6, 6, 6, 6, 6, 6, 6, 6, 6, 6, 6, 6, 6, 6, 6, 6, 6, 6, 6, 6, 6, 6, 6, 6, 6, 6, 6, 6, 6, 6, 6, 6, 6, 6, 6, 6, 6, 6, 6, 6, 6, 6, 6, 6, 6, 6, 6, 6, 6, 6, 6, 6, 6, 6, 6, 6, 6, 6, 6, 6, 6, 6, 6, 6, 6, 6, 6, 6, 6, 6, 6, 6, 6, 6, 6]",1.7853057969915868e-16
312,12,2,pivot_kg,6,2,88,26400.0,175020.0,298.51883912971243,8.333964737051467,15.287379209865435,"[5, 4]",,
312,12,2,uniform_v2,6,2,88,26379.0,176858.0,300.9074289391865,8.333964737051467,15.287379209865435,"[1, 4]",,
312,12,2,ivr_v2,6,2,88,26400.0,175020.0,298.51883912971243,8.333964737051467,15.287379209865435,"[5, 4]",,
312,12,2,lucb_v2,6,2,88,26400.0,175020.0,298.51883912971243,8.333964737051467,15.287379209865435,"[5, 4]",,
312,12,2,no_hf_v2,6,0,0,0.0,0.0,0.0,8.333964737051467,15.287379209865435,[],,
312,12,2,proxy_only,5,0,0,0.0,0.0,0.0,-11.796557680747155,35.41790162766406,[],,
312,12,2,global_voi_heuristic,6,2,88,26379.0,176858.0,300.9074289391865,8.333964737051467,15.287379209865435,"[1, 4]",,
312,12,2,uniform_v2_expected_100,,2,88,26391.05,173950.11,296.7731605583208,8.333964737051469,15.287379209865433,,"[6, 6, 6, 6, 6, 6, 6, 6, 6, 6, 6, 6, 6, 6, 6, 6, 6, 6, 6, 6, 6, 6, 6, 6, 6, 6, 6, 6, 6, 6, 6, 6, 6, 6, 6, 6, 6, 6, 6, 6, 6, 6, 6, 6, 6, 6, 6, 6, 6, 6, 6, 6, 6, 6, 6, 6, 6, 6, 6, 6, 6, 6, 6, 6, 6, 6, 6, 6, 6, 6, 6, 6, 6, 6, 6, 6, 6, 6, 6, 6, 6, 6, 6, 6, 6, 6, 6, 6, 6, 6, 6, 6, 6, 6, 6, 6, 6, 6, 6, 6]",1.7853057969915868e-16
312,12,4,pivot_kg,6,4,152,45576.0,298585.0,510.1636876387638,8.333964737051467,15.287379209865435,"[5, 4, 6, 1]",,
312,12,4,uniform_v2,6,4,152,45576.0,299448.0,510.94436525320634,8.333964737051467,15.287379209865435,"[1, 4, 6, 3]",,
312,12,4,ivr_v2,6,4,152,45576.0,298585.0,510.1636876387638,8.333964737051467,15.287379209865435,"[5, 4, 6, 1]",,
312,12,4,lucb_v2,6,4,152,45576.0,298585.0,510.1636876387638,8.333964737051467,15.287379209865435,"[5, 4, 6, 1]",,
312,12,4,no_hf_v2,6,0,0,0.0,0.0,0.0,8.333964737051467,15.287379209865435,[],,
312,12,4,proxy_only,5,0,0,0.0,0.0,0.0,-11.796557680747155,35.41790162766406,[],,
312,12,4,global_voi_heuristic,6,4,152,45579.0,300901.0,513.4057613511104,8.333964737051467,15.287379209865435,"[1, 4, 5, 3]",,
312,12,4,uniform_v2_expected_100,,4,152,45582.64,299248.99,510.9846442233387,8.333964737051469,15.287379209865433,,"[6, 6, 6, 6, 6, 6, 6, 6, 6, 6, 6, 6, 6, 6, 6, 6, 6, 6, 6, 6, 6, 6, 6, 6, 6, 6, 6, 6, 6, 6, 6, 6, 6, 6, 6, 6, 6, 6, 6, 6, 6, 6, 6, 6, 6, 6, 6, 6, 6, 6, 6, 6, 6, 6, 6, 6, 6, 6, 6, 6, 6, 6, 6, 6, 6, 6, 6, 6, 6, 6, 6, 6, 6, 6, 6, 6, 6, 6, 6, 6, 6, 6, 6, 6, 6, 6, 6, 6, 6, 6, 6, 6, 6, 6, 6, 6, 6, 6, 6, 6]",1.7853057969915868e-16
312,12,1,author_PIVOT_VOI_E5C,6,1,56,16779.0,112240.0,191.0004912733566,8.333964737051467,15.287379209865435,[1],,
312,12,1,author_GlobalVOI_E5C,6,1,56,16779.0,112240.0,191.0004912733566,8.333964737051467,15.287379209865435,[1],,
312,12,1,author_Uniform_E5C,5,1,56,16779.0,112240.0,191.0004912733566,-11.796557680747155,35.41790162766406,[1],,
312,12,1,author_LUCB_E5C,5,1,56,16797.0,108949.0,186.15050536597846,-11.796557680747155,35.41790162766406,[6],,
312,12,2,author_PIVOT_VOI_E5C,6,2,88,26378.0,175463.0,298.9896465485217,8.333964737051467,15.287379209865435,"[1, 2]",,
312,12,2,author_GlobalVOI_E5C,6,2,88,26379.0,176858.0,300.9074289391865,8.333964737051467,15.287379209865435,"[1, 4]",,
312,12,2,author_Uniform_E5C,5,2,88,26378.0,175463.0,298.9896465485217,-11.796557680747155,35.41790162766406,"[1, 2]",,
312,12,2,author_LUCB_E5C,4,2,88,26397.0,170539.0,292.00933276471915,-19.242784585947458,42.864128532864356,"[6, 5]",,
312,12,4,author_PIVOT_VOI_E5C,6,4,152,45578.0,302534.0,515.5360892275348,8.333964737051467,15.287379209865435,"[1, 2, 3, 4]",,
312,12,4,author_GlobalVOI_E5C,3,4,152,45576.0,299448.0,510.94436525320634,5.437922318744056,18.183421628172844,"[1, 4, 3, 6]",,
312,12,4,author_Uniform_E5C,5,4,152,45575.0,298053.0,509.02658286254155,-11.796557680747155,35.41790162766406,"[1, 2, 3, 6]",,
312,12,4,author_LUCB_E5C,5,4,152,45576.0,298585.0,510.1636876387638,-11.796557680747155,35.41790162766406,"[6, 5, 4, 1]",,
313,4,1,pivot_kg,4,1,24,7200.0,50641.0,85.44744878815254,-6.416619596181736,19.380786698850258,[5],,
313,4,1,uniform_v2,5,1,24,7200.0,51868.0,87.27267906500492,12.964167102668522,0.0,[2],,
313,4,1,ivr_v2,4,1,24,7200.0,50641.0,85.44744878815254,-6.416619596181736,19.380786698850258,[5],,
313,4,1,lucb_v2,4,1,24,7200.0,50641.0,85.44744878815254,-6.416619596181736,19.380786698850258,[5],,
313,4,1,no_hf_v2,5,0,0,0.0,0.0,0.0,12.964167102668522,0.0,[],,
313,4,1,proxy_only,5,0,0,0.0,0.0,0.0,12.964167102668522,0.0,[],,
313,4,1,global_voi_heuristic,5,1,24,7200.0,51868.0,87.27267906500492,12.964167102668522,0.0,[2],,
313,4,1,uniform_v2_expected_100,,1,24,7200.0,50819.36,85.63663616745966,9.669433363863982,3.29473373880454,,"[5, 5, 5, 5, 5, 5, 5, 5, 5, 5, 4, 4, 5, 5, 5, 5, 5, 5, 4, 5, 5, 5, 5, 4, 5, 5, 5, 5, 5, 4, 5, 5, 5, 5, 5, 5, 5, 5, 5, 5, 5, 5, 4, 5, 5, 5, 5, 5, 5, 5, 4, 5, 5, 5, 5, 5, 5, 5, 5, 5, 5, 5, 4, 5, 5, 5, 5, 5, 5, 5, 5, 5, 5, 4, 5, 5, 5, 5, 4, 4, 5, 5, 5, 4, 5, 5, 5, 5, 4, 5, 5, 5, 4, 5, 4, 5, 4, 5, 4, 5]",0.7316734755785846
313,4,2,pivot_kg,3,2,40,12000.0,82957.0,140.31138274323894,-0.03610041342254178,13.000267516091064,"[5, 4]",,
313,4,2,uniform_v2,4,2,40,12000.0,84930.0,143.49856485013152,-6.416619596181736,19.380786698850258,"[2, 5]",,
313,4,2,ivr_v2,3,2,40,12000.0,82957.0,140.31138274323894,-0.03610041342254178,13.000267516091064,"[5, 4]",,
313,4,2,lucb_v2,3,2,40,12000.0,82957.0,140.31138274323894,-0.03610041342254178,13.000267516091064,"[5, 4]",,
313,4,2,no_hf_v2,5,0,0,0.0,0.0,0.0,12.964167102668522,0.0,[],,
313,4,2,proxy_only,5,0,0,0.0,0.0,0.0,12.964167102668522,0.0,[],,
313,4,2,global_voi_heuristic,5,2,40,12000.0,83519.0,141.2824987518834,12.964167102668522,0.0,"[2, 1]",,
313,4,2,uniform_v2_expected_100,,2,40,12000.0,84011.71,141.97680206978112,6.688941001185942,6.2752261014825805,,"[4, 3, 4, 5, 5, 5, 5, 4, 5, 4, 4, 4, 5, 5, 5, 5, 5, 5, 4, 5, 5, 3, 5, 4, 5, 3, 5, 5, 4, 4, 4, 5, 5, 3, 5, 5, 5, 5, 4, 5, 5, 5, 4, 4, 4, 5, 5, 5, 5, 5, 3, 5, 5, 5, 5, 5, 3, 5, 5, 5, 5, 5, 3, 5, 5, 3, 5, 5, 5, 5, 5, 5, 5, 3, 5, 5, 5, 5, 4, 4, 5, 4, 5, 4, 5, 5, 5, 5, 4, 5, 3, 5, 4, 4, 3, 4, 4, 5, 4, 5]",0.8593868247788686
313,4,4,pivot_kg,5,4,72,21600.0,148832.0,252.22639368800446,12.964167102668522,0.0,"[5, 4, 1, 6]",,
313,4,4,uniform_v2,3,4,72,21600.0,148897.0,252.37231849209638,-0.03610041342254178,13.000267516091064,"[2, 5, 1, 4]",,
313,4,4,ivr_v2,5,4,72,21600.0,148832.0,252.22639368800446,12.964167102668522,0.0,"[5, 4, 1, 6]",,
313,4,4,lucb_v2,3,4,72,21600.0,148258.0,251.3780632240232,-0.03610041342254178,13.000267516091064,"[5, 4, 3, 1]",,
313,4,4,no_hf_v2,5,0,0,0.0,0.0,0.0,12.964167102668522,0.0,[],,
313,4,4,proxy_only,5,0,0,0.0,0.0,0.0,12.964167102668522,0.0,[],,
313,4,4,global_voi_heuristic,3,4,72,21600.0,149485.0,253.2032935008756,-0.03610041342254178,13.000267516091064,"[2, 1, 3, 4]",,
313,4,4,uniform_v2_expected_100,,4,72,21600.0,150388.46,254.6554297941376,3.836059022163086,9.128108080505436,,"[4, 5, 5, 4, 4, 3, 4, 4, 3, 4, 3, 3, 5, 3, 5, 4, 5, 4, 4, 5, 4, 3, 5, 3, 3, 5, 3, 4, 4, 4, 3, 5, 4, 5, 4, 5, 3, 4, 4, 3, 3, 5, 4, 4, 4, 5, 5, 5, 4, 4, 5, 4, 5, 3, 3, 3, 5, 4, 4, 5, 3, 5, 3, 5, 5, 5, 5, 4, 5, 5, 5, 3, 5, 5, 5, 5, 4, 4, 3, 3, 5, 5, 4, 5, 5, 5, 4, 5, 3, 5, 5, 5, 5, 5, 3, 3, 5, 5, 4, 5]",0.8626944461755853
313,4,1,author_PIVOT_VOI_E5C,4,1,24,7200.0,50641.0,85.44744878815254,-6.416619596181736,19.380786698850258,[5],,
313,4,1,author_GlobalVOI_E5C,5,1,24,7200.0,51229.0,86.27842379693175,12.964167102668522,0.0,[3],,
313,4,1,author_Uniform_E5C,5,1,24,7200.0,49895.0,84.08549695811234,12.964167102668522,0.0,[4],,
313,4,1,author_LUCB_E5C,4,1,24,7200.0,50641.0,85.44744878815254,-6.416619596181736,19.380786698850258,[5],,
313,4,2,author_PIVOT_VOI_E5C,4,2,40,12000.0,84865.0,143.3526400460396,-6.416619596181736,19.380786698850258,"[5, 6]",,
313,4,2,author_GlobalVOI_E5C,5,2,40,12000.0,85518.0,144.32953985891072,12.964167102668522,0.0,"[3, 2]",,
313,4,2,author_Uniform_E5C,5,2,40,12000.0,84119.0,141.9906882159994,12.964167102668522,0.0,"[4, 6]",,
313,4,2,author_LUCB_E5C,3,2,40,12000.0,82957.0,140.31138274323894,-0.03610041342254178,13.000267516091064,"[5, 4]",,
313,4,4,author_PIVOT_VOI_E5C,6,4,72,21600.0,150831.0,255.2734347950318,4.0393281797444,8.924838922924122,"[5, 6, 3, 4]",,
313,4,4,author_GlobalVOI_E5C,5,4,72,21600.0,151393.0,256.24455080367625,12.964167102668522,0.0,"[3, 2, 6, 1]",,
313,4,4,author_Uniform_E5C,5,4,72,21600.0,150059.0,254.05162396485684,12.964167102668522,0.0,"[4, 6, 1, 2]",,
313,4,4,author_LUCB_E5C,3,4,72,21600.0,148258.0,251.3780632240232,-0.03610041342254178,13.000267516091064,"[5, 4, 3, 1]",,
313,12,1,pivot_kg,4,1,56,16797.0,119295.0,201.22157702205004,8.162650369352443,15.298608344657408,[5],,
313,12,1,uniform_v2,5,1,56,16794.0,117984.0,198.90329264779575,23.46125871400985,0.0,[2],,
313,12,1,ivr_v2,4,1,56,16797.0,119295.0,201.22157702205004,8.162650369352443,15.298608344657408,[5],,
313,12,1,lucb_v2,4,1,56,16797.0,119295.0,201.22157702205004,8.162650369352443,15.298608344657408,[5],,
313,12,1,no_hf_v2,5,0,0,0.0,0.0,0.0,23.46125871400985,0.0,[],,
313,12,1,proxy_only,5,0,0,0.0,0.0,0.0,23.46125871400985,0.0,[],,
313,12,1,global_voi_heuristic,5,1,56,16763.0,119453.0,201.02229244087357,23.46125871400985,0.0,[3],,
313,12,1,uniform_v2_expected_100,,1,56,16781.49,118779.4,200.13949466904975,20.860495295418094,2.6007634185917574,,"[5, 5, 5, 5, 5, 5, 5, 5, 5, 5, 4, 4, 5, 5, 5, 5, 5, 5, 4, 5, 5, 5, 5, 4, 5, 5, 5, 5, 5, 4, 5, 5, 5, 5, 5, 5, 5, 5, 5, 5, 5, 5, 4, 5, 5, 5, 5, 5, 5, 5, 4, 5, 5, 5, 5, 5, 5, 5, 5, 5, 5, 5, 4, 5, 5, 5, 5, 5, 5, 5, 5, 5, 5, 4, 5, 5, 5, 5, 4, 4, 5, 5, 5, 4, 5, 5, 5, 5, 4, 5, 5, 5, 4, 5, 4, 5, 4, 5, 4, 5]",0.577560968653304
313,12,2,pivot_kg,3,2,88,26397.0,184093.0,310.903120921168,-3.653047369701417,27.11430608371127,"[5, 4]",,
313,12,2,uniform_v2,4,2,88,26394.0,185205.0,312.7029812107794,8.162650369352443,15.298608344657408,"[2, 5]",,
313,12,2,ivr_v2,3,2,88,26397.0,184093.0,310.903120921168,-3.653047369701417,27.11430608371127,"[5, 4]",,
313,12,2,lucb_v2,3,2,88,26397.0,184093.0,310.903120921168,-3.653047369701417,27.11430608371127,"[5, 4]",,
313,12,2,no_hf_v2,5,0,0,0.0,0.0,0.0,23.46125871400985,0.0,[],,
313,12,2,proxy_only,5,0,0,0.0,0.0,0.0,23.46125871400985,0.0,[],,
313,12,2,global_voi_heuristic,5,2,88,26360.0,185363.0,312.5036966296029,23.46125871400985,0.0,"[3, 2]",,
313,12,2,uniform_v2_expected_100,,2,88,26364.73,185295.0,312.5717948856781,18.280891323659933,5.180367390349918,,"[4, 5, 4, 5, 5, 5, 5, 4, 5, 4, 4, 4, 5, 5, 5, 5, 5, 5, 4, 5, 5, 5, 5, 4, 5, 5, 5, 5, 4, 4, 4, 5, 5, 3, 5, 5, 5, 5, 4, 5, 5, 5, 4, 4, 4, 5, 5, 5, 5, 5, 3, 5, 5, 5, 5, 5, 5, 5, 5, 5, 5, 5, 3, 5, 5, 5, 5, 5, 5, 5, 5, 5, 5, 3, 5, 5, 5, 5, 4, 4, 5, 4, 5, 4, 5, 5, 5, 5, 4, 5, 5, 5, 4, 4, 3, 4, 4, 5, 4, 5]",0.8314216116883545
313,12,4,pivot_kg,1,4,152,45537.0,318332.0,537.65087009524,-18.19720337609354,41.65846209010339,"[5, 4, 1, 6]",,
313,12,4,uniform_v2,1,4,152,45534.0,316279.0,534.6356993998634,-18.19720337609354,41.65846209010339,"[2, 5, 1, 4]",,
313,12,4,ivr_v2,1,4,152,45537.0,318332.0,537.65087009524,-18.19720337609354,41.65846209010339,"[5, 4, 6, 1]",,
313,12,4,lucb_v2,3,4,152,45563.0,319435.0,539.0000997870811,-3.653047369701417,27.11430608371127,"[5, 4, 3, 6]",,
313,12,4,no_hf_v2,5,0,0,0.0,0.0,0.0,23.46125871400985,0.0,[],,
313,12,4,proxy_only,5,0,0,0.0,0.0,0.0,23.46125871400985,0.0,[],,
313,12,4,global_voi_heuristic,5,4,152,45500.0,316437.0,534.4364148186869,23.46125871400985,0.0,"[3, 2, 1, 4]",,
313,12,4,uniform_v2_expected_100,,4,152,45531.84,318556.74,537.8115998853725,6.48503341594334,16.97622529806651,,"[4, 5, 3, 4, 4, 5, 4, 4, 1, 4, 1, 3, 5, 3, 5, 4, 5, 4, 4, 5, 4, 1, 3, 1, 1, 1, 5, 4, 4, 4, 1, 5, 4, 1, 4, 5, 1, 4, 4, 5, 1, 5, 4, 4, 4, 5, 5, 5, 4, 4, 3, 4, 3, 5, 5, 5, 1, 4, 4, 5, 1, 5, 1, 5, 5, 1, 3, 4, 5, 5, 5, 3, 5, 3, 5, 5, 4, 4, 3, 3, 3, 3, 4, 3, 5, 3, 4, 5, 1, 5, 5, 5, 1, 3, 3, 3, 1, 5, 4, 3]",1.487559202639702
313,12,1,author_PIVOT_VOI_E5C,4,1,56,16797.0,119295.0,201.22157702205004,8.162650369352443,15.298608344657408,[5],,
313,12,1,author_GlobalVOI_E5C,5,1,56,16763.0,119453.0,201.02229244087357,23.46125871400985,0.0,[3],,
313,12,1,author_Uniform_E5C,5,1,56,16797.0,116872.0,197.10343235818436,23.46125871400985,0.0,[4],,
313,12,1,author_LUCB_E5C,4,1,56,16797.0,119295.0,201.22157702205004,8.162650369352443,15.298608344657408,[5],,
313,12,2,author_PIVOT_VOI_E5C,4,2,88,26397.0,187258.0,315.718151906156,8.162650369352443,15.298608344657408,"[5, 6]",,
313,12,2,author_GlobalVOI_E5C,5,2,88,26360.0,185363.0,312.5036966296029,23.46125871400985,0.0,"[3, 2]",,
313,12,2,author_Uniform_E5C,5,2,88,26397.0,184835.0,311.6000072422903,23.46125871400985,0.0,"[4, 6]",,
313,12,2,author_LUCB_E5C,3,2,88,26397.0,184093.0,310.903120921168,-3.653047369701417,27.11430608371127,"[5, 4]",,
313,12,4,author_PIVOT_VOI_E5C,4,4,152,45560.0,320547.0,540.7999600766925,8.162650369352443,15.298608344657408,"[5, 6, 3, 2]",,
313,12,4,author_GlobalVOI_E5C,1,4,152,45500.0,319602.0,539.2514458036749,-18.19720337609354,41.65846209010339,"[3, 2, 6, 1]",,
313,12,4,author_Uniform_E5C,1,4,152,45534.0,317021.0,535.3325857209857,-18.19720337609354,41.65846209010339,"[4, 6, 1, 2]",,
313,12,4,author_LUCB_E5C,2,4,152,45560.0,317382.0,535.9849290917045,7.999617600603146,15.461641113406706,"[5, 4, 3, 2]",,
314,4,1,pivot_kg,6,1,24,7200.0,49871.0,83.92626831814414,-9.717218124223166,31.703982233773434,[4],,
314,4,1,uniform_v2,4,1,24,7200.0,49975.0,83.81804631196428,-10.117692385808414,32.10445649535868,[3],,
314,4,1,ivr_v2,4,1,24,7200.0,48096.0,81.38620995619567,-10.117692385808414,32.10445649535868,[5],,
314,4,1,lucb_v2,4,1,24,7200.0,48096.0,81.38620995619567,-10.117692385808414,32.10445649535868,[5],,
314,4,1,no_hf_v2,4,0,0,0.0,0.0,0.0,-10.117692385808414,32.10445649535868,[],,
314,4,1,proxy_only,4,0,0,0.0,0.0,0.0,-10.117692385808414,32.10445649535868,[],,
314,4,1,global_voi_heuristic,4,1,24,7193.0,50178.0,84.7256179927499,-10.117692385808414,32.10445649535868,[2],,
314,4,1,uniform_v2_expected_100,,1,24,7198.53,49583.4,83.62486536661977,-10.057621246570623,32.04438535612089,,"[4, 6, 6, 4, 4, 4, 4, 4, 4, 4, 4, 4, 4, 4, 6, 4, 4, 4, 4, 4, 4, 6, 6, 4, 4, 4, 4, 4, 4, 4, 6, 4, 4, 4, 4, 4, 4, 4, 4, 4, 4, 4, 4, 4, 4, 4, 4, 4, 4, 4, 4, 4, 4, 4, 4, 4, 4, 4, 4, 4, 4, 4, 6, 6, 4, 4, 4, 4, 4, 4, 4, 4, 6, 4, 4, 4, 4, 4, 6, 4, 4, 4, 4, 4, 4, 4, 4, 6, 4, 4, 6, 4, 4, 6, 6, 4, 4, 4, 6, 4]",0.014371831090155437
314,4,2,pivot_kg,6,2,40,12000.0,83081.0,140.17278378125047,-9.717218124223166,31.703982233773434,"[4, 1]",,
314,4,2,uniform_v2,4,2,40,12000.0,81249.0,137.33309480495518,-10.117692385808414,32.10445649535868,"[3, 6]",,
314,4,2,ivr_v2,6,2,40,12000.0,80389.0,136.0774758483749,-9.717218124223166,31.703982233773434,"[5, 4]",,
314,4,2,lucb_v2,6,2,40,12000.0,80389.0,136.0774758483749,-9.717218124223166,31.703982233773434,"[5, 4]",,
314,4,2,no_hf_v2,4,0,0,0.0,0.0,0.0,-10.117692385808414,32.10445649535868,[],,
314,4,2,proxy_only,4,0,0,0.0,0.0,0.0,-10.117692385808414,32.10445649535868,[],,
314,4,2,global_voi_heuristic,4,2,40,11993.0,82575.0,139.30866187874926,-10.117692385808414,32.10445649535868,"[2, 3]",,
314,4,2,uniform_v2_expected_100,,2,40,11996.92,81686.48,138.17373867521354,-10.009564335180393,31.99632844473066,,"[4, 6, 6, 4, 6, 4, 4, 4, 4, 4, 6, 6, 4, 4, 6, 4, 4, 4, 4, 4, 4, 6, 6, 6, 4, 4, 4, 4, 4, 6, 6, 4, 4, 4, 4, 4, 6, 4, 4, 6, 4, 4, 4, 4, 4, 4, 4, 4, 4, 4, 4, 4, 4, 4, 4, 4, 4, 4, 4, 4, 4, 4, 6, 6, 4, 4, 6, 4, 4, 4, 4, 4, 6, 4, 4, 6, 6, 4, 6, 4, 4, 4, 4, 4, 6, 4, 4, 6, 4, 4, 6, 4, 4, 6, 6, 4, 6, 4, 6, 4]",0.017869003097823483
314,4,4,pivot_kg,6,4,72,21600.0,144873.0,245.83903980447212,-9.717218124223166,31.703982233773434,"[4, 1, 6, 5]",,
314,4,4,uniform_v2,6,4,72,21600.0,144060.0,244.17556822736515,-9.717218124223166,31.703982233773434,"[3, 6, 4, 5]",,
314,4,4,ivr_v2,6,4,72,21600.0,144873.0,245.83903980447212,-9.717218124223166,31.703982233773434,"[5, 4, 1, 6]",,
314,4,4,lucb_v2,6,4,72,21600.0,144873.0,245.83903980447212,-9.717218124223166,31.703982233773434,"[5, 4, 1, 6]",,
314,4,4,no_hf_v2,4,0,0,0.0,0.0,0.0,-10.117692385808414,32.10445649535868,[],,
314,4,4,proxy_only,4,0,0,0.0,0.0,0.0,-10.117692385808414,32.10445649535868,[],,
314,4,4,global_voi_heuristic,4,4,72,21593.0,146303.0,247.70638487208635,-10.117692385808414,32.10445649535868,"[2, 3, 5, 1]",,
314,4,4,uniform_v2_expected_100,,4,72,21594.89,145736.33,247.00225240292377,-7.646114844645565,29.63287895419583,,"[4, 6, 3, 6, 3, 6, 6, 6, 4, 6, 3, 6, 6, 6, 6, 4, 4, 6, 4, 6, 3, 6, 6, 6, 4, 4, 6, 6, 6, 6, 3, 4, 4, 4, 4, 6, 6, 6, 4, 6, 4, 4, 6, 4, 6, 6, 6, 6, 6, 3, 4, 6, 4, 4, 6, 4, 6, 4, 6, 6, 6, 4, 6, 6, 4, 6, 6, 4, 4, 4, 6, 6, 6, 4, 4, 6, 6, 4, 6, 6, 4, 4, 4, 4, 3, 4, 4, 6, 4, 4, 6, 6, 6, 6, 6, 4, 6, 6, 6, 6]",0.8172993587131121
314,4,1,author_PIVOT_VOI_E5C,4,1,24,7200.0,50788.0,85.48151788907126,-10.117692385808414,32.10445649535868,[1],,
314,4,1,author_GlobalVOI_E5C,4,1,24,7200.0,49975.0,83.81804631196428,-10.117692385808414,32.10445649535868,[3],,
314,4,1,author_Uniform_E5C,4,1,24,7193.0,50178.0,84.7256179927499,-10.117692385808414,32.10445649535868,[2],,
314,4,1,author_LUCB_E5C,6,1,24,7200.0,49871.0,83.92626831814414,-9.717218124223166,31.703982233773434,[4],,
314,4,2,author_PIVOT_VOI_E5C,4,2,40,11993.0,83388.0,140.97213345585624,-10.117692385808414,32.10445649535868,"[1, 2]",,
314,4,2,author_GlobalVOI_E5C,4,2,40,11993.0,82575.0,139.30866187874926,-10.117692385808414,32.10445649535868,"[3, 2]",,
314,4,2,author_Uniform_E5C,6,2,40,11993.0,82471.0,139.41688388492912,-9.717218124223166,31.703982233773434,"[2, 4]",,
314,4,2,author_LUCB_E5C,1,2,40,12000.0,81145.0,137.44131681113504,-21.481417614924908,43.46818172447517,"[4, 6]",,
314,4,4,author_PIVOT_VOI_E5C,6,4,72,21593.0,148078.0,250.2464432340348,-9.717218124223166,31.703982233773434,"[1, 2, 3, 4]",,
314,4,4,author_GlobalVOI_E5C,4,4,72,21593.0,144367.0,244.9749179019709,-10.117692385808414,32.10445649535868,"[3, 2, 6, 5]",,
314,4,4,author_Uniform_E5C,1,4,72,21593.0,144263.0,245.08313990815077,-21.481417614924908,43.46818172447517,"[2, 4, 6, 5]",,
314,4,4,author_LUCB_E5C,3,4,72,21600.0,146752.0,248.27087616024073,21.98676410955027,0.0,"[4, 6, 1, 3]",,
314,12,1,pivot_kg,6,1,56,16800.0,118255.0,198.71816678205505,-9.717218124223166,31.703982233773434,[4],,
314,12,1,uniform_v2,4,1,56,16800.0,118325.0,198.69240442174487,-16.064159046105843,38.05092315565611,[3],,
314,12,1,ivr_v2,4,1,56,16800.0,116221.0,195.83055736526148,-16.064159046105843,38.05092315565611,[5],,
314,12,1,lucb_v2,4,1,56,16800.0,116221.0,195.83055736526148,-16.064159046105843,38.05092315565611,[5],,
314,12,1,no_hf_v2,4,0,0,0.0,0.0,0.0,-16.064159046105843,38.05092315565611,[],,
314,12,1,proxy_only,4,0,0,0.0,0.0,0.0,-16.064159046105843,38.05092315565611,[],,
314,12,1,global_voi_heuristic,4,1,56,16800.0,118325.0,198.69240442174487,-16.064159046105843,38.05092315565611,[3],,
314,12,1,uniform_v2_expected_100,,1,56,16798.53,117999.08,198.4186085745215,-15.112117907823439,37.09888201737371,,"[4, 6, 6, 4, 4, 4, 4, 4, 4, 4, 4, 4, 4, 4, 6, 4, 4, 4, 4, 4, 4, 6, 6, 4, 4, 4, 4, 4, 4, 4, 6, 4, 4, 4, 4, 4, 4, 4, 4, 4, 4, 4, 4, 4, 4, 4, 4, 4, 4, 4, 4, 4, 4, 4, 4, 4, 4, 4, 4, 4, 4, 4, 6, 6, 4, 4, 4, 4, 4, 4, 4, 4, 6, 4, 4, 4, 4, 4, 6, 4, 4, 4, 4, 4, 4, 4, 4, 6, 4, 4, 6, 4, 4, 6, 6, 4, 4, 4, 6, 4]",0.22777284739203138
314,12,2,pivot_kg,3,2,88,26400.0,183240.0,308.8823393280036,21.98676410955027,0.0,"[4, 6]",,
314,12,2,uniform_v2,4,2,88,26400.0,183310.0,308.8565769676934,-16.064159046105843,38.05092315565611,"[3, 6]",,
314,12,2,ivr_v2,6,2,88,26400.0,182600.0,307.95857012539636,-9.717218124223166,31.703982233773434,"[5, 4]",,
314,12,2,lucb_v2,6,2,88,26400.0,182600.0,307.95857012539636,-9.717218124223166,31.703982233773434,"[5, 4]",,
314,12,2,no_hf_v2,4,0,0,0.0,0.0,0.0,-16.064159046105843,38.05092315565611,[],,
314,12,2,proxy_only,4,0,0,0.0,0.0,0.0,-16.064159046105843,38.05092315565611,[],,
314,12,2,global_voi_heuristic,4,2,88,26393.0,184948.0,311.3412651136168,-16.064159046105843,38.05092315565611,"[3, 2]",,
314,12,2,uniform_v2_expected_100,,2,88,26396.92,184214.62,310.3791232474666,-11.180086773820179,33.166850883370444,,"[4, 3, 6, 4, 6, 4, 4, 4, 4, 4, 6, 6, 4, 4, 6, 4, 4, 4, 4, 4, 4, 6, 3, 6, 4, 4, 4, 4, 4, 3, 6, 4, 4, 4, 4, 4, 6, 4, 4, 3, 4, 4, 4, 4, 4, 4, 4, 4, 4, 4, 4, 4, 4, 4, 4, 4, 4, 4, 4, 4, 4, 4, 3, 3, 4, 4, 6, 4, 4, 4, 4, 4, 6, 4, 4, 3, 6, 4, 3, 4, 4, 4, 4, 4, 6, 4, 4, 6, 4, 4, 6, 4, 4, 3, 6, 4, 3, 4, 6, 4]",1.1360988334623319
314,12,4,pivot_kg,3,4,152,45600.0,315902.0,533.2949240062735,21.98676410955027,0.0,"[4, 6, 1, 5]",,
314,12,4,uniform_v2,3,4,152,45600.0,314034.0,530.2249930711696,21.98676410955027,0.0,"[3, 6, 4, 5]",,
314,12,4,ivr_v2,3,4,152,45600.0,315902.0,533.2949240062735,21.98676410955027,0.0,"[5, 4, 6, 1]",,
314,12,4,lucb_v2,3,4,152,45600.0,315902.0,533.2949240062735,21.98676410955027,0.0,"[5, 4, 6, 1]",,
314,12,4,no_hf_v2,4,0,0,0.0,0.0,0.0,-16.064159046105843,38.05092315565611,[],,
314,12,4,proxy_only,4,0,0,0.0,0.0,0.0,-16.064159046105843,38.05092315565611,[],,
314,12,4,global_voi_heuristic,4,4,152,45593.0,317610.0,535.7538497918868,-16.064159046105843,38.05092315565611,"[3, 2, 5, 1]",,
314,12,4,uniform_v2_expected_100,,4,152,45594.89,316555.16,534.1673792075069,6.322723430268833,15.664040679281435,,"[4, 3, 3, 3, 3, 3, 3, 3, 4, 3, 3, 3, 3, 3, 6, 4, 4, 6, 4, 6, 3, 3, 3, 3, 4, 4, 3, 3, 3, 3, 3, 4, 4, 4, 4, 3, 3, 3, 4, 3, 4, 4, 3, 4, 3, 3, 3, 3, 3, 3, 4, 3, 4, 4, 3, 4, 3, 4, 3, 3, 3, 4, 3, 3, 4, 6, 3, 4, 4, 4, 3, 3, 3, 4, 4, 3, 3, 4, 3, 3, 4, 4, 4, 4, 3, 4, 4, 3, 4, 4, 6, 3, 3, 3, 3, 4, 3, 3, 3, 3]",1.8548540542138354
314,12,1,author_PIVOT_VOI_E5C,4,1,56,16800.0,120193.0,201.76233535684878,-16.064159046105843,38.05092315565611,[1],,
314,12,1,author_GlobalVOI_E5C,4,1,56,16800.0,118325.0,198.69240442174487,-16.064159046105843,38.05092315565611,[3],,
314,12,1,author_Uniform_E5C,2,1,56,16793.0,118499.0,199.23901471379213,-1.8510090184429444,23.837773127993213,[2],,
314,12,1,author_LUCB_E5C,6,1,56,16800.0,118255.0,198.71816678205505,-9.717218124223166,31.703982233773434,[4],,
314,12,2,author_PIVOT_VOI_E5C,2,2,88,26393.0,186816.0,314.41119604872074,-1.8510090184429444,23.837773127993213,"[1, 2]",,
314,12,2,author_GlobalVOI_E5C,2,2,88,26393.0,184948.0,311.3412651136168,-1.8510090184429444,23.837773127993213,"[3, 2]",,
314,12,2,author_Uniform_E5C,2,2,88,26393.0,184878.0,311.367027473927,-1.8510090184429444,23.837773127993213,"[2, 4]",,
314,12,2,author_LUCB_E5C,3,2,88,26400.0,183240.0,308.8823393280036,21.98676410955027,0.0,"[4, 6]",,
314,12,4,author_PIVOT_VOI_E5C,2,4,152,45593.0,318250.0,536.677618994494,-1.8510090184429444,23.837773127993213,"[1, 2, 6, 3]",,
314,12,4,author_GlobalVOI_E5C,2,4,152,45593.0,314278.0,530.7458410029067,-1.8510090184429444,23.837773127993213,"[3, 2, 6, 5]",,
314,12,4,author_Uniform_E5C,2,4,152,45593.0,314208.0,530.7716033632169,-1.8510090184429444,23.837773127993213,"[2, 4, 6, 5]",,
314,12,4,author_LUCB_E5C,3,4,152,45600.0,318006.0,536.1567710627569,21.98676410955027,0.0,"[4, 6, 3, 1]",,
315,4,1,pivot_kg,3,1,24,7200.0,48580.0,81.76989593403414,10.715547937624091,0.8668992913456322,[4],,
315,4,1,uniform_v2,3,1,24,7200.0,48580.0,81.76989593403414,10.715547937624091,0.8668992913456322,[4],,
315,4,1,ivr_v2,4,1,24,7200.0,48780.0,81.69119804195361,-3.83658478281864,15.419032011788364,[5],,
315,4,1,lucb_v2,3,1,24,7200.0,48580.0,81.76989593403414,10.715547937624091,0.8668992913456322,[4],,
315,4,1,no_hf_v2,3,0,0,0.0,0.0,0.0,10.715547937624091,0.8668992913456322,[],,
315,4,1,proxy_only,3,0,0,0.0,0.0,0.0,10.715547937624091,0.8668992913456322,[],,
315,4,1,global_voi_heuristic,3,1,24,7200.0,48580.0,81.76989593403414,10.715547937624091,0.8668992913456322,[4],,
315,4,1,uniform_v2_expected_100,,1,24,7200.0,47949.96,80.59648971003072,5.767822812673566,5.814624416296158,,"[3, 3, 3, 4, 4, 4, 3, 3, 4, 4, 3, 4, 3, 3, 3, 3, 3, 3, 3, 4, 3, 3, 3, 4, 3, 3, 4, 3, 3, 4, 3, 4, 3, 3, 3, 3, 3, 3, 3, 3, 3, 3, 3, 4, 3, 4, 3, 3, 3, 3, 3, 3, 4, 3, 4, 3, 4, 3, 4, 3, 3, 4, 3, 4, 4, 3, 4, 4, 4, 3, 4, 3, 4, 3, 3, 3, 4, 4, 3, 3, 4, 4, 3, 3, 3, 4, 3, 3, 4, 4, 4, 3, 3, 3, 3, 3, 3, 4, 3, 3]",0.6928200953713222
315,4,2,pivot_kg,3,2,40,12000.0,81217.0,136.74325667798985,10.715547937624091,0.8668992913456322,"[4, 5]",,
315,4,2,uniform_v2,3,2,40,12000.0,81217.0,136.74325667798985,10.715547937624091,0.8668992913456322,"[4, 5]",,
315,4,2,ivr_v2,3,2,40,12000.0,81217.0,136.74325667798985,10.715547937624091,0.8668992913456322,"[5, 4]",,
315,4,2,lucb_v2,3,2,40,12000.0,81217.0,136.74325667798985,10.715547937624091,0.8668992913456322,"[4, 5]",,
315,4,2,no_hf_v2,3,0,0,0.0,0.0,0.0,10.715547937624091,0.8668992913456322,[],,
315,4,2,proxy_only,3,0,0,0.0,0.0,0.0,10.715547937624091,0.8668992913456322,[],,
315,4,2,global_voi_heuristic,3,2,40,12000.0,80639.0,135.70029149891343,10.715547937624091,0.8668992913456322,"[4, 2]",,
315,4,2,uniform_v2_expected_100,,2,40,12000.0,79721.36,134.45207962508138,4.749173522242571,6.8332737067271525,,"[3, 4, 3, 4, 4, 4, 3, 3, 4, 4, 3, 4, 3, 3, 3, 4, 3, 4, 3, 3, 4, 3, 3, 4, 3, 3, 3, 3, 3, 4, 3, 4, 3, 3, 3, 4, 4, 3, 4, 3, 3, 3, 3, 4, 3, 3, 3, 3, 3, 4, 3, 3, 4, 4, 4, 3, 4, 4, 3, 3, 3, 3, 3, 3, 4, 3, 3, 4, 4, 3, 4, 3, 4, 3, 3, 3, 4, 4, 4, 4, 3, 3, 4, 3, 3, 3, 3, 3, 4, 4, 4, 4, 3, 3, 3, 4, 4, 3, 4, 4]",0.7193280301989946
315,4,4,pivot_kg,3,4,72,21600.0,144694.0,244.69854324386688,10.715547937624091,0.8668992913456322,"[4, 5, 1, 6]",,
315,4,4,uniform_v2,3,4,72,21600.0,144694.0,244.69854324386688,10.715547937624091,0.8668992913456322,"[4, 5, 1, 6]",,
315,4,4,ivr_v2,3,4,72,21600.0,144694.0,244.69854324386688,10.715547937624091,0.8668992913456322,"[5, 4, 1, 6]",,
315,4,4,lucb_v2,3,4,72,21600.0,143425.0,242.44113048695726,10.715547937624091,0.8668992913456322,"[4, 5, 3, 1]",,
315,4,4,no_hf_v2,3,0,0,0.0,0.0,0.0,10.715547937624091,0.8668992913456322,[],,
315,4,4,proxy_only,3,0,0,0.0,0.0,0.0,10.715547937624091,0.8668992913456322,[],,
315,4,4,global_voi_heuristic,3,4,72,21600.0,145550.0,245.2976979058003,10.715547937624091,0.8668992913456322,"[4, 2, 1, 5]",,
315,4,4,uniform_v2_expected_100,,4,72,21600.0,143125.74,241.99146485732635,7.2230360847178385,4.359411144251885,,"[3, 4, 3, 4, 4, 4, 3, 3, 3, 3, 3, 3, 3, 3, 4, 3, 3, 3, 3, 3, 4, 3, 3, 3, 3, 3, 3, 3, 4, 3, 3, 4, 4, 3, 3, 3, 3, 4, 3, 3, 3, 3, 3, 3, 4, 3, 3, 3, 3, 4, 3, 4, 3, 4, 4, 3, 4, 3, 3, 3, 3, 4, 4, 4, 3, 3, 3, 4, 3, 3, 3, 3, 3, 3, 3, 3, 3, 3, 3, 4, 3, 3, 3, 3, 4, 3, 3, 3, 3, 3, 4, 3, 3, 3, 3, 4, 3, 3, 3, 3]",0.6246280264278868
315,4,1,author_PIVOT_VOI_E5C,3,1,24,7200.0,48417.0,81.34188296092907,10.715547937624091,0.8668992913456322,[1],,
315,4,1,author_GlobalVOI_E5C,3,1,24,7200.0,48580.0,81.76989593403414,10.715547937624091,0.8668992913456322,[4],,
315,4,1,author_Uniform_E5C,3,1,24,7200.0,47346.0,80.04907820094377,10.715547937624091,0.8668992913456322,[6],,
315,4,1,author_LUCB_E5C,2,1,24,7200.0,46077.0,77.79166544403415,11.582447228969723,0.0,[3],,
315,4,2,author_PIVOT_VOI_E5C,3,2,40,12000.0,80476.0,135.27227852580836,10.715547937624091,0.8668992913456322,"[1, 2]",,
315,4,2,author_GlobalVOI_E5C,2,2,40,12000.0,78514.0,132.8437240800704,11.582447228969723,0.0,"[4, 3]",,
315,4,2,author_Uniform_E5C,3,2,40,12000.0,79620.0,134.67312386387493,10.715547937624091,0.8668992913456322,"[6, 1]",,
315,4,2,author_LUCB_E5C,4,2,40,12000.0,78136.0,131.72206100891344,-3.83658478281864,15.419032011788364,"[3, 2]",,
315,4,4,author_PIVOT_VOI_E5C,2,4,72,21600.0,142847.0,241.39816530788084,11.582447228969723,0.0,"[1, 2, 3, 4]",,
315,4,4,author_GlobalVOI_E5C,2,4,72,21600.0,141776.0,240.10536054789554,11.582447228969723,0.0,"[4, 3, 2, 6]",,
315,4,4,author_Uniform_E5C,3,4,72,21600.0,144694.0,244.69854324386688,10.715547937624091,0.8668992913456322,"[6, 1, 4, 5]",,
315,4,4,author_LUCB_E5C,2,4,72,21600.0,141776.0,240.10536054789554,11.582447228969723,0.0,"[3, 2, 4, 6]",,
315,12,1,pivot_kg,3,1,56,16800.0,115190.0,192.97257718502078,22.368846390407278,0.0,[4],,
315,12,1,uniform_v2,3,1,56,16800.0,115190.0,192.97257718502078,22.368846390407278,0.0,[4],,
315,12,1,ivr_v2,3,1,56,16800.0,115194.0,192.7173597009387,22.368846390407278,0.0,[5],,
315,12,1,lucb_v2,3,1,56,16800.0,115190.0,192.97257718502078,22.368846390407278,0.0,[4],,
315,12,1,no_hf_v2,3,0,0,0.0,0.0,0.0,22.368846390407278,0.0,[],,
315,12,1,proxy_only,3,0,0,0.0,0.0,0.0,22.368846390407278,0.0,[],,
315,12,1,global_voi_heuristic,3,1,56,16800.0,115190.0,192.97257718502078,22.368846390407278,0.0,[4],,
315,12,1,uniform_v2_expected_100,,1,56,16793.88,114249.27,191.4938745846902,22.368846390407274,3.552713678800501e-15,,"[3, 3, 3, 3, 3, 3, 3, 3, 3, 3, 3, 3, 3, 3, 3, 3, 3, 3, 3, 3, 3, 3, 3, 3, 3, 3, 3, 3, 3, 3, 3, 3, 3, 3, 3, 3, 3, 3, 3, 3, 3, 3, 3, 3, 3, 3, 3, 3, 3, 3, 3, 3, 3, 3, 3, 3, 3, 3, 3, 3, 3, 3, 3, 3, 3, 3, 3, 3, 3, 3, 3, 3, 3, 3, 3, 3, 3, 3, 3, 3, 3, 3, 3, 3, 3, 3, 3, 3, 3, 3, 3, 3, 3, 3, 3, 3, 3, 3, 3, 3]",3.5706115939831736e-16
315,12,2,pivot_kg,3,2,88,26400.0,180980.0,303.455126186891,22.368846390407278,0.0,"[4, 5]",,
315,12,2,uniform_v2,3,2,88,26400.0,180980.0,303.455126186891,22.368846390407278,0.0,"[4, 5]",,
315,12,2,ivr_v2,3,2,88,26400.0,180980.0,303.455126186891,22.368846390407278,0.0,"[5, 4]",,
315,12,2,lucb_v2,3,2,88,26400.0,180980.0,303.455126186891,22.368846390407278,0.0,"[4, 5]",,
315,12,2,no_hf_v2,3,0,0,0.0,0.0,0.0,22.368846390407278,0.0,[],,
315,12,2,proxy_only,3,0,0,0.0,0.0,0.0,22.368846390407278,0.0,[],,
315,12,2,global_voi_heuristic,3,2,88,26400.0,181381.0,304.2108399248682,22.368846390407278,0.0,"[4, 1]",,
315,12,2,uniform_v2_expected_100,,2,88,26387.4,179087.55,300.7806777990679,22.368846390407274,3.552713678800501e-15,,"[3, 3, 3, 3, 3, 3, 3, 3, 3, 3, 3, 3, 3, 3, 3, 3, 3, 3, 3, 3, 3, 3, 3, 3, 3, 3, 3, 3, 3, 3, 3, 3, 3, 3, 3, 3, 3, 3, 3, 3, 3, 3, 3, 3, 3, 3, 3, 3, 3, 3, 3, 3, 3, 3, 3, 3, 3, 3, 3, 3, 3, 3, 3, 3, 3, 3, 3, 3, 3, 3, 3, 3, 3, 3, 3, 3, 3, 3, 3, 3, 3, 3, 3, 3, 3, 3, 3, 3, 3, 3, 3, 3, 3, 3, 3, 3, 3, 3, 3, 3]",3.5706115939831736e-16
315,12,4,pivot_kg,3,4,152,45600.0,311551.0,523.7400888229022,22.368846390407278,0.0,"[4, 5, 6, 1]",,
315,12,4,uniform_v2,3,4,152,45600.0,311551.0,523.7400888229022,22.368846390407278,0.0,"[4, 5, 1, 6]",,
315,12,4,ivr_v2,3,4,152,45600.0,311551.0,523.7400888229022,22.368846390407278,0.0,"[5, 4, 6, 1]",,
315,12,4,lucb_v2,3,4,152,45564.0,307952.0,518.6241702841362,22.368846390407278,0.0,"[4, 5, 3, 6]",,
315,12,4,no_hf_v2,3,0,0,0.0,0.0,0.0,22.368846390407278,0.0,[],,
315,12,4,proxy_only,3,0,0,0.0,0.0,0.0,22.368846390407278,0.0,[],,
315,12,4,global_voi_heuristic,3,4,152,45564.0,309763.0,520.8157331278198,22.368846390407278,0.0,"[4, 1, 3, 5]",,
315,12,4,uniform_v2_expected_100,,4,152,45574.8,308586.34,519.1440008731967,22.368846390407274,3.552713678800501e-15,,"[3, 3, 3, 3, 3, 3, 3, 3, 3, 3, 3, 3, 3, 3, 3, 3, 3, 3, 3, 3, 3, 3, 3, 3, 3, 3, 3, 3, 3, 3, 3, 3, 3, 3, 3, 3, 3, 3, 3, 3, 3, 3, 3, 3, 3, 3, 3, 3, 3, 3, 3, 3, 3, 3, 3, 3, 3, 3, 3, 3, 3, 3, 3, 3, 3, 3, 3, 3, 3, 3, 3, 3, 3, 3, 3, 3, 3, 3, 3, 3, 3, 3, 3, 3, 3, 3, 3, 3, 3, 3, 3, 3, 3, 3, 3, 3, 3, 3, 3, 3]",3.5706115939831736e-16
315,12,1,author_PIVOT_VOI_E5C,3,1,56,16800.0,115595.0,193.4730734389159,22.368846390407278,0.0,[1],,
315,12,1,author_GlobalVOI_E5C,3,1,56,16800.0,115190.0,192.97257718502078,22.368846390407278,0.0,[4],,
315,12,1,author_Uniform_E5C,6,1,56,16800.0,113784.0,191.28151059523225,21.62819474306499,0.7406516473422862,[6],,
315,12,1,author_LUCB_E5C,2,1,56,16764.0,111996.0,188.3571549001499,-6.911391906891245,29.280238297298524,[3],,
315,12,2,author_PIVOT_VOI_E5C,3,2,88,26400.0,179693.0,301.2646778039634,22.368846390407278,0.0,"[1, 2]",,
315,12,2,author_GlobalVOI_E5C,2,2,88,26364.0,177782.0,299.0949213861022,-6.911391906891245,29.280238297298524,"[4, 3]",,
315,12,2,author_Uniform_E5C,6,2,88,26400.0,179975.0,302.51977333507966,21.62819474306499,0.7406516473422862,"[6, 1]",,
315,12,2,author_LUCB_E5C,4,2,88,26364.0,176094.0,296.14875926519744,-3.83658478281864,26.205431173225918,"[3, 2]",,
315,12,4,author_PIVOT_VOI_E5C,0,4,152,45564.0,308071.0,518.1247884909972,0.0,22.368846390407278,"[1, 2, 3, 4]",,
315,12,4,author_GlobalVOI_E5C,6,4,152,45564.0,306260.0,515.9332256473135,21.62819474306499,0.7406516473422862,"[4, 3, 2, 6]",,
315,12,4,author_Uniform_E5C,6,4,152,45600.0,311551.0,523.7400888229022,21.62819474306499,0.7406516473422862,"[6, 1, 4, 5]",,
315,12,4,author_LUCB_E5C,6,4,152,45564.0,306260.0,515.9332256473135,21.62819474306499,0.7406516473422862,"[3, 2, 4, 6]",,
316,4,1,pivot_kg,6,1,24,7200.0,44954.0,75.97052553022513,16.547886326791552,9.859092026235668,[5],,
316,4,1,uniform_v2,5,1,24,7200.0,46058.0,78.10817431402393,12.460698400193118,13.946279952834102,[1],,
316,4,1,ivr_v2,6,1,24,7200.0,44954.0,75.97052553022513,16.547886326791552,9.859092026235668,[5],,
316,4,1,lucb_v2,6,1,24,7200.0,44954.0,75.97052553022513,16.547886326791552,9.859092026235668,[5],,
316,4,1,no_hf_v2,6,0,0,0.0,0.0,0.0,16.547886326791552,9.859092026235668,[],,
316,4,1,proxy_only,6,0,0,0.0,0.0,0.0,16.547886326791552,9.859092026235668,[],,
316,4,1,global_voi_heuristic,6,1,24,7200.0,43025.0,73.41385204019025,16.547886326791552,9.859092026235668,[4],,
316,4,1,uniform_v2_expected_100,,1,24,7199.28,45138.41,76.37639855822664,15.812192500003835,10.594785853023385,,"[6, 5, 6, 5, 6, 6, 6, 6, 6, 6, 5, 6, 6, 6, 6, 6, 6, 6, 6, 6, 6, 6, 6, 6, 6, 6, 6, 6, 5, 5, 6, 5, 6, 6, 5, 6, 5, 6, 6, 5, 6, 6, 6, 6, 6, 6, 6, 6, 6, 6, 6, 6, 5, 6, 6, 6, 6, 5, 6, 6, 6, 6, 6, 6, 6, 5, 5, 6, 6, 6, 6, 6, 6, 6, 6, 6, 6, 5, 6, 6, 6, 6, 6, 6, 6, 6, 6, 5, 5, 6, 6, 6, 6, 6, 6, 6, 6, 5, 6, 5]",0.15781569354392336
316,4,2,pivot_kg,5,2,40,11996.0,75459.0,127.71224588115001,12.460698400193118,13.946279952834102,"[5, 6]",,
316,4,2,uniform_v2,6,2,40,11996.0,76563.0,129.8498946649488,16.547886326791552,9.859092026235668,"[1, 6]",,
316,4,2,ivr_v2,6,2,40,12000.0,73205.0,124.6504404922598,16.547886326791552,9.859092026235668,"[5, 4]",,
316,4,2,lucb_v2,5,2,40,11996.0,75459.0,127.71224588115001,12.460698400193118,13.946279952834102,"[5, 6]",,
316,4,2,no_hf_v2,6,0,0,0.0,0.0,0.0,16.547886326791552,9.859092026235668,[],,
316,4,2,proxy_only,6,0,0,0.0,0.0,0.0,16.547886326791552,9.859092026235668,[],,
316,4,2,global_voi_heuristic,6,2,40,12000.0,73844.0,125.7148214521003,16.547886326791552,9.859092026235668,"[4, 2]",,
316,4,2,uniform_v2_expected_100,,2,40,11998.48,75606.22,128.12942579719063,15.771320620737846,10.635657732289374,,"[5, 5, 6, 5, 6, 6, 6, 6, 6, 6, 6, 6, 6, 6, 6, 6, 6, 6, 6, 5, 6, 6, 6, 6, 6, 6, 6, 6, 5, 5, 6, 6, 6, 6, 6, 6, 5, 6, 5, 6, 6, 6, 6, 6, 5, 6, 6, 6, 6, 6, 6, 6, 6, 6, 5, 6, 5, 5, 6, 6, 6, 6, 6, 6, 6, 5, 5, 6, 6, 6, 6, 6, 6, 6, 6, 5, 5, 5, 6, 6, 6, 6, 6, 6, 6, 6, 6, 6, 6, 5, 6, 6, 6, 6, 6, 6, 6, 6, 6, 5]",0.16114851930591495
316,4,4,pivot_kg,5,4,72,21596.0,134994.0,229.76639807905303,12.460698400193118,13.946279952834102,"[5, 6, 4, 1]",,
316,4,4,uniform_v2,6,4,72,21596.0,138333.0,234.3551485039643,16.547886326791552,9.859092026235668,"[1, 6, 3, 2]",,
316,4,4,ivr_v2,5,4,72,21596.0,134994.0,229.76639807905303,12.460698400193118,13.946279952834102,"[5, 4, 1, 6]",,
316,4,4,lucb_v2,5,4,72,21596.0,134994.0,229.76639807905303,12.460698400193118,13.946279952834102,"[5, 6, 4, 1]",,
316,4,4,no_hf_v2,6,0,0,0.0,0.0,0.0,16.547886326791552,9.859092026235668,[],,
316,4,4,proxy_only,6,0,0,0.0,0.0,0.0,16.547886326791552,9.859092026235668,[],,
316,4,4,global_voi_heuristic,6,4,72,21600.0,136079.0,231.2933431150741,16.547886326791552,9.859092026235668,"[4, 2, 3, 1]",,
316,4,4,uniform_v2_expected_100,,4,72,21597.08,136388.73,231.4933550455753,13.972957933034538,12.434020419992683,,"[5, 5, 6, 5, 5, 5, 5, 5, 6, 5, 5, 5, 6, 5, 6, 6, 5, 6, 5, 5, 6, 5, 6, 6, 5, 6, 5, 5, 5, 5, 5, 6, 6, 6, 5, 6, 5, 5, 5, 6, 5, 5, 5, 6, 5, 6, 5, 6, 5, 6, 5, 5, 6, 5, 5, 6, 5, 5, 5, 5, 5, 5, 5, 6, 6, 5, 6, 5, 6, 5, 6, 5, 6, 5, 5, 5, 5, 5, 5, 6, 5, 6, 6, 5, 5, 5, 6, 6, 5, 5, 5, 6, 6, 5, 5, 6, 6, 5, 6, 5]",0.19832531203140574
316,4,1,author_PIVOT_VOI_E5C,6,1,24,7200.0,46058.0,78.10817431402393,16.547886326791552,9.859092026235668,[1],,
316,4,1,author_GlobalVOI_E5C,6,1,24,7200.0,45725.0,76.93822150526103,16.547886326791552,9.859092026235668,[3],,
316,4,1,author_Uniform_E5C,6,1,24,7200.0,43025.0,73.41385204019025,16.547886326791552,9.859092026235668,[4],,
316,4,1,author_LUCB_E5C,5,1,24,7196.0,45279.0,76.47565742908046,12.460698400193118,13.946279952834102,[6],,
316,4,2,author_PIVOT_VOI_E5C,2,2,40,12000.0,76877.0,130.40914372593397,26.40697835302722,0.0,"[1, 2]",,
316,4,2,author_GlobalVOI_E5C,6,2,40,12000.0,73976.0,125.6181364672957,16.547886326791552,9.859092026235668,"[3, 4]",,
316,4,2,author_Uniform_E5C,2,2,40,12000.0,73844.0,125.7148214521003,26.40697835302722,0.0,"[4, 2]",,
316,4,2,author_LUCB_E5C,5,2,40,11996.0,75459.0,127.71224588115001,12.460698400193118,13.946279952834102,"[6, 5]",,
316,4,4,author_PIVOT_VOI_E5C,2,4,72,21600.0,136079.0,231.2933431150741,26.40697835302722,0.0,"[1, 2, 3, 4]",,
316,4,4,author_GlobalVOI_E5C,2,4,72,21600.0,136079.0,231.2933431150741,26.40697835302722,0.0,"[3, 4, 2, 1]",,
316,4,4,author_Uniform_E5C,2,4,72,21600.0,136079.0,231.2933431150741,26.40697835302722,0.0,"[4, 2, 3, 1]",,
316,4,4,author_LUCB_E5C,5,4,72,21596.0,134661.0,228.59644527029013,12.460698400193118,13.946279952834102,"[6, 5, 4, 3]",,
316,12,1,pivot_kg,6,1,56,16800.0,112123.0,188.49534932518145,33.54425959236341,3.223405069822178,[5],,
316,12,1,uniform_v2,6,1,56,16800.0,114896.0,193.68258679204155,33.54425959236341,3.223405069822178,[1],,
316,12,1,ivr_v2,6,1,56,16800.0,112123.0,188.49534932518145,33.54425959236341,3.223405069822178,[5],,
316,12,1,lucb_v2,6,1,56,16800.0,112123.0,188.49534932518145,33.54425959236341,3.223405069822178,[5],,
316,12,1,no_hf_v2,6,0,0,0.0,0.0,0.0,33.54425959236341,3.223405069822178,[],,
316,12,1,proxy_only,6,0,0,0.0,0.0,0.0,33.54425959236341,3.223405069822178,[],,
316,12,1,global_voi_heuristic,6,1,56,16800.0,107797.0,182.50480715732556,33.54425959236341,3.223405069822178,[4],,
316,12,1,uniform_v2_expected_100,,1,56,16800.0,110381.92,186.16009810293676,33.5442595923634,3.223405069822185,,"[6, 6, 6, 6, 6, 6, 6, 6, 6, 6, 6, 6, 6, 6, 6, 6, 6, 6, 6, 6, 6, 6, 6, 6, 6, 6, 6, 6, 6, 6, 6, 6, 6, 6, 6, 6, 6, 6, 6, 6, 6, 6, 6, 6, 6, 6, 6, 6, 6, 6, 6, 6, 6, 6, 6, 6, 6, 6, 6, 6, 6, 6, 6, 6, 6, 6, 6, 6, 6, 6, 6, 6, 6, 6, 6, 6, 6, 6, 6, 6, 6, 6, 6, 6, 6, 6, 6, 6, 6, 6, 6, 6, 6, 6, 6, 6, 6, 6, 6, 6]",7.141223187966347e-16
316,12,2,pivot_kg,6,2,88,26400.0,172597.0,291.5986264254316,33.54425959236341,3.223405069822178,"[5, 4]",,
316,12,2,uniform_v2,6,2,88,26400.0,177186.0,298.9775886950665,33.54425959236341,3.223405069822178,"[1, 6]",,
316,12,2,ivr_v2,6,2,88,26400.0,172597.0,291.5986264254316,33.54425959236341,3.223405069822178,"[5, 4]",,
316,12,2,lucb_v2,6,2,88,26400.0,172597.0,291.5986264254316,33.54425959236341,3.223405069822178,"[5, 4]",,
316,12,2,no_hf_v2,6,0,0,0.0,0.0,0.0,33.54425959236341,3.223405069822178,[],,
316,12,2,proxy_only,6,0,0,0.0,0.0,0.0,33.54425959236341,3.223405069822178,[],,
316,12,2,global_voi_heuristic,6,2,88,26400.0,169111.0,286.24550877627917,33.54425959236341,3.223405069822178,"[4, 3]",,
316,12,2,uniform_v2_expected_100,,2,88,26400.0,173560.02,293.0096211861848,33.5442595923634,3.223405069822185,,"[6, 6, 6, 6, 6, 6, 6, 6, 6, 6, 6, 6, 6, 6, 6, 6, 6, 6, 6, 6, 6, 6, 6, 6, 6, 6, 6, 6, 6, 6, 6, 6, 6, 6, 6, 6, 6, 6, 6, 6, 6, 6, 6, 6, 6, 6, 6, 6, 6, 6, 6, 6, 6, 6, 6, 6, 6, 6, 6, 6, 6, 6, 6, 6, 6, 6, 6, 6, 6, 6, 6, 6, 6, 6, 6, 6, 6, 6, 6, 6, 6, 6, 6, 6, 6, 6, 6, 6, 6, 6, 6, 6, 6, 6, 6, 6, 6, 6, 6, 6]",7.141223187966347e-16
316,12,4,pivot_kg,6,4,152,45600.0,302460.0,511.17468506342266,33.54425959236341,3.223405069822178,"[5, 4, 6, 1]",,
316,12,4,uniform_v2,6,4,152,45600.0,301002.0,508.5786841780646,33.54425959236341,3.223405069822178,"[1, 6, 3, 2]",,
316,12,4,ivr_v2,6,4,152,45600.0,302460.0,511.17468506342266,33.54425959236341,3.223405069822178,"[5, 4, 6, 1]",,
316,12,4,lucb_v2,6,4,152,45600.0,302460.0,511.17468506342266,33.54425959236341,3.223405069822178,"[5, 4, 6, 1]",,
316,12,4,no_hf_v2,6,0,0,0.0,0.0,0.0,33.54425959236341,3.223405069822178,[],,
316,12,4,proxy_only,6,0,0,0.0,0.0,0.0,33.54425959236341,3.223405069822178,[],,
316,12,4,global_voi_heuristic,6,4,152,45600.0,299186.0,506.38695937528973,33.54425959236341,3.223405069822178,"[4, 3, 2, 1]",,
316,12,4,uniform_v2_expected_100,,4,152,45600.0,300104.98,507.16570817920615,33.5442595923634,3.223405069822185,,"[6, 6, 6, 6, 6, 6, 6, 6, 6, 6, 6, 6, 6, 6, 6, 6, 6, 6, 6, 6, 6, 6, 6, 6, 6, 6, 6, 6, 6, 6, 6, 6, 6, 6, 6, 6, 6, 6, 6, 6, 6, 6, 6, 6, 6, 6, 6, 6, 6, 6, 6, 6, 6, 6, 6, 6, 6, 6, 6, 6, 6, 6, 6, 6, 6, 6, 6, 6, 6, 6, 6, 6, 6, 6, 6, 6, 6, 6, 6, 6, 6, 6, 6, 6, 6, 6, 6, 6, 6, 6, 6, 6, 6, 6, 6, 6, 6, 6, 6, 6]",7.141223187966347e-16
316,12,1,author_PIVOT_VOI_E5C,6,1,56,16800.0,114896.0,193.68258679204155,33.54425959236341,3.223405069822178,[1],,
316,12,1,author_GlobalVOI_E5C,6,1,56,16800.0,108637.0,183.14223167602904,33.54425959236341,3.223405069822178,[3],,
316,12,1,author_Uniform_E5C,6,1,56,16800.0,107797.0,182.50480715732556,33.54425959236341,3.223405069822178,[4],,
316,12,1,author_LUCB_E5C,5,1,56,16800.0,109613.0,184.6965319601004,0.235089098871347,36.53257556331424,[6],,
316,12,2,author_PIVOT_VOI_E5C,6,2,88,26400.0,177398.0,299.542980656086,33.54425959236341,3.223405069822178,"[1, 2]",,
316,12,2,author_GlobalVOI_E5C,6,2,88,26400.0,169111.0,286.24550877627917,33.54425959236341,3.223405069822178,"[3, 4]",,
316,12,2,author_Uniform_E5C,6,2,88,26400.0,170299.0,288.36520102137,33.54425959236341,3.223405069822178,"[4, 2]",,
316,12,2,author_LUCB_E5C,5,2,88,26400.0,174413.0,293.7903512282064,0.235089098871347,36.53257556331424,"[6, 5]",,
316,12,4,author_PIVOT_VOI_E5C,6,4,152,45600.0,299186.0,506.38695937528973,33.54425959236341,3.223405069822178,"[1, 2, 3, 4]",,
316,12,4,author_GlobalVOI_E5C,6,4,152,45600.0,299186.0,506.38695937528973,33.54425959236341,3.223405069822178,"[3, 4, 2, 1]",,
316,12,4,author_Uniform_E5C,6,4,152,45600.0,299186.0,506.38695937528973,33.54425959236341,3.223405069822178,"[4, 2, 3, 1]",,
316,12,4,author_LUCB_E5C,5,4,152,45600.0,296201.0,500.63432994741015,0.235089098871347,36.53257556331424,"[6, 5, 4, 3]",,
317,4,1,pivot_kg,6,1,24,7200.0,47002.0,79.28923883481184,4.0618457986370915,8.21518715179894,[5],,
317,4,1,uniform_v2,6,1,24,7200.0,46786.0,79.425139406987,4.0618457986370915,8.21518715179894,[2],,
317,4,1,ivr_v2,6,1,24,7200.0,47002.0,79.28923883481184,4.0618457986370915,8.21518715179894,[5],,
317,4,1,lucb_v2,6,1,24,7200.0,47002.0,79.28923883481184,4.0618457986370915,8.21518715179894,[5],,
317,4,1,no_hf_v2,6,0,0,0.0,0.0,0.0,4.0618457986370915,8.21518715179894,[],,
317,4,1,proxy_only,6,0,0,0.0,0.0,0.0,4.0618457986370915,8.21518715179894,[],,
317,4,1,global_voi_heuristic,6,1,24,7200.0,46786.0,79.425139406987,4.0618457986370915,8.21518715179894,[2],,
317,4,1,uniform_v2_expected_100,,1,24,7199.62,47715.24,80.74447014386125,3.9520843935679513,8.32494855686808,,"[6, 6, 6, 6, 3, 6, 3, 6, 6, 6, 6, 6, 6, 6, 3, 6, 6, 6, 6, 3, 6, 6, 6, 6, 6, 6, 6, 6, 6, 6, 6, 6, 6, 3, 6, 6, 6, 6, 6, 6, 6, 6, 6, 6, 6, 6, 6, 6, 6, 6, 6, 3, 6, 6, 6, 3, 6, 6, 3, 6, 3, 6, 6, 6, 6, 6, 6, 6, 6, 3, 6, 6, 6, 6, 6, 6, 6, 6, 6, 6, 3, 3, 6, 6, 6, 6, 6, 6, 3, 6, 6, 6, 6, 3, 6, 6, 6, 6, 6, 6]",0.0273411808985436
317,4,2,pivot_kg,6,2,40,12000.0,78806.0,133.6319634577958,4.0618457986370915,8.21518715179894,"[5, 4]",,
317,4,2,uniform_v2,3,2,40,12000.0,79448.0,134.71409239299828,3.2778357624289467,8.999197188007084,"[2, 6]",,
317,4,2,ivr_v2,6,2,40,12000.0,78806.0,133.6319634577958,4.0618457986370915,8.21518715179894,"[5, 4]",,
317,4,2,lucb_v2,3,2,40,12000.0,79664.0,134.57819182082312,3.2778357624289467,8.999197188007084,"[5, 6]",,
317,4,2,no_hf_v2,6,0,0,0.0,0.0,0.0,4.0618457986370915,8.21518715179894,[],,
317,4,2,proxy_only,6,0,0,0.0,0.0,0.0,4.0618457986370915,8.21518715179894,[],,
317,4,2,global_voi_heuristic,6,2,40,11998.0,77989.0,132.42106115393108,4.0618457986370915,8.21518715179894,"[2, 3]",,
317,4,2,uniform_v2_expected_100,,2,40,11999.26,79568.35,134.9712628168741,3.8188026874125667,8.458230263023463,,"[6, 6, 3, 3, 3, 6, 3, 3, 6, 6, 6, 6, 6, 6, 3, 3, 6, 6, 3, 3, 3, 6, 6, 6, 6, 6, 6, 6, 3, 6, 6, 6, 3, 3, 6, 6, 3, 6, 6, 6, 6, 3, 6, 3, 6, 6, 6, 3, 6, 6, 6, 3, 6, 6, 6, 3, 6, 6, 3, 6, 3, 6, 3, 6, 3, 6, 3, 6, 6, 3, 6, 6, 6, 6, 6, 6, 6, 6, 6, 6, 3, 3, 3, 6, 6, 3, 6, 6, 3, 6, 6, 6, 6, 3, 6, 6, 6, 6, 6, 6]",0.03644260528523706
317,4,4,pivot_kg,3,4,72,21600.0,144925.0,246.12022134306608,3.2778357624289467,8.999197188007084,"[5, 4, 6, 1]",,
317,4,4,uniform_v2,3,4,72,21600.0,143904.0,244.46394866408082,3.2778357624289467,8.999197188007084,"[2, 6, 5, 1]",,
317,4,4,ivr_v2,3,4,72,21600.0,144925.0,246.12022134306608,3.2778357624289467,8.999197188007084,"[5, 4, 1, 6]",,
317,4,4,lucb_v2,3,4,72,21598.0,142671.0,241.91683819075115,3.2778357624289467,8.999197188007084,"[5, 6, 3, 4]",,
317,4,4,no_hf_v2,6,0,0,0.0,0.0,0.0,4.0618457986370915,8.21518715179894,[],,
317,4,4,proxy_only,6,0,0,0.0,0.0,0.0,4.0618457986370915,8.21518715179894,[],,
317,4,4,global_voi_heuristic,3,4,72,21598.0,141650.0,240.2605655117659,3.2778357624289467,8.999197188007084,"[2, 3, 5, 6]",,
317,4,4,uniform_v2_expected_100,,4,72,21598.58,143261.92,243.43254278240377,3.5679194758259603,8.70911347461007,,"[3, 3, 3, 3, 3, 3, 3, 3, 6, 6, 6, 6, 6, 3, 3, 3, 3, 3, 3, 3, 3, 6, 3, 6, 3, 3, 6, 6, 3, 6, 3, 6, 3, 3, 6, 3, 3, 3, 6, 3, 3, 3, 6, 3, 6, 6, 6, 3, 6, 3, 6, 3, 3, 6, 6, 3, 3, 6, 3, 3, 3, 6, 3, 6, 3, 3, 3, 3, 3, 3, 6, 3, 3, 3, 3, 3, 3, 6, 6, 6, 3, 3, 3, 6, 6, 3, 6, 3, 3, 6, 6, 3, 3, 3, 6, 6, 3, 3, 6, 6]",0.038043035421701274
317,4,1,author_PIVOT_VOI_E5C,6,1,24,7200.0,49460.0,83.93799236224731,4.0618457986370915,8.21518715179894,[1],,
317,4,1,author_GlobalVOI_E5C,6,1,24,7198.0,47206.0,79.73460920993239,4.0618457986370915,8.21518715179894,[3],,
317,4,1,author_Uniform_E5C,6,1,24,7200.0,46786.0,79.425139406987,4.0618457986370915,8.21518715179894,[2],,
317,4,1,author_LUCB_E5C,3,1,24,7200.0,48665.0,82.02764044899959,3.2778357624289467,8.999197188007084,[6],,
317,4,2,author_PIVOT_VOI_E5C,6,2,40,12000.0,80243.0,136.624444306246,4.0618457986370915,8.21518715179894,"[1, 2]",,
317,4,2,author_GlobalVOI_E5C,6,2,40,11998.0,77989.0,132.42106115393108,4.0618457986370915,8.21518715179894,"[3, 2]",,
317,4,2,author_Uniform_E5C,5,2,40,12000.0,77785.0,131.97569077881053,6.672220954094191,5.60481199634184,"[2, 5]",,
317,4,2,author_LUCB_E5C,3,2,40,11998.0,79868.0,135.02356219594367,3.2778357624289467,8.999197188007084,"[6, 3]",,
317,4,4,author_PIVOT_VOI_E5C,6,4,72,21598.0,143250.0,243.96309067617403,4.0618457986370915,8.21518715179894,"[1, 2, 3, 4]",,
317,4,4,author_GlobalVOI_E5C,5,4,72,21598.0,141650.0,240.2605655117659,6.672220954094191,5.60481199634184,"[3, 2, 6, 5]",,
317,4,4,author_Uniform_E5C,5,4,72,21600.0,143904.0,244.46394866408082,6.672220954094191,5.60481199634184,"[2, 5, 1, 6]",,
317,4,4,author_LUCB_E5C,5,4,72,21598.0,141650.0,240.2605655117659,6.672220954094191,5.60481199634184,"[6, 3, 5, 2]",,
317,12,1,pivot_kg,6,1,56,16632.0,109858.0,186.1523853377439,-0.006632380356401235,10.847071575167014,[5],,
317,12,1,uniform_v2,6,1,56,16797.0,110960.0,188.0343279618537,-0.006632380356401235,10.847071575167014,[2],,
317,12,1,ivr_v2,6,1,56,16632.0,109858.0,186.1523853377439,-0.006632380356401235,10.847071575167014,[5],,
317,12,1,lucb_v2,6,1,56,16632.0,109858.0,186.1523853377439,-0.006632380356401235,10.847071575167014,[5],,
317,12,1,no_hf_v2,6,0,0,0.0,0.0,0.0,-0.006632380356401235,10.847071575167014,[],,
317,12,1,proxy_only,6,0,0,0.0,0.0,0.0,-0.006632380356401235,10.847071575167014,[],,
317,12,1,global_voi_heuristic,6,1,56,16697.0,108766.0,184.75093726289924,-0.006632380356401235,10.847071575167014,[3],,
317,12,1,uniform_v2_expected_100,,1,56,16753.01,110755.67,187.94053684097656,-0.9209286470115475,11.76136784182216,,"[6, 6, 6, 6, 3, 6, 3, 6, 6, 6, 6, 6, 6, 6, 3, 6, 6, 6, 6, 3, 6, 6, 6, 6, 6, 6, 6, 6, 6, 6, 6, 6, 6, 3, 6, 6, 6, 6, 6, 6, 6, 6, 6, 6, 6, 6, 6, 6, 6, 6, 6, 3, 6, 6, 6, 3, 6, 6, 3, 6, 3, 6, 6, 6, 6, 6, 6, 6, 6, 3, 6, 6, 6, 6, 6, 6, 6, 6, 6, 6, 3, 3, 6, 6, 6, 6, 6, 6, 3, 6, 6, 6, 6, 3, 6, 6, 6, 6, 6, 6]",0.22774799216295422
317,12,2,pivot_kg,3,2,88,26232.0,173411.0,293.725451452774,-6.537319999321731,17.377759194132345,"[5, 6]",,
317,12,2,uniform_v2,3,2,88,26397.0,174513.0,295.6073940768838,-6.537319999321731,17.377759194132345,"[2, 6]",,
317,12,2,ivr_v2,6,2,88,26232.0,172224.0,292.7598215045873,-0.006632380356401235,10.847071575167014,"[5, 4]",,
317,12,2,lucb_v2,6,2,88,26232.0,172224.0,292.7598215045873,-0.006632380356401235,10.847071575167014,"[5, 4]",,
317,12,2,no_hf_v2,6,0,0,0.0,0.0,0.0,-0.006632380356401235,10.847071575167014,[],,
317,12,2,proxy_only,6,0,0,0.0,0.0,0.0,-0.006632380356401235,10.847071575167014,[],,
317,12,2,global_voi_heuristic,6,2,88,26294.0,171441.0,291.2356546988012,-0.006632380356401235,10.847071575167014,"[3, 2]",,
317,12,2,uniform_v2_expected_100,,2,88,26305.52,173370.62,294.5769818365097,-2.031145542235653,12.871584737046264,,"[6, 6, 3, 3, 3, 6, 3, 3, 6, 6, 6, 6, 6, 6, 3, 3, 6, 6, 3, 3, 3, 6, 6, 6, 6, 6, 6, 6, 3, 6, 6, 6, 3, 3, 6, 6, 3, 6, 6, 6, 6, 3, 6, 3, 6, 6, 6, 3, 6, 6, 6, 3, 6, 6, 6, 3, 6, 6, 3, 6, 3, 6, 3, 6, 3, 6, 3, 6, 6, 3, 6, 6, 6, 6, 6, 6, 6, 6, 6, 6, 3, 3, 3, 6, 6, 3, 6, 6, 3, 6, 6, 6, 6, 3, 6, 6, 6, 6, 6, 6]",0.3035615108834568
317,12,4,pivot_kg,3,4,152,45432.0,300973.0,511.85030790563906,-6.537319999321731,17.377759194132345,"[5, 6, 4, 1]",,
317,12,4,uniform_v2,3,4,152,45429.0,301282.0,511.72758917469764,-6.537319999321731,17.377759194132345,"[2, 6, 5, 1]",,
317,12,4,ivr_v2,3,4,152,45432.0,300973.0,511.85030790563906,-6.537319999321731,17.377759194132345,"[5, 4, 6, 1]",,
317,12,4,lucb_v2,3,4,152,45329.0,296258.0,503.5342143565649,-6.537319999321731,17.377759194132345,"[5, 4, 6, 3]",,
317,12,4,no_hf_v2,6,0,0,0.0,0.0,0.0,-0.006632380356401235,10.847071575167014,[],,
317,12,4,proxy_only,6,0,0,0.0,0.0,0.0,-0.006632380356401235,10.847071575167014,[],,
317,12,4,global_voi_heuristic,3,4,152,45326.0,296567.0,503.4114956256235,-6.537319999321731,17.377759194132345,"[3, 2, 5, 6]",,
317,12,4,uniform_v2_expected_100,,4,152,45414.04,298760.33,508.10530989705234,-4.120965580304559,14.96140477511517,,"[3, 3, 3, 3, 3, 3, 3, 3, 6, 6, 6, 6, 6, 3, 3, 3, 3, 3, 3, 3, 3, 6, 3, 6, 3, 3, 6, 6, 3, 6, 3, 6, 3, 3, 6, 3, 3, 3, 6, 3, 3, 3, 6, 3, 6, 6, 6, 3, 6, 3, 6, 3, 3, 6, 6, 3, 3, 6, 3, 3, 3, 6, 3, 6, 3, 3, 3, 3, 3, 3, 6, 3, 3, 3, 3, 3, 3, 6, 6, 6, 3, 3, 3, 6, 6, 3, 6, 3, 3, 6, 6, 3, 3, 3, 6, 6, 3, 3, 6, 6]",0.31689285716031884
317,12,1,author_PIVOT_VOI_E5C,6,1,56,16800.0,113481.0,193.06703081197338,-0.006632380356401235,10.847071575167014,[1],,
317,12,1,author_GlobalVOI_E5C,6,1,56,16697.0,108766.0,184.75093726289924,-0.006632380356401235,10.847071575167014,[3],,
317,12,1,author_Uniform_E5C,6,1,56,16797.0,110960.0,188.0343279618537,-0.006632380356401235,10.847071575167014,[2],,
317,12,1,author_LUCB_E5C,3,1,56,16800.0,111838.0,189.1226766409818,-6.537319999321731,17.377759194132345,[6],,
317,12,2,author_PIVOT_VOI_E5C,6,2,88,26397.0,176156.0,299.55174824787537,-0.006632380356401235,10.847071575167014,"[1, 2]",,
317,12,2,author_GlobalVOI_E5C,6,2,88,26294.0,171441.0,291.2356546988012,-0.006632380356401235,10.847071575167014,"[3, 2]",,
317,12,2,author_Uniform_E5C,6,2,88,26229.0,172533.0,292.6371027736459,-0.006632380356401235,10.847071575167014,"[2, 5]",,
317,12,2,author_LUCB_E5C,3,2,88,26297.0,172319.0,292.32400337792933,-6.537319999321731,17.377759194132345,"[6, 3]",,
317,12,4,author_PIVOT_VOI_E5C,6,4,152,45494.0,299003.0,509.3605111516663,-0.006632380356401235,10.847071575167014,"[1, 2, 3, 4]",,
317,12,4,author_GlobalVOI_E5C,3,4,152,45326.0,296567.0,503.4114956256235,-6.537319999321731,17.377759194132345,"[3, 2, 6, 5]",,
317,12,4,author_Uniform_E5C,5,4,152,45429.0,301282.0,511.72758917469764,-9.015957839190659,19.85639703400127,"[2, 5, 1, 6]",,
317,12,4,author_LUCB_E5C,3,4,152,45326.0,296567.0,503.4114956256235,-6.537319999321731,17.377759194132345,"[6, 3, 2, 5]",,
318,4,1,pivot_kg,3,1,24,7200.0,50290.0,84.83650798280723,4.355434350701103,13.983919035272422,[5],,
318,4,1,uniform_v2,6,1,24,7200.0,50903.0,85.73204562300816,17.85578613759199,0.483567248381533,[1],,
318,4,1,ivr_v2,3,1,24,7200.0,50290.0,84.83650798280723,4.355434350701103,13.983919035272422,[5],,
318,4,1,lucb_v2,3,1,24,7200.0,50290.0,84.83650798280723,4.355434350701103,13.983919035272422,[5],,
318,4,1,no_hf_v2,5,0,0,0.0,0.0,0.0,18.339353385973524,0.0,[],,
318,4,1,proxy_only,5,0,0,0.0,0.0,0.0,18.339353385973524,0.0,[],,
318,4,1,global_voi_heuristic,6,1,24,7200.0,49977.0,83.80303174216533,17.85578613759199,0.483567248381533,[4],,
318,4,1,uniform_v2_expected_100,,1,24,7200.0,50672.11,85.00987150367583,6.912370105398468,11.426983280575056,,"[6, 6, 5, 4, 5, 6, 4, 6, 5, 4, 4, 5, 4, 6, 6, 6, 6, 6, 5, 4, 5, 6, 6, 3, 6, 6, 6, 6, 6, 6, 4, 4, 6, 5, 3, 4, 4, 3, 6, 4, 3, 4, 4, 6, 5, 6, 4, 6, 4, 4, 4, 4, 4, 3, 6, 4, 6, 4, 6, 4, 6, 4, 5, 4, 4, 4, 3, 6, 5, 5, 5, 6, 3, 4, 4, 6, 6, 6, 6, 6, 4, 4, 6, 3, 6, 4, 4, 5, 6, 4, 5, 6, 4, 5, 3, 6, 5, 6, 6, 6]",1.3464688813594408
318,4,2,pivot_kg,3,2,40,12000.0,82982.0,140.06335054995725,4.355434350701103,13.983919035272422,"[5, 4]",,
318,4,2,uniform_v2,4,2,40,12000.0,84357.0,142.01839006697992,-10.984670130391502,29.324023516365024,"[1, 6]",,
318,4,2,ivr_v2,3,2,40,12000.0,82982.0,140.06335054995725,4.355434350701103,13.983919035272422,"[5, 4]",,
318,4,2,lucb_v2,3,2,40,12000.0,82982.0,140.06335054995725,4.355434350701103,13.983919035272422,"[5, 4]",,
318,4,2,no_hf_v2,5,0,0,0.0,0.0,0.0,18.339353385973524,0.0,[],,
318,4,2,proxy_only,5,0,0,0.0,0.0,0.0,18.339353385973524,0.0,[],,
318,4,2,global_voi_heuristic,6,2,40,12000.0,84527.0,141.85938879830064,17.85578613759199,0.483567248381533,"[4, 2]",,
318,4,2,uniform_v2_expected_100,,2,40,12000.0,83914.99,141.23387559339403,6.732460378384249,11.606893007589274,,"[3, 6, 4, 3, 4, 4, 4, 6, 6, 3, 4, 6, 4, 6, 3, 6, 6, 4, 6, 4, 5, 6, 4, 3, 6, 3, 6, 6, 4, 6, 3, 6, 6, 6, 3, 3, 4, 3, 6, 3, 3, 5, 6, 3, 6, 6, 3, 3, 3, 5, 4, 4, 3, 3, 4, 4, 3, 6, 4, 4, 6, 5, 5, 5, 4, 3, 3, 4, 6, 3, 6, 6, 3, 4, 6, 6, 6, 6, 6, 6, 6, 5, 4, 3, 4, 4, 4, 5, 6, 4, 6, 6, 4, 6, 3, 6, 6, 6, 6, 4]",1.216193861727123
318,4,4,pivot_kg,3,4,72,21600.0,150054.0,253.50555144192185,4.355434350701103,13.983919035272422,"[5, 4, 6, 1]",,
318,4,4,uniform_v2,3,4,72,21600.0,150054.0,253.50555144192185,4.355434350701103,13.983919035272422,"[1, 6, 5, 4]",,
318,4,4,ivr_v2,3,4,72,21600.0,150054.0,253.50555144192185,4.355434350701103,13.983919035272422,"[5, 4, 1, 6]",,
318,4,4,lucb_v2,3,4,72,21600.0,148976.0,251.3010409779963,4.355434350701103,13.983919035272422,"[5, 4, 6, 3]",,
318,4,4,no_hf_v2,5,0,0,0.0,0.0,0.0,18.339353385973524,0.0,[],,
318,4,4,proxy_only,5,0,0,0.0,0.0,0.0,18.339353385973524,0.0,[],,
318,4,4,global_voi_heuristic,6,4,72,21600.0,150685.0,253.9665912303608,17.85578613759199,0.483567248381533,"[4, 2, 3, 1]",,
318,4,4,uniform_v2_expected_100,,4,72,21600.0,150522.68,253.8870124471141,6.656714983747342,11.682638402226182,,"[3, 3, 6, 3, 3, 6, 3, 3, 3, 3, 6, 3, 3, 6, 3, 3, 3, 3, 6, 3, 3, 3, 6, 3, 6, 3, 6, 3, 3, 6, 3, 3, 6, 3, 3, 3, 3, 3, 6, 3, 3, 6, 6, 3, 6, 4, 3, 3, 3, 3, 3, 3, 3, 3, 3, 4, 3, 6, 6, 4, 6, 4, 3, 3, 3, 3, 3, 3, 3, 3, 3, 6, 3, 3, 6, 6, 6, 6, 4, 3, 3, 3, 3, 3, 3, 3, 3, 3, 6, 3, 3, 3, 4, 3, 3, 3, 6, 3, 6, 4]",0.7570630281113324
318,4,1,author_PIVOT_VOI_E5C,6,1,24,7200.0,50903.0,85.73204562300816,17.85578613759199,0.483567248381533,[1],,
318,4,1,author_GlobalVOI_E5C,5,1,24,7200.0,50739.0,84.86253361898707,18.339353385973524,0.0,[6],,
318,4,1,author_Uniform_E5C,6,1,24,7200.0,50290.0,84.83650798280723,17.85578613759199,0.483567248381533,[5],,
318,4,1,author_LUCB_E5C,5,1,24,7200.0,50739.0,84.86253361898707,18.339353385973524,0.0,[6],,
318,4,2,author_PIVOT_VOI_E5C,6,2,40,12000.0,85453.0,143.78840267914347,17.85578613759199,0.483567248381533,"[1, 2]",,
318,4,2,author_GlobalVOI_E5C,5,2,40,12000.0,83279.0,139.81387960305437,18.339353385973524,0.0,"[6, 3]",,
318,4,2,author_Uniform_E5C,6,2,40,12000.0,82982.0,140.06335054995725,17.85578613759199,0.483567248381533,"[5, 4]",,
318,4,2,author_LUCB_E5C,4,2,40,12000.0,83744.0,141.122852426779,-10.984670130391502,29.324023516365024,"[6, 5]",,
318,4,4,author_PIVOT_VOI_E5C,6,4,72,21600.0,150685.0,253.9665912303608,17.85578613759199,0.483567248381533,"[1, 2, 3, 4]",,
318,4,4,author_GlobalVOI_E5C,5,4,72,21600.0,150521.0,253.0970792263397,18.339353385973524,0.0,"[6, 3, 4, 2]",,
318,4,4,author_Uniform_E5C,6,4,72,21600.0,150072.0,253.07105359015986,17.85578613759199,0.483567248381533,"[5, 4, 3, 2]",,
318,4,4,author_LUCB_E5C,6,4,72,21600.0,148976.0,251.3010409779963,17.85578613759199,0.483567248381533,"[6, 5, 4, 3]",,
318,12,1,pivot_kg,3,1,56,16800.0,114688.0,193.58874330378603,4.355434350701103,13.983919035272422,[5],,
318,12,1,uniform_v2,6,1,56,16800.0,115705.0,194.71315068402328,17.85578613759199,0.483567248381533,[1],,
318,12,1,ivr_v2,3,1,56,16800.0,114688.0,193.58874330378603,4.355434350701103,13.983919035272422,[5],,
318,12,1,lucb_v2,3,1,56,16800.0,114688.0,193.58874330378603,4.355434350701103,13.983919035272422,[5],,
318,12,1,no_hf_v2,6,0,0,0.0,0.0,0.0,17.85578613759199,0.483567248381533,[],,
318,12,1,proxy_only,5,0,0,0.0,0.0,0.0,18.339353385973524,0.0,[],,
318,12,1,global_voi_heuristic,3,1,56,16800.0,115281.0,193.60660723020555,4.355434350701103,13.983919035272422,[4],,
318,12,1,uniform_v2_expected_100,,1,56,16800.0,115611.91,194.41182389730704,12.417355354643037,5.921998031330487,,"[6, 6, 6, 3, 6, 6, 5, 3, 6, 3, 3, 6, 5, 3, 6, 6, 3, 6, 6, 5, 6, 3, 6, 3, 3, 6, 6, 6, 6, 3, 3, 3, 3, 6, 3, 5, 5, 3, 3, 5, 3, 3, 5, 6, 6, 6, 3, 6, 5, 3, 5, 5, 5, 3, 6, 5, 6, 3, 6, 5, 6, 3, 6, 3, 3, 5, 3, 6, 6, 6, 6, 3, 3, 5, 5, 3, 3, 3, 6, 3, 5, 3, 6, 3, 6, 3, 5, 6, 3, 5, 6, 3, 5, 6, 3, 3, 6, 3, 3, 6]",0.675671251777927
318,12,2,pivot_kg,3,2,88,26400.0,180272.0,304.2654414330027,4.355434350701103,13.983919035272422,"[5, 4]",,
318,12,2,uniform_v2,3,2,88,26400.0,182127.0,306.6508710961207,4.355434350701103,13.983919035272422,"[1, 6]",,
318,12,2,ivr_v2,3,2,88,26400.0,180272.0,304.2654414330027,4.355434350701103,13.983919035272422,"[5, 4]",,
318,12,2,lucb_v2,3,2,88,26400.0,180272.0,304.2654414330027,4.355434350701103,13.983919035272422,"[5, 4]",,
318,12,2,no_hf_v2,6,0,0,0.0,0.0,0.0,17.85578613759199,0.483567248381533,[],,
318,12,2,proxy_only,5,0,0,0.0,0.0,0.0,18.339353385973524,0.0,[],,
318,12,2,global_voi_heuristic,3,2,88,26400.0,180209.0,303.6510073162499,4.355434350701103,13.983919035272422,"[4, 3]",,
318,12,2,uniform_v2_expected_100,,2,88,26400.0,181362.35,305.67764811840493,9.4666206514623,8.872732734511224,,"[3, 6, 5, 3, 5, 5, 5, 3, 6, 3, 3, 6, 5, 3, 3, 6, 3, 3, 3, 5, 3, 5, 3, 3, 5, 3, 6, 3, 3, 3, 3, 3, 3, 6, 3, 3, 5, 3, 3, 3, 3, 3, 5, 3, 6, 6, 3, 3, 3, 3, 5, 5, 3, 3, 5, 5, 3, 3, 5, 5, 6, 3, 3, 3, 3, 3, 3, 3, 6, 3, 6, 3, 3, 5, 5, 3, 3, 3, 6, 3, 5, 3, 5, 3, 3, 5, 5, 3, 3, 5, 6, 3, 5, 3, 3, 3, 3, 3, 3, 3]",0.6704552001649882
318,12,4,pivot_kg,3,4,152,45600.0,312702.0,527.9864034281345,4.355434350701103,13.983919035272422,"[5, 4, 6, 1]",,
318,12,4,uniform_v2,3,4,152,45600.0,312702.0,527.9864034281345,4.355434350701103,13.983919035272422,"[1, 6, 5, 4]",,
318,12,4,ivr_v2,3,4,152,45600.0,312702.0,527.9864034281345,4.355434350701103,13.983919035272422,"[5, 4, 6, 1]",,
318,12,4,lucb_v2,3,4,152,45600.0,311622.0,526.2475619311444,4.355434350701103,13.983919035272422,"[5, 4, 6, 3]",,
318,12,4,no_hf_v2,6,0,0,0.0,0.0,0.0,17.85578613759199,0.483567248381533,[],,
318,12,4,proxy_only,5,0,0,0.0,0.0,0.0,18.339353385973524,0.0,[],,
318,12,4,global_voi_heuristic,6,4,152,45600.0,313173.0,528.4956669955282,17.85578613759199,0.483567248381533,"[4, 3, 2, 1]",,
318,12,4,uniform_v2_expected_100,,4,152,45600.0,312932.64,528.3536747357185,7.113532777885064,11.22582060808846,,"[3, 3, 5, 3, 3, 6, 3, 3, 3, 3, 3, 3, 3, 5, 3, 3, 3, 3, 3, 3, 3, 3, 3, 3, 5, 3, 3, 3, 3, 6, 3, 3, 3, 3, 3, 3, 3, 3, 3, 3, 3, 3, 5, 3, 6, 5, 3, 3, 3, 3, 3, 3, 3, 3, 3, 5, 3, 3, 6, 5, 3, 5, 3, 3, 3, 3, 3, 3, 3, 3, 3, 6, 3, 3, 6, 6, 3, 3, 5, 3, 3, 3, 3, 3, 3, 3, 3, 3, 6, 3, 3, 3, 5, 3, 3, 3, 5, 3, 3, 5]",0.5545008850969475
318,12,1,author_PIVOT_VOI_E5C,6,1,56,16800.0,115705.0,194.71315068402328,17.85578613759199,0.483567248381533,[1],,
318,12,1,author_GlobalVOI_E5C,4,1,56,16800.0,116119.0,194.86762951308629,-10.984670130391502,29.324023516365024,[6],,
318,12,1,author_Uniform_E5C,6,1,56,16800.0,114688.0,193.58874330378603,17.85578613759199,0.483567248381533,[5],,
318,12,1,author_LUCB_E5C,4,1,56,16800.0,116119.0,194.86762951308629,-10.984670130391502,29.324023516365024,[6],,
318,12,2,author_PIVOT_VOI_E5C,6,2,88,26400.0,182661.0,307.77456878026715,17.85578613759199,0.483567248381533,"[1, 2]",,
318,12,2,author_GlobalVOI_E5C,4,2,88,26400.0,181047.0,304.9120295991306,-10.984670130391502,29.324023516365024,"[6, 3]",,
318,12,2,author_Uniform_E5C,6,2,88,26400.0,180272.0,304.2654414330027,17.85578613759199,0.483567248381533,"[5, 4]",,
318,12,2,author_LUCB_E5C,5,2,88,26400.0,181703.0,305.54432764230296,18.339353385973524,0.0,"[6, 4]",,
318,12,4,author_PIVOT_VOI_E5C,6,4,152,45600.0,313173.0,528.4956669955282,17.85578613759199,0.483567248381533,"[1, 2, 3, 4]",,
318,12,4,author_GlobalVOI_E5C,5,4,152,45600.0,313587.0,528.6501458245912,18.339353385973524,0.0,"[6, 3, 4, 2]",,
318,12,4,author_Uniform_E5C,6,4,152,45600.0,312156.0,527.3712596152909,17.85578613759199,0.483567248381533,"[5, 4, 3, 2]",,
318,12,4,author_LUCB_E5C,2,4,152,45600.0,311622.0,526.2475619311444,3.4914065686388933,14.84794681733463,"[6, 4, 5, 3]",,
319,4,1,pivot_kg,3,1,24,7082.0,44226.0,75.96820643293904,16.39900976141456,6.74366941389701,[4],,
319,4,1,uniform_v2,2,1,24,7141.0,44676.0,76.19897909800056,1.9722191994125695,21.170459975899,[6],,
319,4,1,ivr_v2,3,1,24,7082.0,42372.0,72.7191552510485,16.39900976141456,6.74366941389701,[5],,
319,4,1,lucb_v2,3,1,24,7082.0,44226.0,75.96820643293904,16.39900976141456,6.74366941389701,[4],,
319,4,1,no_hf_v2,3,0,0,0.0,0.0,0.0,16.39900976141456,6.74366941389701,[],,
319,4,1,proxy_only,3,0,0,0.0,0.0,0.0,16.39900976141456,6.74366941389701,[],,
319,4,1,global_voi_heuristic,3,1,24,6978.0,41865.0,72.7274964589742,16.39900976141456,6.74366941389701,[2],,
319,4,1,uniform_v2_expected_100,,1,24,7072.86,43802.79,75.27152257742651,13.802187460254205,9.340491715057366,,"[3, 3, 3, 3, 3, 2, 3, 3, 3, 2, 3, 3, 2, 2, 2, 3, 3, 3, 3, 3, 3, 3, 3, 3, 3, 3, 3, 2, 3, 3, 3, 3, 3, 3, 2, 3, 3, 3, 2, 3, 3, 2, 3, 3, 3, 3, 3, 3, 3, 3, 2, 3, 3, 3, 3, 3, 3, 3, 3, 3, 3, 3, 2, 2, 3, 3, 3, 2, 3, 3, 3, 3, 3, 3, 3, 3, 3, 3, 3, 3, 3, 3, 2, 2, 3, 3, 3, 2, 3, 3, 2, 2, 3, 3, 3, 3, 3, 3, 3, 3]",0.5570514493201
319,4,2,pivot_kg,3,2,40,11823.0,76124.0,130.95093753986293,16.39900976141456,6.74366941389701,"[4, 1]",,
319,4,2,uniform_v2,2,2,40,11778.0,72354.0,124.68335510295583,1.9722191994125695,21.170459975899,"[6, 2]",,
319,4,2,ivr_v2,3,2,40,11823.0,72411.0,124.44424122996861,16.39900976141456,6.74366941389701,"[5, 4]",,
319,4,2,lucb_v2,3,2,40,11823.0,72411.0,124.44424122996861,16.39900976141456,6.74366941389701,"[4, 5]",,
319,4,2,no_hf_v2,3,0,0,0.0,0.0,0.0,16.39900976141456,6.74366941389701,[],,
319,4,2,proxy_only,3,0,0,0.0,0.0,0.0,16.39900976141456,6.74366941389701,[],,
319,4,2,global_voi_heuristic,3,2,40,11719.0,73763.0,127.7102275658981,16.39900976141456,6.74366941389701,"[2, 1]",,
319,4,2,uniform_v2_expected_100,,2,40,11801.04,73099.41,125.72906247347593,12.359508404054004,10.783170771257566,,"[3, 3, 3, 3, 3, 2, 3, 3, 3, 2, 3, 3, 2, 2, 2, 3, 2, 3, 3, 2, 3, 3, 3, 2, 3, 3, 3, 2, 3, 3, 3, 3, 2, 3, 2, 2, 2, 3, 2, 3, 3, 2, 3, 3, 3, 2, 3, 3, 3, 3, 2, 3, 3, 3, 3, 3, 3, 3, 3, 3, 3, 3, 2, 2, 3, 3, 3, 2, 3, 3, 3, 3, 3, 2, 3, 2, 3, 3, 3, 3, 3, 3, 2, 2, 3, 3, 3, 2, 3, 3, 2, 2, 3, 3, 3, 2, 3, 3, 3, 3]",0.6510245913945661
319,4,4,pivot_kg,2,4,72,21364.0,134798.0,231.38283098087413,1.9722191994125695,21.170459975899,"[4, 1, 5, 6]",,
319,4,4,uniform_v2,2,4,72,21260.0,130578.0,224.8844758789055,1.9722191994125695,21.170459975899,"[6, 2, 5, 4]",,
319,4,4,ivr_v2,2,4,72,21364.0,134798.0,231.38283098087413,1.9722191994125695,21.170459975899,"[5, 4, 1, 6]",,
319,4,4,lucb_v2,3,4,72,21305.0,133308.0,229.0518808257184,16.39900976141456,6.74366941389701,"[4, 5, 1, 3]",,
319,4,4,no_hf_v2,3,0,0,0.0,0.0,0.0,16.39900976141456,6.74366941389701,[],,
319,4,4,proxy_only,3,0,0,0.0,0.0,0.0,16.39900976141456,6.74366941389701,[],,
319,4,4,global_voi_heuristic,3,4,72,21201.0,130947.0,225.81117085175356,16.39900976141456,6.74366941389701,"[2, 1, 3, 5]",,
319,4,4,uniform_v2_expected_100,,4,72,21270.1,132453.48,227.909073231786,6.877327990493248,16.26535118481832,,"[3, 3, 2, 2, 3, 2, 2, 2, 3, 2, 2, 3, 2, 2, 2, 2, 2, 3, 3, 2, 2, 2, 3, 2, 3, 3, 3, 2, 2, 2, 3, 3, 2, 3, 2, 2, 2, 3, 2, 2, 3, 2, 3, 3, 3, 2, 2, 3, 2, 3, 2, 2, 3, 3, 3, 3, 3, 2, 2, 2, 2, 3, 2, 2, 2, 2, 2, 2, 2, 2, 2, 3, 2, 2, 2, 2, 2, 2, 2, 2, 2, 3, 2, 2, 2, 3, 3, 2, 2, 3, 2, 2, 3, 2, 2, 2, 2, 2, 3, 2]",0.6868526150140981
319,4,1,author_PIVOT_VOI_E5C,2,1,24,7082.0,43186.0,73.86802894284483,1.9722191994125695,21.170459975899,[3],,
319,4,1,author_GlobalVOI_E5C,2,1,24,7082.0,43186.0,73.86802894284483,1.9722191994125695,21.170459975899,[3],,
319,4,1,author_Uniform_E5C,3,1,24,7082.0,42372.0,72.7191552510485,16.39900976141456,6.74366941389701,[5],,
319,4,1,author_LUCB_E5C,2,1,24,7082.0,43186.0,73.86802894284483,1.9722191994125695,21.170459975899,[3],,
319,4,2,author_PIVOT_VOI_E5C,6,2,40,11882.0,73675.0,125.82388758682646,23.14267917531157,0.0,"[3, 6]",,
319,4,2,author_GlobalVOI_E5C,3,2,40,11719.0,70864.0,122.3524049478001,16.39900976141456,6.74366941389701,"[3, 2]",,
319,4,2,author_Uniform_E5C,6,2,40,11882.0,72861.0,124.67501389503013,23.14267917531157,0.0,"[5, 6]",,
319,4,2,author_LUCB_E5C,3,2,40,11719.0,70864.0,122.3524049478001,16.39900976141456,6.74366941389701,"[3, 2]",,
319,4,4,author_PIVOT_VOI_E5C,6,4,72,21260.0,133251.0,229.29099469870562,23.14267917531157,0.0,"[3, 6, 1, 2]",,
319,4,4,author_GlobalVOI_E5C,6,4,72,21260.0,133251.0,229.29099469870562,23.14267917531157,0.0,"[3, 2, 1, 6]",,
319,4,4,author_Uniform_E5C,6,4,72,21260.0,130578.0,224.8844758789055,23.14267917531157,0.0,"[5, 6, 2, 4]",,
319,4,4,author_LUCB_E5C,6,4,72,21260.0,133251.0,229.29099469870562,23.14267917531157,0.0,"[3, 2, 1, 6]",,
319,12,1,pivot_kg,3,1,56,16682.0,104420.0,180.01697940088343,-2.1524027794146696,20.048837914883602,[4],,
319,12,1,uniform_v2,3,1,56,16741.0,101844.0,175.46959731983952,-2.1524027794146696,20.048837914883602,[6],,
319,12,1,ivr_v2,3,1,56,16682.0,101257.0,175.01737133593997,-2.1524027794146696,20.048837914883602,[5],,
319,12,1,lucb_v2,3,1,56,16682.0,104420.0,180.01697940088343,-2.1524027794146696,20.048837914883602,[4],,
319,12,1,no_hf_v2,3,0,0,0.0,0.0,0.0,-2.1524027794146696,20.048837914883602,[],,
319,12,1,proxy_only,3,0,0,0.0,0.0,0.0,-2.1524027794146696,20.048837914883602,[],,
319,12,1,global_voi_heuristic,3,1,56,16682.0,100888.0,174.42207890097052,-2.1524027794146696,20.048837914883602,[3],,
319,12,1,uniform_v2_expected_100,,1,56,16692.62,102637.62,177.2540139202855,-2.152402779414669,20.048837914883602,,"[3, 3, 3, 3, 3, 3, 3, 3, 3, 3, 3, 3, 3, 3, 3, 3, 3, 3, 3, 3, 3, 3, 3, 3, 3, 3, 3, 3, 3, 3, 3, 3, 3, 3, 3, 3, 3, 3, 3, 3, 3, 3, 3, 3, 3, 3, 3, 3, 3, 3, 3, 3, 3, 3, 3, 3, 3, 3, 3, 3, 3, 3, 3, 3, 3, 3, 3, 3, 3, 3, 3, 3, 3, 3, 3, 3, 3, 3, 3, 3, 3, 3, 3, 3, 3, 3, 3, 3, 3, 3, 3, 3, 3, 3, 3, 3, 3, 3, 3, 3]",4.463264492478967e-17
319,12,2,pivot_kg,3,2,88,26223.0,161765.0,279.6121846708702,-2.1524027794146696,20.048837914883602,"[4, 5]",,
319,12,2,uniform_v2,3,2,88,26282.0,158472.0,274.2890375428251,-2.1524027794146696,20.048837914883602,"[6, 2]",,
319,12,2,ivr_v2,3,2,88,26223.0,161765.0,279.6121846708702,-2.1524027794146696,20.048837914883602,"[5, 4]",,
319,12,2,lucb_v2,3,2,88,26223.0,161765.0,279.6121846708702,-2.1524027794146696,20.048837914883602,"[4, 5]",,
319,12,2,no_hf_v2,3,0,0,0.0,0.0,0.0,-2.1524027794146696,20.048837914883602,[],,
319,12,2,proxy_only,3,0,0,0.0,0.0,0.0,-2.1524027794146696,20.048837914883602,[],,
319,12,2,global_voi_heuristic,3,2,88,26223.0,162743.0,281.55223957280396,-2.1524027794146696,20.048837914883602,"[3, 1]",,
319,12,2,uniform_v2_expected_100,,2,88,26239.52,160858.91,278.30487085181113,-2.152402779414669,20.048837914883602,,"[3, 3, 3, 3, 3, 3, 3, 3, 3, 3, 3, 3, 3, 3, 3, 3, 3, 3, 3, 3, 3, 3, 3, 3, 3, 3, 3, 3, 3, 3, 3, 3, 3, 3, 3, 3, 3, 3, 3, 3, 3, 3, 3, 3, 3, 3, 3, 3, 3, 3, 3, 3, 3, 3, 3, 3, 3, 3, 3, 3, 3, 3, 3, 3, 3, 3, 3, 3, 3, 3, 3, 3, 3, 3, 3, 3, 3, 3, 3, 3, 3, 3, 3, 3, 3, 3, 3, 3, 3, 3, 3, 3, 3, 3, 3, 3, 3, 3, 3, 3]",4.463264492478967e-17
319,12,4,pivot_kg,3,4,152,45364.0,281552.0,486.78977659658995,-2.1524027794146696,20.048837914883602,"[4, 5, 6, 1]",,
319,12,4,uniform_v2,3,4,152,45364.0,276325.0,478.4790561477421,-2.1524027794146696,20.048837914883602,"[6, 2, 5, 4]",,
319,12,4,ivr_v2,3,4,152,45364.0,281552.0,486.78977659658995,-2.1524027794146696,20.048837914883602,"[5, 4, 6, 1]",,
319,12,4,lucb_v2,3,4,152,45364.0,276673.0,478.6595287597738,-2.1524027794146696,20.048837914883602,"[4, 5, 3, 6]",,
319,12,4,no_hf_v2,3,0,0,0.0,0.0,0.0,-2.1524027794146696,20.048837914883602,[],,
319,12,4,proxy_only,3,0,0,0.0,0.0,0.0,-2.1524027794146696,20.048837914883602,[],,
319,12,4,global_voi_heuristic,3,4,152,45305.0,276716.0,479.9668850657763,-2.1524027794146696,20.048837914883602,"[3, 1, 2, 5]",,
319,12,4,uniform_v2_expected_100,,4,152,45343.94,278146.85,481.6887679625605,-2.152402779414669,20.048837914883602,,"[3, 3, 3, 3, 3, 3, 3, 3, 3, 3, 3, 3, 3, 3, 3, 3, 3, 3, 3, 3, 3, 3, 3, 3, 3, 3, 3, 3, 3, 3, 3, 3, 3, 3, 3, 3, 3, 3, 3, 3, 3, 3, 3, 3, 3, 3, 3, 3, 3, 3, 3, 3, 3, 3, 3, 3, 3, 3, 3, 3, 3, 3, 3, 3, 3, 3, 3, 3, 3, 3, 3, 3, 3, 3, 3, 3, 3, 3, 3, 3, 3, 3, 3, 3, 3, 3, 3, 3, 3, 3, 3, 3, 3, 3, 3, 3, 3, 3, 3, 3]",4.463264492478967e-17
319,12,1,author_PIVOT_VOI_E5C,3,1,56,16741.0,101844.0,175.46959731983952,-2.1524027794146696,20.048837914883602,[6],,
319,12,1,author_GlobalVOI_E5C,3,1,56,16682.0,100888.0,174.42207890097052,-2.1524027794146696,20.048837914883602,[3],,
319,12,1,author_Uniform_E5C,5,1,56,16682.0,101257.0,175.01737133593997,2.231577900532155,15.664857234936779,[5],,
319,12,1,author_LUCB_E5C,3,1,56,16682.0,100888.0,174.42207890097052,-2.1524027794146696,20.048837914883602,[3],,
319,12,2,author_PIVOT_VOI_E5C,3,2,88,26282.0,158820.0,274.46951015485683,-2.1524027794146696,20.048837914883602,"[6, 3]",,
319,12,2,author_GlobalVOI_E5C,2,2,88,26223.0,157516.0,273.2415191239561,17.896435135468934,0.0,"[3, 2]",,
319,12,2,author_Uniform_E5C,5,2,88,26282.0,159189.0,275.0648025898263,2.231577900532155,15.664857234936779,"[5, 6]",,
319,12,2,author_LUCB_E5C,2,2,88,26223.0,157516.0,273.2415191239561,17.896435135468934,0.0,"[3, 2]",,
319,12,4,author_PIVOT_VOI_E5C,2,4,152,45364.0,277303.0,480.41911104967585,17.896435135468934,0.0,"[6, 3, 1, 2]",,
319,12,4,author_GlobalVOI_E5C,2,4,152,45364.0,277303.0,480.41911104967585,17.896435135468934,0.0,"[3, 2, 1, 6]",,
319,12,4,author_Uniform_E5C,2,4,152,45364.0,276325.0,478.4790561477421,17.896435135468934,0.0,"[5, 6, 2, 4]",,
319,12,4,author_LUCB_E5C,2,4,152,45305.0,279879.0,484.96649313071975,17.896435135468934,0.0,"[3, 2, 1, 4]",,
320,4,1,pivot_kg,3,1,24,7200.0,48552.0,81.93793428322533,4.972228338756242,28.49126109940207,[6],,
320,4,1,uniform_v2,6,1,24,7200.0,47451.0,79.98112469498301,16.330919962936548,17.132569475221764,[2],,
320,4,1,ivr_v2,6,1,24,7200.0,50383.0,84.79292834701482,16.330919962936548,17.132569475221764,[5],,
320,4,1,lucb_v2,6,1,24,7200.0,50383.0,84.79292834701482,16.330919962936548,17.132569475221764,[5],,
320,4,1,no_hf_v2,6,0,0,0.0,0.0,0.0,16.330919962936548,17.132569475221764,[],,
320,4,1,proxy_only,6,0,0,0.0,0.0,0.0,16.330919962936548,17.132569475221764,[],,
320,4,1,global_voi_heuristic,3,1,24,7200.0,49736.0,83.64035392703954,4.972228338756242,28.49126109940207,[4],,
320,4,1,uniform_v2_expected_100,,1,24,7200.0,49016.44,82.6480060781067,11.901030229506226,21.562459208652086,,"[3, 6, 6, 6, 6, 6, 6, 6, 3, 6, 3, 6, 6, 6, 6, 6, 3, 3, 6, 3, 6, 6, 6, 6, 6, 6, 6, 3, 6, 3, 3, 6, 6, 6, 3, 3, 6, 3, 3, 6, 6, 3, 6, 6, 3, 6, 3, 6, 6, 6, 6, 6, 6, 3, 6, 6, 6, 3, 3, 3, 6, 6, 3, 3, 6, 3, 3, 3, 6, 6, 6, 3, 6, 3, 6, 6, 6, 3, 3, 6, 3, 3, 6, 6, 6, 6, 6, 6, 3, 3, 6, 6, 6, 3, 3, 3, 3, 3, 3, 6]",0.5568111621646707
320,4,2,pivot_kg,3,2,40,12000.0,82053.0,138.55805648921523,4.972228338756242,28.49126109940207,"[6, 5]",,
320,4,2,uniform_v2,3,2,40,12000.0,79121.0,133.74625283718342,4.972228338756242,28.49126109940207,"[2, 6]",,
320,4,2,ivr_v2,6,2,40,12000.0,83237.0,140.26047613302944,16.330919962936548,17.132569475221764,"[5, 4]",,
320,4,2,lucb_v2,6,2,40,12000.0,83237.0,140.26047613302944,16.330919962936548,17.132569475221764,"[5, 4]",,
320,4,2,no_hf_v2,6,0,0,0.0,0.0,0.0,16.330919962936548,17.132569475221764,[],,
320,4,2,proxy_only,6,0,0,0.0,0.0,0.0,16.330919962936548,17.132569475221764,[],,
320,4,2,global_voi_heuristic,6,2,40,12000.0,83237.0,140.26047613302944,16.330919962936548,17.132569475221764,"[4, 5]",,
320,4,2,uniform_v2_expected_100,,2,40,12000.0,81190.74,137.2006828501413,11.78744331326442,21.676046124893894,,"[6, 6, 3, 3, 6, 6, 6, 6, 6, 6, 3, 6, 6, 6, 6, 6, 6, 6, 6, 6, 3, 6, 6, 6, 6, 6, 3, 3, 6, 3, 6, 6, 6, 6, 6, 3, 6, 6, 3, 3, 3, 3, 3, 6, 3, 6, 3, 6, 6, 3, 6, 3, 3, 3, 6, 6, 6, 3, 3, 3, 6, 6, 6, 3, 6, 6, 3, 6, 3, 6, 6, 3, 6, 3, 6, 3, 6, 6, 3, 6, 3, 3, 6, 3, 6, 3, 6, 6, 6, 3, 6, 6, 6, 3, 3, 6, 3, 3, 3, 3]",0.5592633150379249
320,4,4,pivot_kg,3,4,72,21600.0,148870.0,251.67244166129967,4.972228338756242,28.49126109940207,"[6, 5, 4, 1]",,
320,4,4,uniform_v2,6,4,72,21600.0,143356.0,242.6788739291369,16.330919962936548,17.132569475221764,"[2, 6, 3, 5]",,
320,4,4,ivr_v2,3,4,72,21600.0,148870.0,251.67244166129967,4.972228338756242,28.49126109940207,"[5, 4, 1, 6]",,
320,4,4,lucb_v2,3,4,72,21600.0,148870.0,251.67244166129967,4.972228338756242,28.49126109940207,"[5, 4, 1, 6]",,
320,4,4,no_hf_v2,6,0,0,0.0,0.0,0.0,16.330919962936548,17.132569475221764,[],,
320,4,4,proxy_only,6,0,0,0.0,0.0,0.0,16.330919962936548,17.132569475221764,[],,
320,4,4,global_voi_heuristic,3,4,72,21600.0,148870.0,251.67244166129967,4.972228338756242,28.49126109940207,"[4, 5, 1, 6]",,
320,4,4,uniform_v2_expected_100,,4,72,21600.0,145742.67,246.59434097059014,12.055802378263948,21.407687059894364,,"[6, 6, 3, 3, 6, 3, 6, 6, 6, 6, 6, 6, 6, 3, 6, 6, 6, 6, 6, 6, 6, 6, 6, 3, 6, 3, 3, 3, 6, 3, 6, 6, 3, 6, 6, 2, 2, 6, 6, 6, 6, 3, 3, 6, 3, 6, 6, 6, 6, 3, 3, 6, 6, 6, 6, 6, 6, 3, 6, 6, 6, 6, 6, 2, 6, 2, 3, 3, 2, 6, 6, 2, 3, 6, 6, 3, 6, 6, 3, 6, 6, 6, 6, 2, 6, 3, 6, 3, 2, 6, 3, 6, 6, 3, 3, 2, 6, 6, 3, 6]",0.5754230062195371
320,4,1,author_PIVOT_VOI_E5C,3,1,24,7200.0,48552.0,81.93793428322533,4.972228338756242,28.49126109940207,[6],,
320,4,1,author_GlobalVOI_E5C,6,1,24,7200.0,49736.0,83.64035392703954,16.330919962936548,17.132569475221764,[4],,
320,4,1,author_Uniform_E5C,6,1,24,7200.0,50383.0,84.79292834701482,16.330919962936548,17.132569475221764,[5],,
320,4,1,author_LUCB_E5C,3,1,24,7200.0,48552.0,81.93793428322533,4.972228338756242,28.49126109940207,[6],,
320,4,2,author_PIVOT_VOI_E5C,3,2,40,12000.0,82515.0,139.58477166929515,4.972228338756242,28.49126109940207,"[6, 1]",,
320,4,2,author_GlobalVOI_E5C,6,2,40,12000.0,83237.0,140.26047613302944,16.330919962936548,17.132569475221764,"[4, 5]",,
320,4,2,author_Uniform_E5C,3,2,40,12000.0,82053.0,138.55805648921523,4.972228338756242,28.49126109940207,"[5, 6]",,
320,4,2,author_LUCB_E5C,2,2,40,12000.0,79286.0,134.2504331691889,2.905688339115229,30.557801099043083,"[6, 3]",,
320,4,4,author_PIVOT_VOI_E5C,6,4,72,21600.0,143818.0,243.70558910921682,16.330919962936548,17.132569475221764,"[6, 1, 2, 3]",,
320,4,4,author_GlobalVOI_E5C,3,4,72,21600.0,148870.0,251.67244166129967,4.972228338756242,28.49126109940207,"[4, 5, 1, 6]",,
320,4,4,author_Uniform_E5C,3,4,72,21600.0,145476.0,245.83392282918794,4.972228338756242,28.49126109940207,"[5, 6, 4, 2]",,
320,4,4,author_LUCB_E5C,6,4,72,21600.0,143818.0,243.70558910921682,16.330919962936548,17.132569475221764,"[6, 3, 2, 1]",,
320,12,1,pivot_kg,3,1,56,16800.0,114349.0,192.73280537157552,4.972228338756242,28.49126109940207,[6],,
320,12,1,uniform_v2,6,1,56,16800.0,113440.0,191.2426471921499,16.330919962936548,17.132569475221764,[2],,
320,12,1,ivr_v2,6,1,56,16800.0,116633.0,196.67762298334856,16.330919962936548,17.132569475221764,[5],,
320,12,1,lucb_v2,6,1,56,16800.0,116633.0,196.67762298334856,16.330919962936548,17.132569475221764,[5],,
320,12,1,no_hf_v2,6,0,0,0.0,0.0,0.0,16.330919962936548,17.132569475221764,[],,
320,12,1,proxy_only,6,0,0,0.0,0.0,0.0,16.330919962936548,17.132569475221764,[],,
320,12,1,global_voi_heuristic,3,1,56,16800.0,116296.0,196.37114624411333,4.972228338756242,28.49126109940207,[4],,
320,12,1,uniform_v2_expected_100,,1,56,16800.0,115488.2,194.84416286723163,11.901030229506226,21.562459208652086,,"[3, 6, 6, 6, 6, 6, 6, 6, 3, 6, 3, 6, 6, 6, 6, 6, 3, 3, 6, 3, 6, 6, 6, 6, 6, 6, 6, 3, 6, 3, 3, 6, 6, 6, 3, 3, 6, 3, 3, 6, 6, 3, 6, 6, 3, 6, 3, 6, 6, 6, 6, 6, 6, 3, 6, 6, 6, 3, 3, 3, 6, 6, 3, 3, 6, 3, 3, 3, 6, 6, 6, 3, 6, 3, 6, 6, 6, 3, 3, 6, 3, 3, 6, 6, 6, 6, 6, 6, 3, 3, 6, 6, 6, 3, 3, 3, 3, 3, 3, 6]",0.5568111621646707
320,12,2,pivot_kg,3,2,88,26400.0,180658.0,305.05167003243696,4.972228338756242,28.49126109940207,"[6, 4]",,
320,12,2,uniform_v2,3,2,88,26400.0,177802.0,299.9231709804735,4.972228338756242,28.49126109940207,"[2, 6]",,
320,12,2,ivr_v2,3,2,88,26400.0,182942.0,308.99648764421,4.972228338756242,28.49126109940207,"[5, 4]",,
320,12,2,lucb_v2,3,2,88,26400.0,182942.0,308.99648764421,4.972228338756242,28.49126109940207,"[5, 4]",,
320,12,2,no_hf_v2,6,0,0,0.0,0.0,0.0,16.330919962936548,17.132569475221764,[],,
320,12,2,proxy_only,6,0,0,0.0,0.0,0.0,16.330919962936548,17.132569475221764,[],,
320,12,2,global_voi_heuristic,3,2,88,26400.0,182942.0,308.99648764421,4.972228338756242,28.49126109940207,"[4, 5]",,
320,12,2,uniform_v2_expected_100,,2,88,26400.0,181056.58,305.74739286461727,7.9254881610431225,25.53800127711519,,"[3, 6, 3, 3, 6, 6, 3, 6, 3, 3, 3, 6, 3, 3, 6, 3, 3, 3, 6, 3, 3, 6, 6, 3, 6, 6, 3, 3, 6, 3, 3, 6, 6, 6, 3, 3, 3, 3, 3, 3, 3, 3, 3, 3, 3, 3, 3, 6, 3, 3, 6, 3, 3, 3, 3, 6, 6, 3, 3, 3, 6, 3, 3, 3, 6, 3, 3, 3, 3, 3, 3, 3, 3, 3, 6, 3, 6, 3, 3, 6, 3, 3, 6, 3, 3, 3, 3, 3, 3, 3, 3, 3, 6, 3, 3, 3, 3, 3, 3, 3]",0.5007411076231703
320,12,4,pivot_kg,3,4,152,45600.0,316121.0,534.3580548315658,4.972228338756242,28.49126109940207,"[6, 4, 1, 5]",,
320,12,4,uniform_v2,3,4,152,45600.0,308500.0,520.8844490876072,4.972228338756242,28.49126109940207,"[2, 6, 3, 5]",,
320,12,4,ivr_v2,3,4,152,45600.0,316121.0,534.3580548315658,4.972228338756242,28.49126109940207,"[5, 4, 6, 1]",,
320,12,4,lucb_v2,3,4,152,45600.0,316121.0,534.3580548315658,4.972228338756242,28.49126109940207,"[5, 4, 6, 1]",,
320,12,4,no_hf_v2,6,0,0,0.0,0.0,0.0,16.330919962936548,17.132569475221764,[],,
320,12,4,proxy_only,6,0,0,0.0,0.0,0.0,16.330919962936548,17.132569475221764,[],,
320,12,4,global_voi_heuristic,3,4,152,45600.0,316121.0,534.3580548315658,4.972228338756242,28.49126109940207,"[4, 5, 1, 6]",,
320,12,4,uniform_v2_expected_100,,4,152,45600.0,312402.6,527.9171707947255,7.1303797473505,26.333109690807813,,"[3, 6, 3, 3, 6, 3, 6, 3, 6, 3, 3, 3, 3, 3, 6, 3, 3, 6, 3, 3, 3, 3, 6, 3, 6, 3, 3, 3, 3, 3, 3, 6, 3, 6, 3, 3, 3, 3, 3, 3, 3, 3, 3, 3, 3, 3, 3, 6, 3, 3, 3, 3, 6, 3, 3, 3, 6, 3, 3, 3, 6, 3, 3, 3, 3, 3, 3, 3, 3, 6, 3, 3, 3, 3, 6, 3, 3, 3, 3, 3, 3, 6, 3, 3, 6, 3, 3, 3, 3, 3, 3, 3, 3, 3, 3, 3, 3, 6, 3, 3]",0.4478473633612774
320,12,1,author_PIVOT_VOI_E5C,6,1,56,16800.0,118804.0,200.7333249822841,16.330919962936548,17.132569475221764,[1],,
320,12,1,author_GlobalVOI_E5C,6,1,56,16800.0,116296.0,196.37114624411333,16.330919962936548,17.132569475221764,[4],,
320,12,1,author_Uniform_E5C,6,1,56,16800.0,116633.0,196.67762298334856,16.330919962936548,17.132569475221764,[5],,
320,12,1,author_LUCB_E5C,3,1,56,16800.0,114349.0,192.73280537157552,4.972228338756242,28.49126109940207,[6],,
320,12,2,author_PIVOT_VOI_E5C,6,2,88,26400.0,182257.0,307.9236905911821,16.330919962936548,17.132569475221764,"[1, 2]",,
320,12,2,author_GlobalVOI_E5C,6,2,88,26400.0,182942.0,308.99648764421,16.330919962936548,17.132569475221764,"[4, 5]",,
320,12,2,author_Uniform_E5C,3,2,88,26400.0,180995.0,305.3581467716722,4.972228338756242,28.49126109940207,"[5, 6]",,
320,12,2,author_LUCB_E5C,2,2,88,26400.0,178401.0,301.06874207861256,6.780673754141166,26.682815684017147,"[6, 3]",,
320,12,4,author_PIVOT_VOI_E5C,6,4,152,45600.0,312618.0,528.5784919590806,16.330919962936548,17.132569475221764,"[1, 2, 3, 4]",,
320,12,4,author_GlobalVOI_E5C,3,4,152,45600.0,316121.0,534.3580548315658,4.972228338756242,28.49126109940207,"[4, 5, 1, 6]",,
320,12,4,author_Uniform_E5C,3,4,152,45600.0,310757.0,524.8673770414316,4.972228338756242,28.49126109940207,"[5, 6, 4, 2]",,
320,12,4,author_LUCB_E5C,6,4,152,45600.0,310671.0,524.9401510865428,16.330919962936548,17.132569475221764,"[6, 3, 2, 1]",,
321,4,1,pivot_kg,3,1,24,7200.0,41361.0,71.352246438968,2.620666765031554,12.15514700877446,[4],,
321,4,1,uniform_v2,4,1,24,7200.0,39912.0,68.95709425985115,-34.27782048997737,49.05363426378339,[3],,
321,4,1,ivr_v2,4,1,24,7164.0,42122.0,71.54029097419698,-34.27782048997737,49.05363426378339,[5],,
321,4,1,lucb_v2,4,1,24,7164.0,42122.0,71.54029097419698,-34.27782048997737,49.05363426378339,[5],,
321,4,1,no_hf_v2,4,0,0,0.0,0.0,0.0,-34.27782048997737,49.05363426378339,[],,
321,4,1,proxy_only,4,0,0,0.0,0.0,0.0,-34.27782048997737,49.05363426378339,[],,
321,4,1,global_voi_heuristic,4,1,24,7164.0,42122.0,71.54029097419698,-34.27782048997737,49.05363426378339,[5],,
321,4,1,uniform_v2_expected_100,,1,24,7192.2,40851.69,70.27933800567524,-27.26710791152568,42.04292168533169,,"[4, 4, 4, 4, 4, 3, 4, 4, 3, 4, 4, 4, 4, 4, 4, 4, 4, 3, 4, 4, 4, 4, 4, 4, 4, 4, 4, 3, 4, 3, 4, 4, 3, 4, 4, 4, 4, 4, 4, 3, 4, 4, 4, 4, 3, 4, 4, 3, 4, 4, 4, 4, 4, 4, 3, 4, 3, 4, 4, 4, 4, 4, 4, 4, 4, 4, 4, 3, 4, 3, 4, 3, 4, 4, 4, 3, 4, 3, 4, 4, 4, 4, 4, 4, 3, 4, 4, 4, 4, 4, 4, 3, 4, 4, 4, 4, 4, 4, 3, 4]",1.4548233877568584
321,4,2,pivot_kg,3,2,40,11984.0,67675.0,116.89919762097998,2.620666765031554,12.15514700877446,"[4, 1]",,
321,4,2,uniform_v2,4,2,40,11964.0,69388.0,118.80010116606718,-34.27782048997737,49.05363426378339,"[3, 5]",,
321,4,2,ivr_v2,1,2,40,11964.0,70837.0,121.19525334518403,-11.565144430721011,26.340958204527027,"[5, 4]",,
321,4,2,lucb_v2,1,2,40,11964.0,70837.0,121.19525334518403,-11.565144430721011,26.340958204527027,"[5, 4]",,
321,4,2,no_hf_v2,4,0,0,0.0,0.0,0.0,-34.27782048997737,49.05363426378339,[],,
321,4,2,proxy_only,4,0,0,0.0,0.0,0.0,-34.27782048997737,49.05363426378339,[],,
321,4,2,global_voi_heuristic,4,2,40,11963.0,70814.0,121.2237271273043,-34.27782048997737,49.05363426378339,"[5, 2]",,
321,4,2,uniform_v2_expected_100,,2,40,11983.51,69010.3,118.78567788344749,-23.91756487326232,38.693378647068336,,"[4, 4, 4, 4, 1, 3, 4, 4, 3, 4, 4, 4, 4, 4, 4, 4, 4, 3, 4, 3, 4, 4, 4, 4, 4, 4, 4, 3, 4, 3, 4, 4, 3, 4, 4, 4, 4, 4, 4, 1, 4, 3, 1, 4, 3, 4, 4, 3, 4, 4, 4, 3, 3, 4, 3, 4, 3, 4, 4, 4, 4, 4, 4, 4, 3, 4, 4, 3, 4, 3, 4, 3, 4, 3, 4, 3, 4, 3, 4, 4, 4, 4, 3, 4, 1, 4, 4, 4, 3, 4, 4, 3, 4, 4, 4, 3, 4, 4, 1, 4]",1.6169336757697033
321,4,4,pivot_kg,3,4,72,21548.0,125607.0,215.66054188017733,2.620666765031554,12.15514700877446,"[4, 1, 6, 5]",,
321,4,4,uniform_v2,4,4,72,21548.0,124158.0,213.26538970106049,-34.27782048997737,49.05363426378339,"[3, 5, 1, 6]",,
321,4,4,ivr_v2,3,4,72,21548.0,125607.0,215.66054188017733,2.620666765031554,12.15514700877446,"[5, 4, 1, 6]",,
321,4,4,lucb_v2,3,4,72,21548.0,124417.0,214.0020147190662,2.620666765031554,12.15514700877446,"[5, 4, 1, 3]",,
321,4,4,no_hf_v2,4,0,0,0.0,0.0,0.0,-34.27782048997737,49.05363426378339,[],,
321,4,4,proxy_only,4,0,0,0.0,0.0,0.0,-34.27782048997737,49.05363426378339,[],,
321,4,4,global_voi_heuristic,1,4,72,21563.0,127985.0,219.79702685127268,-11.565144430721011,26.340958204527027,"[5, 2, 6, 4]",,
321,4,4,uniform_v2_expected_100,,4,72,21565.32,125348.86,215.7700633197301,-13.358092773964644,28.133906547770657,,"[4, 1, 4, 3, 1, 3, 4, 1, 3, 4, 4, 3, 4, 3, 1, 1, 3, 3, 3, 1, 4, 4, 3, 3, 1, 3, 4, 1, 4, 1, 4, 4, 3, 4, 4, 3, 4, 4, 1, 3, 1, 3, 1, 4, 1, 4, 3, 3, 3, 3, 4, 3, 1, 4, 3, 3, 3, 3, 3, 3, 3, 4, 3, 4, 3, 4, 4, 3, 4, 3, 3, 3, 4, 3, 4, 1, 4, 3, 4, 4, 1, 3, 3, 4, 3, 4, 3, 1, 3, 3, 4, 3, 4, 1, 4, 3, 1, 3, 3, 4]",1.6607584043166508
321,4,1,author_PIVOT_VOI_E5C,3,1,24,7200.0,41361.0,71.352246438968,2.620666765031554,12.15514700877446,[4],,
321,4,1,author_GlobalVOI_E5C,4,1,24,7200.0,41102.0,70.61562142096227,-34.27782048997737,49.05363426378339,[6],,
321,4,1,author_Uniform_E5C,4,1,24,7200.0,39912.0,68.95709425985115,-34.27782048997737,49.05363426378339,[3],,
321,4,1,author_LUCB_E5C,3,1,24,7200.0,41361.0,71.352246438968,2.620666765031554,12.15514700877446,[4],,
321,4,2,author_PIVOT_VOI_E5C,5,2,40,11964.0,70837.0,121.19525334518403,3.271044882990397,11.504768890815617,"[4, 5]",,
321,4,2,author_GlobalVOI_E5C,4,2,40,11964.0,70578.0,120.4586283271783,-34.27782048997737,49.05363426378339,"[6, 5]",,
321,4,2,author_Uniform_E5C,4,2,40,11999.0,68604.0,118.64053041295847,-34.27782048997737,49.05363426378339,"[3, 2]",,
321,4,2,author_LUCB_E5C,1,2,40,12000.0,68627.0,118.6120566308382,-11.565144430721011,26.340958204527027,"[4, 3]",,
321,4,4,author_PIVOT_VOI_E5C,5,4,72,21548.0,124417.0,214.0020147190662,3.271044882990397,11.504768890815617,"[4, 5, 3, 1]",,
321,4,4,author_GlobalVOI_E5C,4,4,72,21563.0,126536.0,217.40187467215583,-34.27782048997737,49.05363426378339,"[6, 5, 3, 2]",,
321,4,4,author_Uniform_E5C,3,4,72,21583.0,123633.0,213.8424439659575,2.620666765031554,12.15514700877446,"[3, 2, 1, 4]",,
321,4,4,author_LUCB_E5C,3,4,72,21584.0,123397.0,213.0773451658315,2.620666765031554,12.15514700877446,"[4, 3, 1, 6]",,
321,12,1,pivot_kg,3,1,56,16800.0,98842.0,170.731557095889,2.620666765031554,12.15514700877446,[4],,
321,12,1,uniform_v2,4,1,56,16800.0,95712.0,165.97040308074793,-15.601160937966013,30.37697471177203,[3],,
321,12,1,ivr_v2,4,1,56,16764.0,98821.0,169.59421648515854,-15.601160937966013,30.37697471177203,[5],,
321,12,1,lucb_v2,4,1,56,16764.0,98821.0,169.59421648515854,-15.601160937966013,30.37697471177203,[5],,
321,12,1,no_hf_v2,4,0,0,0.0,0.0,0.0,-15.601160937966013,30.37697471177203,[],,
321,12,1,proxy_only,4,0,0,0.0,0.0,0.0,-15.601160937966013,30.37697471177203,[],,
321,12,1,global_voi_heuristic,4,1,56,16764.0,98821.0,169.59421648515854,-15.601160937966013,30.37697471177203,[5],,
321,12,1,uniform_v2_expected_100,,1,56,16789.48,97452.57,168.32431760150473,-12.139013674396471,26.914827448202487,,"[4, 4, 4, 4, 4, 3, 4, 4, 3, 4, 4, 4, 4, 4, 4, 4, 4, 3, 4, 4, 4, 4, 4, 4, 4, 4, 4, 3, 4, 3, 4, 4, 3, 4, 4, 4, 4, 4, 4, 3, 4, 4, 4, 4, 3, 4, 4, 3, 4, 4, 4, 4, 4, 4, 3, 4, 3, 4, 4, 4, 4, 4, 4, 4, 4, 4, 4, 3, 4, 3, 4, 3, 4, 4, 4, 3, 4, 3, 4, 4, 4, 4, 4, 4, 3, 4, 4, 4, 4, 4, 4, 3, 4, 4, 4, 4, 4, 4, 3, 4]",0.7184452014736202
321,12,2,pivot_kg,3,2,88,26384.0,153986.0,266.466769848892,2.620666765031554,12.15514700877446,"[4, 1]",,
321,12,2,uniform_v2,4,2,88,26364.0,153829.0,265.37477525899885,-15.601160937966013,30.37697471177203,"[3, 5]",,
321,12,2,ivr_v2,3,2,88,26364.0,156959.0,270.1359292741399,2.620666765031554,12.15514700877446,"[5, 4]",,
321,12,2,lucb_v2,3,2,88,26364.0,156959.0,270.1359292741399,2.620666765031554,12.15514700877446,"[5, 4]",,
321,12,2,no_hf_v2,4,0,0,0.0,0.0,0.0,-15.601160937966013,30.37697471177203,[],,
321,12,2,proxy_only,4,0,0,0.0,0.0,0.0,-15.601160937966013,30.37697471177203,[],,
321,12,2,global_voi_heuristic,4,2,88,26364.0,156569.0,268.8580078629893,-15.601160937966013,30.37697471177203,"[5, 6]",,
321,12,2,uniform_v2_expected_100,,2,88,26376.54,153993.41,266.16197560556117,-10.134612627066744,24.91042640087276,,"[4, 4, 4, 4, 3, 3, 4, 4, 3, 4, 4, 4, 4, 4, 4, 4, 4, 3, 4, 3, 4, 4, 4, 4, 4, 4, 4, 3, 4, 3, 4, 4, 3, 4, 4, 4, 4, 4, 4, 3, 4, 3, 3, 4, 3, 4, 4, 3, 4, 4, 4, 3, 3, 4, 3, 4, 3, 4, 4, 4, 4, 4, 4, 4, 3, 4, 4, 3, 4, 3, 4, 3, 4, 3, 4, 3, 4, 3, 4, 4, 4, 4, 3, 4, 3, 4, 4, 4, 3, 4, 4, 3, 4, 4, 4, 3, 4, 4, 3, 4]",0.8392357695716488
321,12,4,pivot_kg,3,4,152,45548.0,269851.0,465.1349334049737,2.620666765031554,12.15514700877446,"[4, 1, 6, 5]",,
321,12,4,uniform_v2,4,4,152,45548.0,266721.0,460.37377938983263,-15.601160937966013,30.37697471177203,"[3, 5, 1, 6]",,
321,12,4,ivr_v2,3,4,152,45548.0,269851.0,465.1349334049737,2.620666765031554,12.15514700877446,"[5, 4, 6, 1]",,
321,12,4,lucb_v2,3,4,152,45548.0,269851.0,465.1349334049737,2.620666765031554,12.15514700877446,"[5, 4, 1, 6]",,
321,12,4,no_hf_v2,4,0,0,0.0,0.0,0.0,-15.601160937966013,30.37697471177203,[],,
321,12,4,proxy_only,4,0,0,0.0,0.0,0.0,-15.601160937966013,30.37697471177203,[],,
321,12,4,global_voi_heuristic,4,4,152,45546.0,267288.0,461.7655327190296,-15.601160937966013,30.37697471177203,"[5, 6, 2, 3]",,
321,12,4,uniform_v2_expected_100,,4,152,45553.76,267411.22,462.2498947882117,-3.9391912080475695,18.715004981853582,,"[4, 3, 4, 3, 3, 3, 4, 3, 3, 4, 4, 3, 4, 3, 3, 3, 3, 3, 3, 3, 4, 4, 3, 3, 3, 3, 4, 3, 4, 3, 4, 4, 3, 4, 4, 3, 4, 4, 3, 3, 3, 3, 3, 4, 3, 4, 3, 3, 3, 3, 4, 3, 3, 4, 3, 3, 3, 3, 3, 3, 3, 4, 3, 4, 3, 4, 4, 3, 4, 3, 3, 3, 4, 3, 4, 3, 4, 3, 4, 4, 3, 3, 3, 4, 3, 4, 3, 3, 3, 3, 4, 3, 4, 3, 4, 3, 3, 3, 3, 4]",0.8790540434232224
321,12,1,author_PIVOT_VOI_E5C,3,1,56,16800.0,98842.0,170.731557095889,2.620666765031554,12.15514700877446,[4],,
321,12,1,author_GlobalVOI_E5C,4,1,56,16800.0,98452.0,169.4536356847384,-15.601160937966013,30.37697471177203,[6],,
321,12,1,author_Uniform_E5C,4,1,56,16800.0,95712.0,165.97040308074793,-15.601160937966013,30.37697471177203,[3],,
321,12,1,author_LUCB_E5C,3,1,56,16800.0,98842.0,170.731557095889,2.620666765031554,12.15514700877446,[4],,
321,12,2,author_PIVOT_VOI_E5C,5,2,88,26364.0,156959.0,270.1359292741399,3.271044882990397,11.504768890815617,"[4, 5]",,
321,12,2,author_GlobalVOI_E5C,4,2,88,26364.0,156569.0,268.8580078629893,-15.601160937966013,30.37697471177203,"[6, 5]",,
321,12,2,author_Uniform_E5C,4,2,88,26382.0,151423.0,263.09736916294787,-15.601160937966013,30.37697471177203,"[3, 2]",,
321,12,2,author_LUCB_E5C,3,2,88,26400.0,153850.0,266.5121158697293,2.620666765031554,12.15514700877446,"[4, 3]",,
321,12,4,author_PIVOT_VOI_E5C,5,4,152,45530.0,267814.0,462.99810810934287,3.271044882990397,11.504768890815617,"[4, 5, 1, 2]",,
321,12,4,author_GlobalVOI_E5C,4,4,152,45546.0,267288.0,461.7655327190296,-15.601160937966013,30.37697471177203,"[6, 5, 3, 2]",,
321,12,4,author_Uniform_E5C,3,4,152,45566.0,264705.0,459.37429470493225,2.620666765031554,12.15514700877446,"[3, 2, 1, 4]",,
321,12,4,author_LUCB_E5C,3,4,152,45566.0,264705.0,459.37429470493225,2.620666765031554,12.15514700877446,"[4, 3, 2, 1]",,
322,4,1,pivot_kg,3,1,24,7200.0,49480.0,83.33494308288209,10.331481731864871,32.86956065429749,[4],,
322,4,1,uniform_v2,4,1,24,7200.0,49262.0,83.08023050491465,-12.505904543881208,55.706946930043564,[1],,
322,4,1,ivr_v2,4,1,24,7200.0,47290.0,80.36258424585685,-12.505904543881208,55.706946930043564,[5],,
322,4,1,lucb_v2,4,1,24,7200.0,47290.0,80.36258424585685,-12.505904543881208,55.706946930043564,[5],,
322,4,1,no_hf_v2,4,0,0,0.0,0.0,0.0,-12.505904543881208,55.706946930043564,[],,
322,4,1,proxy_only,3,0,0,0.0,0.0,0.0,10.331481731864871,32.86956065429749,[],,
322,4,1,global_voi_heuristic,3,1,24,7200.0,49480.0,83.33494308288209,10.331481731864871,32.86956065429749,[4],,
322,4,1,uniform_v2_expected_100,,1,24,7187.44,48017.59,81.20433576356794,-8.623548877004374,51.82459126316673,,"[4, 4, 3, 3, 4, 3, 4, 4, 3, 4, 4, 4, 4, 3, 4, 4, 4, 4, 4, 4, 3, 4, 3, 4, 3, 4, 4, 4, 4, 4, 4, 4, 4, 4, 4, 4, 4, 4, 4, 4, 4, 4, 4, 4, 4, 4, 3, 4, 4, 4, 4, 4, 4, 3, 4, 4, 4, 4, 4, 4, 4, 4, 4, 4, 4, 4, 3, 4, 4, 3, 4, 4, 4, 4, 4, 4, 3, 4, 4, 3, 4, 4, 4, 4, 4, 3, 4, 4, 4, 4, 3, 4, 4, 4, 3, 4, 4, 4, 4, 4]",0.8621688091999419
322,4,2,pivot_kg,3,2,40,12000.0,79651.0,135.22369538177736,10.331481731864871,32.86956065429749,"[4, 5]",,
322,4,2,uniform_v2,4,2,40,11996.0,80185.0,135.8129896618775,-12.505904543881208,55.706946930043564,"[1, 3]",,
322,4,2,ivr_v2,3,2,40,12000.0,79651.0,135.22369538177736,10.331481731864871,32.86956065429749,"[5, 4]",,
322,4,2,lucb_v2,3,2,40,12000.0,79651.0,135.22369538177736,10.331481731864871,32.86956065429749,"[5, 4]",,
322,4,2,no_hf_v2,4,0,0,0.0,0.0,0.0,-12.505904543881208,55.706946930043564,[],,
322,4,2,proxy_only,3,0,0,0.0,0.0,0.0,10.331481731864871,32.86956065429749,[],,
322,4,2,global_voi_heuristic,3,2,40,11940.0,79526.0,134.85377615399193,10.331481731864871,32.86956065429749,"[4, 2]",,
322,4,2,uniform_v2_expected_100,,2,40,11980.56,78948.77,133.96770075229114,-4.211854116013539,47.4128965021759,,"[4, 4, 6, 3, 4, 3, 4, 4, 3, 4, 4, 4, 4, 3, 4, 4, 4, 4, 4, 4, 3, 4, 3, 4, 3, 4, 4, 3, 4, 4, 4, 3, 4, 4, 4, 3, 3, 4, 3, 4, 4, 4, 4, 4, 4, 3, 3, 4, 3, 4, 4, 3, 4, 3, 4, 4, 4, 4, 3, 4, 3, 6, 4, 4, 4, 4, 3, 4, 4, 3, 4, 4, 4, 3, 4, 4, 3, 4, 4, 6, 4, 3, 3, 4, 4, 3, 4, 4, 4, 4, 3, 3, 4, 4, 3, 4, 4, 4, 4, 4]",1.3316468388602498
322,4,4,pivot_kg,6,4,72,21600.0,141432.0,240.40616006671917,43.20104238616236,0.0,"[4, 5, 6, 1]",,
322,4,4,uniform_v2,3,4,72,21596.0,142717.0,242.5628530966933,10.331481731864871,32.86956065429749,"[1, 3, 4, 5]",,
322,4,4,ivr_v2,6,4,72,21600.0,141432.0,240.40616006671917,43.20104238616236,0.0,"[5, 4, 1, 6]",,
322,4,4,lucb_v2,3,4,72,21596.0,142717.0,242.5628530966933,10.331481731864871,32.86956065429749,"[5, 4, 3, 1]",,
322,4,4,no_hf_v2,4,0,0,0.0,0.0,0.0,-12.505904543881208,55.706946930043564,[],,
322,4,4,proxy_only,3,0,0,0.0,0.0,0.0,10.331481731864871,32.86956065429749,[],,
322,4,4,global_voi_heuristic,3,4,72,21536.0,140620.0,239.47528760985006,10.331481731864871,32.86956065429749,"[4, 2, 3, 5]",,
322,4,4,uniform_v2_expected_100,,4,72,21561.6,140795.47,239.46202498751867,21.28528935283456,21.915753033327796,,"[3, 6, 6, 3, 4, 6, 4, 3, 6, 3, 6, 3, 3, 6, 4, 4, 3, 6, 6, 6, 6, 3, 3, 4, 3, 3, 4, 6, 6, 3, 4, 3, 6, 3, 3, 3, 6, 6, 3, 4, 4, 6, 4, 6, 6, 6, 3, 6, 6, 6, 6, 3, 6, 6, 4, 4, 6, 3, 3, 6, 6, 6, 6, 4, 6, 4, 6, 4, 6, 6, 4, 3, 4, 3, 4, 4, 6, 6, 6, 6, 6, 6, 3, 3, 6, 6, 4, 6, 6, 6, 6, 6, 4, 6, 3, 4, 4, 6, 4, 6]",2.347122025086329
322,4,1,author_PIVOT_VOI_E5C,4,1,24,7200.0,49262.0,83.08023050491465,-12.505904543881208,55.706946930043564,[1],,
322,4,1,author_GlobalVOI_E5C,4,1,24,7196.0,48042.0,81.20659110392444,-12.505904543881208,55.706946930043564,[3],,
322,4,1,author_Uniform_E5C,3,1,24,7200.0,49262.0,83.08023050491465,10.331481731864871,32.86956065429749,[1],,
322,4,1,author_LUCB_E5C,3,1,24,7200.0,49480.0,83.33494308288209,10.331481731864871,32.86956065429749,[4],,
322,4,2,author_PIVOT_VOI_E5C,4,2,40,11940.0,79308.0,134.5990635760245,-12.505904543881208,55.706946930043564,"[1, 2]",,
322,4,2,author_GlobalVOI_E5C,3,2,40,11996.0,80403.0,136.06770223984495,10.331481731864871,32.86956065429749,"[3, 4]",,
322,4,2,author_Uniform_E5C,3,2,40,12000.0,79433.0,134.96898280380992,10.331481731864871,32.86956065429749,"[1, 5]",,
322,4,2,author_LUCB_E5C,3,2,40,11996.0,80403.0,136.06770223984495,10.331481731864871,32.86956065429749,"[4, 3]",,
322,4,4,author_PIVOT_VOI_E5C,3,4,72,21536.0,142592.0,242.19293386890786,10.331481731864871,32.86956065429749,"[1, 2, 3, 4]",,
322,4,4,author_GlobalVOI_E5C,6,4,72,21536.0,140087.0,238.16260143794352,43.20104238616236,0.0,"[3, 4, 2, 6]",,
322,4,4,author_Uniform_E5C,3,4,72,21536.0,140402.0,239.22057503188262,10.331481731864871,32.86956065429749,"[1, 5, 2, 3]",,
322,4,4,author_LUCB_E5C,6,4,72,21536.0,140087.0,238.16260143794352,43.20104238616236,0.0,"[4, 3, 2, 6]",,
322,12,1,pivot_kg,3,1,56,16800.0,118509.0,199.91454975988017,36.21877949872875,0.0,[4],,
322,12,1,uniform_v2,3,1,56,16800.0,118435.0,199.8234764818335,36.21877949872875,0.0,[1],,
322,12,1,ivr_v2,4,1,56,16800.0,115672.0,196.00545193388825,-12.505904543881208,48.72468404260996,[5],,
322,12,1,lucb_v2,4,1,56,16800.0,115672.0,196.00545193388825,-12.505904543881208,48.72468404260996,[5],,
322,12,1,no_hf_v2,4,0,0,0.0,0.0,0.0,-12.505904543881208,48.72468404260996,[],,
322,12,1,proxy_only,3,0,0,0.0,0.0,0.0,36.21877949872875,0.0,[],,
322,12,1,global_voi_heuristic,3,1,56,16800.0,118509.0,199.91454975988017,36.21877949872875,0.0,[4],,
322,12,1,uniform_v2_expected_100,,1,56,16781.72,117048.03,197.72345823775336,11.369190636997674,24.84958886173108,,"[4, 4, 3, 3, 4, 3, 4, 4, 3, 4, 3, 3, 4, 3, 3, 4, 3, 4, 4, 4, 3, 3, 3, 4, 3, 3, 3, 4, 4, 3, 3, 4, 4, 4, 3, 3, 4, 3, 4, 4, 4, 4, 4, 4, 4, 4, 3, 4, 3, 3, 4, 4, 4, 3, 4, 4, 3, 4, 3, 4, 3, 4, 4, 4, 3, 3, 3, 3, 4, 3, 3, 3, 4, 4, 4, 4, 3, 4, 4, 3, 3, 3, 3, 3, 4, 3, 3, 4, 3, 4, 3, 3, 3, 4, 3, 4, 3, 3, 4, 4]",2.448017749489065
322,12,2,pivot_kg,3,2,88,26400.0,182543.0,309.38348115974804,36.21877949872875,0.0,"[4, 5]",,
322,12,2,uniform_v2,3,2,88,26398.0,184424.0,311.8443813418853,36.21877949872875,0.0,"[1, 3]",,
322,12,2,ivr_v2,3,2,88,26400.0,182543.0,309.38348115974804,36.21877949872875,0.0,"[5, 4]",,
322,12,2,lucb_v2,3,2,88,26400.0,182543.0,309.38348115974804,36.21877949872875,0.0,"[5, 4]",,
322,12,2,no_hf_v2,4,0,0,0.0,0.0,0.0,-12.505904543881208,48.72468404260996,[],,
322,12,2,proxy_only,3,0,0,0.0,0.0,0.0,36.21877949872875,0.0,[],,
322,12,2,global_voi_heuristic,3,2,88,26398.0,184498.0,311.935454619932,36.21877949872875,0.0,"[4, 3]",,
322,12,2,uniform_v2_expected_100,,2,88,26368.08,182489.35,308.9345975002169,8.237733418715278,27.98104608001347,,"[4, 4, 6, 3, 4, 3, 4, 4, 3, 4, 4, 4, 4, 3, 4, 4, 4, 4, 4, 4, 3, 3, 3, 4, 3, 4, 4, 3, 4, 3, 4, 3, 4, 4, 3, 3, 3, 4, 3, 4, 4, 4, 4, 4, 4, 3, 3, 4, 3, 4, 3, 3, 4, 3, 4, 4, 4, 4, 3, 4, 3, 6, 4, 4, 4, 4, 3, 4, 4, 3, 4, 4, 3, 3, 4, 3, 3, 4, 4, 6, 4, 3, 3, 3, 4, 3, 4, 4, 4, 4, 3, 3, 3, 4, 3, 4, 3, 3, 3, 4]",2.4031480179822795
322,12,4,pivot_kg,6,4,152,45560.0,313044.0,530.8490340136341,29.2862403078689,6.932539190859849,"[4, 5, 6, 1]",,
322,12,4,uniform_v2,3,4,152,45598.0,315329.0,534.691341967613,36.21877949872875,0.0,"[1, 3, 4, 5]",,
322,12,4,ivr_v2,6,4,152,45560.0,313044.0,530.8490340136341,29.2862403078689,6.932539190859849,"[5, 4, 6, 1]",,
322,12,4,lucb_v2,6,4,152,45558.0,312236.0,529.5829829258728,29.2862403078689,6.932539190859849,"[5, 4, 3, 6]",,
322,12,4,no_hf_v2,4,0,0,0.0,0.0,0.0,-12.505904543881208,48.72468404260996,[],,
322,12,4,proxy_only,3,0,0,0.0,0.0,0.0,36.21877949872875,0.0,[],,
322,12,4,global_voi_heuristic,3,4,152,45538.0,313427.0,531.8857631419669,36.21877949872875,0.0,"[4, 3, 2, 5]",,
322,12,4,uniform_v2_expected_100,,4,152,45533.6,313257.66,531.176124502868,21.05858573307244,15.16019376565631,,"[3, 6, 6, 3, 4, 6, 4, 3, 6, 3, 6, 3, 3, 6, 4, 4, 3, 6, 6, 6, 6, 3, 3, 4, 3, 3, 4, 6, 6, 3, 4, 3, 6, 3, 3, 3, 6, 6, 3, 4, 4, 6, 4, 6, 6, 6, 3, 6, 6, 6, 6, 3, 6, 6, 4, 4, 6, 3, 3, 6, 6, 6, 6, 4, 6, 4, 6, 4, 6, 6, 4, 3, 4, 3, 4, 4, 6, 6, 6, 6, 6, 6, 3, 3, 6, 6, 4, 6, 6, 6, 6, 6, 4, 6, 3, 4, 4, 6, 4, 6]",1.9174407796859927
322,12,1,author_PIVOT_VOI_E5C,3,1,56,16800.0,118435.0,199.8234764818335,36.21877949872875,0.0,[1],,
322,12,1,author_GlobalVOI_E5C,4,1,56,16798.0,117627.0,198.5574253940722,-12.505904543881208,48.72468404260996,[3],,
322,12,1,author_Uniform_E5C,3,1,56,16800.0,118435.0,199.8234764818335,36.21877949872875,0.0,[1],,
322,12,1,author_LUCB_E5C,4,1,56,16798.0,117627.0,198.5574253940722,-12.505904543881208,48.72468404260996,[3],,
322,12,2,author_PIVOT_VOI_E5C,6,2,88,26360.0,182139.0,308.0020733879064,29.2862403078689,6.932539190859849,"[1, 6]",,
322,12,2,author_GlobalVOI_E5C,2,2,88,26398.0,184498.0,311.935454619932,8.56525230097613,27.65352719775262,"[3, 4]",,
322,12,2,author_Uniform_E5C,3,2,88,26400.0,182469.0,309.29240788170137,36.21877949872875,0.0,"[1, 5]",,
322,12,2,author_LUCB_E5C,2,2,88,26398.0,184498.0,311.935454619932,8.56525230097613,27.65352719775262,"[3, 4]",,
322,12,4,author_PIVOT_VOI_E5C,6,4,152,45558.0,314999.0,533.401007473818,29.2862403078689,6.932539190859849,"[1, 6, 4, 3]",,
322,12,4,author_GlobalVOI_E5C,6,4,152,45498.0,313097.0,530.595428648172,29.2862403078689,6.932539190859849,"[3, 4, 2, 6]",,
322,12,4,author_Uniform_E5C,0,4,152,45538.0,313353.0,531.7946898639202,0.0,36.21877949872875,"[1, 5, 2, 3]",,
322,12,4,author_LUCB_E5C,6,4,152,45498.0,313097.0,530.595428648172,29.2862403078689,6.932539190859849,"[3, 4, 2, 6]",,
323,4,1,pivot_kg,4,1,24,7200.0,49309.0,83.96241157728946,-3.882440319840331,28.525721667020175,[5],,
323,4,1,uniform_v2,4,1,24,7200.0,49309.0,83.96241157728946,-3.882440319840331,28.525721667020175,[5],,
323,4,1,ivr_v2,4,1,24,7200.0,49309.0,83.96241157728946,-3.882440319840331,28.525721667020175,[5],,
323,4,1,lucb_v2,4,1,24,7200.0,49309.0,83.96241157728946,-3.882440319840331,28.525721667020175,[5],,
323,4,1,no_hf_v2,4,0,0,0.0,0.0,0.0,-3.882440319840331,28.525721667020175,[],,
323,4,1,proxy_only,5,0,0,0.0,0.0,0.0,24.643281347179844,0.0,[],,
323,4,1,global_voi_heuristic,4,1,24,7200.0,49309.0,83.96241157728946,-3.882440319840331,28.525721667020175,[5],,
323,4,1,uniform_v2_expected_100,,1,24,7200.0,49670.02,84.89926131429442,-3.8824403198403297,28.525721667020175,,"[4, 4, 4, 4, 4, 4, 4, 4, 4, 4, 4, 4, 4, 4, 4, 4, 4, 4, 4, 4, 4, 4, 4, 4, 4, 4, 4, 4, 4, 4, 4, 4, 4, 4, 4, 4, 4, 4, 4, 4, 4, 4, 4, 4, 4, 4, 4, 4, 4, 4, 4, 4, 4, 4, 4, 4, 4, 4, 4, 4, 4, 4, 4, 4, 4, 4, 4, 4, 4, 4, 4, 4, 4, 4, 4, 4, 4, 4, 4, 4, 4, 4, 4, 4, 4, 4, 4, 4, 4, 4, 4, 4, 4, 4, 4, 4, 4, 4, 4, 4]",1.33897934774369e-16
323,4,2,pivot_kg,4,2,40,12000.0,82659.0,141.64161196834175,-3.882440319840331,28.525721667020175,"[5, 4]",,
323,4,2,uniform_v2,4,2,40,12000.0,82301.0,140.53226977429586,-3.882440319840331,28.525721667020175,"[5, 2]",,
323,4,2,ivr_v2,4,2,40,12000.0,82659.0,141.64161196834175,-3.882440319840331,28.525721667020175,"[5, 4]",,
323,4,2,lucb_v2,4,2,40,12000.0,82659.0,141.64161196834175,-3.882440319840331,28.525721667020175,"[5, 4]",,
323,4,2,no_hf_v2,4,0,0,0.0,0.0,0.0,-3.882440319840331,28.525721667020175,[],,
323,4,2,proxy_only,5,0,0,0.0,0.0,0.0,24.643281347179844,0.0,[],,
323,4,2,global_voi_heuristic,4,2,40,12000.0,82659.0,141.64161196834175,-3.882440319840331,28.525721667020175,"[5, 4]",,
323,4,2,uniform_v2_expected_100,,2,40,12000.0,82394.75,141.16521819711022,2.5485160596977217,22.094765287482122,,"[4, 5, 4, 5, 4, 4, 4, 4, 0, 5, 4, 4, 4, 5, 4, 4, 4, 4, 4, 5, 4, 4, 4, 4, 5, 4, 4, 4, 4, 5, 4, 4, 4, 4, 4, 4, 4, 4, 4, 4, 0, 4, 0, 5, 4, 4, 5, 4, 4, 4, 5, 4, 4, 5, 4, 5, 5, 4, 4, 5, 4, 4, 5, 5, 4, 4, 5, 4, 4, 4, 5, 4, 4, 4, 4, 4, 4, 5, 5, 4, 4, 4, 4, 4, 4, 4, 4, 4, 4, 4, 4, 0, 4, 4, 4, 5, 4, 4, 4, 5]",1.1817784450073312
323,4,4,pivot_kg,0,4,72,21600.0,147044.0,252.42640921741258,0.0,24.643281347179844,"[5, 4, 1, 6]",,
323,4,4,uniform_v2,0,4,72,21600.0,147146.0,252.64046902448172,0.0,24.643281347179844,"[5, 2, 4, 6]",,
323,4,4,ivr_v2,0,4,72,21600.0,147044.0,252.42640921741258,0.0,24.643281347179844,"[5, 4, 1, 6]",,
323,4,4,lucb_v2,0,4,72,21600.0,147044.0,252.42640921741258,0.0,24.643281347179844,"[5, 4, 1, 6]",,
323,4,4,no_hf_v2,4,0,0,0.0,0.0,0.0,-3.882440319840331,28.525721667020175,[],,
323,4,4,proxy_only,5,0,0,0.0,0.0,0.0,24.643281347179844,0.0,[],,
323,4,4,global_voi_heuristic,0,4,72,21600.0,147044.0,252.42640921741258,0.0,24.643281347179844,"[5, 4, 1, 6]",,
323,4,4,uniform_v2_expected_100,,4,72,21600.0,147845.28,253.74523233576912,-0.7478804957595766,25.39116184293942,,"[0, 5, 4, 0, 0, 4, 4, 0, 0, 4, 4, 4, 4, 4, 4, 4, 4, 4, 4, 0, 0, 4, 4, 4, 4, 4, 0, 0, 0, 0, 0, 4, 4, 0, 4, 0, 4, 4, 0, 0, 0, 0, 0, 0, 0, 4, 4, 0, 0, 0, 4, 0, 4, 0, 4, 4, 0, 4, 4, 5, 4, 5, 4, 5, 4, 0, 0, 4, 0, 4, 0, 0, 4, 4, 0, 4, 0, 5, 4, 0, 4, 4, 4, 4, 0, 0, 4, 4, 0, 4, 0, 0, 4, 4, 0, 0, 0, 4, 4, 0]",0.6153970992667548
323,4,1,author_PIVOT_VOI_E5C,4,1,24,7200.0,49926.0,85.10383456002455,-3.882440319840331,28.525721667020175,[1],,
323,4,1,author_GlobalVOI_E5C,0,1,24,7200.0,50386.0,86.42723656113958,0.0,24.643281347179844,[4],,
323,4,1,author_Uniform_E5C,5,1,24,7200.0,50028.0,85.31789436709369,24.643281347179844,0.0,[2],,
323,4,1,author_LUCB_E5C,0,1,24,7200.0,50386.0,86.42723656113958,0.0,24.643281347179844,[4],,
323,4,2,author_PIVOT_VOI_E5C,2,2,40,12000.0,82918.0,141.67369275703095,-5.473063459053593,30.116344806233435,"[1, 2]",,
323,4,2,author_GlobalVOI_E5C,5,2,40,12000.0,82659.0,141.64161196834175,24.643281347179844,0.0,"[4, 5]",,
323,4,2,author_Uniform_E5C,2,2,40,12000.0,82301.0,140.53226977429586,-5.473063459053593,30.116344806233435,"[2, 5]",,
323,4,2,author_LUCB_E5C,5,2,40,12000.0,82659.0,141.64161196834175,24.643281347179844,0.0,"[4, 5]",,
323,4,4,author_PIVOT_VOI_E5C,2,4,72,21600.0,149385.0,256.37220424209954,-5.473063459053593,30.116344806233435,"[1, 2, 3, 4]",,
323,4,4,author_GlobalVOI_E5C,5,4,72,21600.0,147044.0,252.42640921741258,24.643281347179844,0.0,"[4, 5, 1, 6]",,
323,4,4,author_Uniform_E5C,2,4,72,21600.0,146913.0,251.98057972744573,-5.473063459053593,30.116344806233435,"[2, 5, 3, 6]",,
323,4,4,author_LUCB_E5C,5,4,72,21600.0,147044.0,252.42640921741258,24.643281347179844,0.0,"[4, 5, 6, 1]",,
323,12,1,pivot_kg,0,1,56,16800.0,113552.0,195.07346148323268,0.0,8.469511450148836,[5],,
323,12,1,uniform_v2,0,1,56,16800.0,113552.0,195.07346148323268,0.0,8.469511450148836,[5],,
323,12,1,ivr_v2,0,1,56,16800.0,113552.0,195.07346148323268,0.0,8.469511450148836,[5],,
323,12,1,lucb_v2,0,1,56,16800.0,113552.0,195.07346148323268,0.0,8.469511450148836,[5],,
323,12,1,no_hf_v2,4,0,0,0.0,0.0,0.0,-4.828523196451615,13.29803464660045,[],,
323,12,1,proxy_only,5,0,0,0.0,0.0,0.0,-6.520078391109993,14.98958984125883,[],,
323,12,1,global_voi_heuristic,4,1,56,16800.0,114478.0,196.716391364811,-4.828523196451615,13.29803464660045,[4],,
323,12,1,uniform_v2_expected_100,,1,56,16797.36,113399.19,194.79399567446904,-4.200815180912904,12.67032663106174,,"[4, 4, 4, 4, 4, 0, 4, 0, 4, 4, 0, 4, 4, 4, 4, 4, 4, 4, 4, 4, 4, 0, 4, 0, 4, 4, 4, 0, 4, 4, 4, 4, 4, 4, 4, 4, 4, 4, 4, 4, 4, 0, 4, 4, 0, 4, 4, 4, 4, 4, 4, 4, 4, 4, 4, 4, 4, 4, 4, 4, 4, 4, 4, 4, 4, 4, 4, 4, 4, 4, 4, 4, 0, 0, 4, 0, 4, 4, 4, 4, 4, 4, 4, 4, 4, 4, 4, 0, 4, 4, 4, 4, 4, 4, 4, 4, 4, 0, 4, 4]",0.16320295850630084
323,12,2,pivot_kg,0,2,88,26400.0,178437.0,307.08034748595674,0.0,8.469511450148836,"[5, 4]",,
323,12,2,uniform_v2,0,2,88,26400.0,175829.0,302.5437896500807,0.0,8.469511450148836,"[5, 2]",,
323,12,2,ivr_v2,0,2,88,26400.0,178437.0,307.08034748595674,0.0,8.469511450148836,"[5, 4]",,
323,12,2,lucb_v2,0,2,88,26400.0,178437.0,307.08034748595674,0.0,8.469511450148836,"[5, 4]",,
323,12,2,no_hf_v2,4,0,0,0.0,0.0,0.0,-4.828523196451615,13.29803464660045,[],,
323,12,2,proxy_only,5,0,0,0.0,0.0,0.0,-6.520078391109993,14.98958984125883,[],,
323,12,2,global_voi_heuristic,0,2,88,26400.0,178437.0,307.08034748595674,0.0,8.469511450148836,"[4, 5]",,
323,12,2,uniform_v2_expected_100,,2,88,26395.68,177111.03,304.766109883415,-3.283395773587097,11.752907223735933,,"[4, 0, 4, 0, 4, 0, 0, 4, 4, 4, 4, 4, 4, 4, 4, 4, 4, 4, 4, 0, 4, 0, 4, 4, 0, 0, 4, 4, 0, 4, 4, 4, 0, 0, 4, 4, 4, 4, 4, 4, 4, 0, 4, 0, 0, 0, 0, 4, 4, 4, 4, 4, 0, 4, 4, 4, 4, 4, 4, 4, 0, 0, 0, 0, 4, 4, 0, 0, 4, 4, 4, 4, 4, 0, 4, 0, 0, 4, 4, 4, 4, 4, 0, 4, 4, 4, 4, 0, 0, 4, 4, 4, 4, 4, 4, 0, 4, 0, 4, 0]",0.22637380478714147
323,12,4,pivot_kg,4,4,152,45588.0,307109.0,528.9523342899629,-4.828523196451615,13.29803464660045,"[5, 4, 6, 1]",,
323,12,4,uniform_v2,0,4,152,45588.0,303946.0,522.9100528877461,0.0,8.469511450148836,"[5, 2, 4, 6]",,
323,12,4,ivr_v2,4,4,152,45588.0,307109.0,528.9523342899629,-4.828523196451615,13.29803464660045,"[5, 4, 6, 1]",,
323,12,4,lucb_v2,4,4,152,45588.0,307109.0,528.9523342899629,-4.828523196451615,13.29803464660045,"[5, 4, 6, 1]",,
323,12,4,no_hf_v2,4,0,0,0.0,0.0,0.0,-4.828523196451615,13.29803464660045,[],,
323,12,4,proxy_only,5,0,0,0.0,0.0,0.0,-6.520078391109993,14.98958984125883,[],,
323,12,4,global_voi_heuristic,4,4,152,45588.0,307109.0,528.9523342899629,-4.828523196451615,13.29803464660045,"[4, 5, 1, 6]",,
323,12,4,uniform_v2_expected_100,,4,152,45591.96,304630.61,524.8730676657317,-3.6093996931425973,12.078911143291434,,"[5, 0, 0, 4, 4, 0, 0, 4, 5, 4, 4, 4, 0, 0, 4, 4, 4, 4, 4, 4, 4, 0, 0, 4, 0, 0, 4, 4, 4, 4, 5, 4, 0, 4, 4, 4, 4, 4, 4, 0, 4, 4, 4, 4, 4, 0, 4, 4, 5, 4, 0, 4, 0, 4, 4, 4, 4, 4, 4, 0, 4, 0, 0, 0, 0, 4, 0, 0, 4, 0, 4, 4, 4, 0, 5, 0, 4, 0, 4, 4, 4, 4, 0, 4, 4, 4, 4, 4, 4, 4, 4, 4, 4, 4, 4, 4, 4, 4, 4, 4]",0.22364649284329724
323,12,1,author_PIVOT_VOI_E5C,4,1,56,16800.0,115033.0,198.22211493115174,-4.828523196451615,13.29803464660045,[1],,
323,12,1,author_GlobalVOI_E5C,0,1,56,16800.0,114478.0,196.716391364811,0.0,8.469511450148836,[4],,
323,12,1,author_Uniform_E5C,5,1,56,16800.0,111870.0,192.17983352893498,-6.520078391109993,14.98958984125883,[2],,
323,12,1,author_LUCB_E5C,0,1,56,16800.0,114478.0,196.716391364811,0.0,8.469511450148836,[4],,
323,12,2,author_PIVOT_VOI_E5C,4,2,88,26400.0,177310.0,305.6924430979998,-4.828523196451615,13.29803464660045,"[1, 2]",,
323,12,2,author_GlobalVOI_E5C,0,2,88,26400.0,178437.0,307.08034748595674,0.0,8.469511450148836,"[4, 5]",,
323,12,2,author_Uniform_E5C,2,2,88,26400.0,175829.0,302.5437896500807,7.871113159221457,0.5983982909273795,"[2, 5]",,
323,12,2,author_LUCB_E5C,0,2,88,26400.0,178437.0,307.08034748595674,0.0,8.469511450148836,"[4, 5]",,
323,12,4,author_PIVOT_VOI_E5C,2,4,152,45600.0,304883.0,526.0910482918262,7.871113159221457,0.5983982909273795,"[1, 2, 3, 4]",,
323,12,4,author_GlobalVOI_E5C,1,4,152,45588.0,307109.0,528.9523342899629,-25.58374899548782,34.05326044563665,"[4, 5, 1, 6]",,
323,12,4,author_Uniform_E5C,2,4,152,45588.0,301749.0,519.2948860761244,7.871113159221457,0.5983982909273795,"[2, 5, 3, 6]",,
323,12,4,author_LUCB_E5C,1,4,152,45588.0,307109.0,528.9523342899629,-25.58374899548782,34.05326044563665,"[4, 5, 6, 1]",,
324,4,1,pivot_kg,6,1,24,7194.0,44580.0,75.43170426302822,27.684959765062338,0.0,[5],,
324,4,1,uniform_v2,5,1,24,7188.0,44679.0,75.88714836694999,17.697014729004355,9.987945036057983,[3],,
324,4,1,ivr_v2,6,1,24,7194.0,44580.0,75.43170426302822,27.684959765062338,0.0,[5],,
324,4,1,lucb_v2,6,1,24,7194.0,44580.0,75.43170426302822,27.684959765062338,0.0,[5],,
324,4,1,no_hf_v2,5,0,0,0.0,0.0,0.0,17.697014729004355,9.987945036057983,[],,
324,4,1,proxy_only,5,0,0,0.0,0.0,0.0,17.697014729004355,9.987945036057983,[],,
324,4,1,global_voi_heuristic,5,1,24,7188.0,46116.0,77.47793173999526,17.697014729004355,9.987945036057983,[2],,
324,4,1,uniform_v2_expected_100,,1,24,7181.73,45370.96,76.71208915614872,19.39496538513422,8.289994379928117,,"[5, 5, 5, 5, 6, 5, 6, 5, 5, 5, 5, 5, 5, 5, 6, 5, 5, 5, 5, 5, 5, 5, 5, 5, 5, 6, 5, 5, 5, 5, 6, 5, 5, 5, 6, 5, 5, 5, 5, 5, 5, 5, 5, 5, 5, 5, 6, 6, 5, 5, 5, 5, 6, 5, 5, 5, 5, 5, 5, 6, 5, 5, 5, 5, 5, 6, 6, 5, 6, 5, 6, 5, 5, 6, 5, 6, 6, 5, 5, 5, 5, 5, 5, 5, 5, 5, 5, 5, 5, 5, 5, 5, 5, 5, 5, 5, 5, 5, 5, 5]",0.3770700628398097
324,4,2,pivot_kg,6,2,40,11919.0,74787.0,126.71359989303164,27.684959765062338,0.0,"[5, 6]",,
324,4,2,uniform_v2,5,2,40,11982.0,75604.0,128.07242265093373,17.697014729004355,9.987945036057983,"[3, 2]",,
324,4,2,ivr_v2,6,2,40,11994.0,74441.0,126.20204018801451,27.684959765062338,0.0,"[5, 4]",,
324,4,2,lucb_v2,6,2,40,11919.0,74787.0,126.71359989303164,27.684959765062338,0.0,"[5, 6]",,
324,4,2,no_hf_v2,5,0,0,0.0,0.0,0.0,17.697014729004355,9.987945036057983,[],,
324,4,2,proxy_only,5,0,0,0.0,0.0,0.0,17.697014729004355,9.987945036057983,[],,
324,4,2,global_voi_heuristic,5,2,40,11982.0,75604.0,128.07242265093373,17.697014729004355,9.987945036057983,"[2, 3]",,
324,4,2,uniform_v2_expected_100,,2,40,11967.03,75577.09,128.1098197990615,21.292674941985233,6.392284823077105,,"[5, 5, 5, 5, 6, 5, 6, 5, 5, 5, 5, 5, 5, 5, 6, 5, 5, 5, 5, 6, 6, 5, 5, 5, 5, 6, 5, 5, 6, 6, 6, 5, 6, 5, 6, 5, 6, 5, 5, 5, 5, 5, 6, 5, 5, 6, 6, 6, 5, 5, 5, 5, 6, 5, 5, 5, 5, 5, 5, 6, 5, 6, 6, 5, 5, 6, 6, 6, 6, 5, 6, 6, 5, 6, 6, 6, 6, 5, 6, 5, 5, 5, 6, 5, 5, 5, 5, 5, 5, 6, 5, 5, 5, 5, 5, 6, 6, 5, 5, 6]",0.4818365979825027
324,4,4,pivot_kg,6,4,72,21516.0,135871.0,230.87163622211665,27.684959765062338,0.0,"[5, 6, 4, 1]",,
324,4,4,uniform_v2,6,4,72,21582.0,134854.0,228.98180538293673,27.684959765062338,0.0,"[3, 2, 4, 5]",,
324,4,4,ivr_v2,6,4,72,21516.0,135871.0,230.87163622211665,27.684959765062338,0.0,"[5, 4, 1, 6]",,
324,4,4,lucb_v2,6,4,72,21516.0,135871.0,230.87163622211665,27.684959765062338,0.0,"[5, 6, 4, 1]",,
324,4,4,no_hf_v2,5,0,0,0.0,0.0,0.0,17.697014729004355,9.987945036057983,[],,
324,4,4,proxy_only,5,0,0,0.0,0.0,0.0,17.697014729004355,9.987945036057983,[],,
324,4,4,global_voi_heuristic,5,4,72,21507.0,135672.0,230.12465420592343,17.697014729004355,9.987945036057983,"[2, 3, 4, 6]",,
324,4,4,uniform_v2_expected_100,,4,72,21539.58,135969.7,230.9765460603469,24.688576254244946,2.9963835108173917,,"[5, 6, 6, 6, 6, 5, 6, 5, 6, 6, 5, 5, 5, 6, 6, 6, 5, 6, 6, 6, 6, 6, 5, 6, 6, 6, 5, 6, 6, 6, 6, 5, 6, 6, 6, 5, 6, 6, 6, 6, 6, 5, 6, 5, 6, 6, 6, 6, 6, 5, 6, 5, 6, 5, 5, 5, 5, 6, 6, 6, 5, 6, 6, 6, 6, 6, 6, 6, 6, 5, 6, 6, 6, 6, 6, 6, 6, 6, 6, 6, 6, 6, 6, 5, 5, 5, 6, 5, 5, 6, 6, 5, 6, 5, 6, 6, 6, 5, 5, 6]",0.46001097559475534
324,4,1,author_PIVOT_VOI_E5C,5,1,24,7191.0,46414.0,78.68035786011023,17.697014729004355,9.987945036057983,[1],,
324,4,1,author_GlobalVOI_E5C,5,1,24,7188.0,44679.0,75.88714836694999,17.697014729004355,9.987945036057983,[3],,
324,4,1,author_Uniform_E5C,5,1,24,7191.0,46414.0,78.68035786011023,17.697014729004355,9.987945036057983,[1],,
324,4,1,author_LUCB_E5C,6,1,24,7194.0,44580.0,75.43170426302822,27.684959765062338,0.0,[5],,
324,4,2,author_PIVOT_VOI_E5C,5,2,40,11985.0,77339.0,130.86563214409398,17.697014729004355,9.987945036057983,"[1, 2]",,
324,4,2,author_GlobalVOI_E5C,5,2,40,11982.0,75604.0,128.07242265093373,17.697014729004355,9.987945036057983,"[3, 2]",,
324,4,2,author_Uniform_E5C,5,2,40,11985.0,77339.0,130.86563214409398,17.697014729004355,9.987945036057983,"[1, 2]",,
324,4,2,author_LUCB_E5C,6,2,40,11919.0,74787.0,126.71359989303164,27.684959765062338,0.0,"[5, 6]",,
324,4,4,author_PIVOT_VOI_E5C,5,4,72,21579.0,136688.0,232.23045898001874,17.697014729004355,9.987945036057983,"[1, 2, 3, 4]",,
324,4,4,author_GlobalVOI_E5C,5,4,72,21507.0,135672.0,230.12465420592343,17.697014729004355,9.987945036057983,"[3, 2, 6, 4]",,
324,4,4,author_Uniform_E5C,6,4,72,21579.0,136216.0,231.59916986204917,27.684959765062338,0.0,"[1, 2, 5, 3]",,
324,4,4,author_LUCB_E5C,6,4,72,21507.0,135200.0,229.49336508795386,27.684959765062338,0.0,"[5, 6, 3, 2]",,
324,12,1,pivot_kg,6,1,56,16776.0,103526.0,175.98571208142675,27.684959765062338,0.0,[5],,
324,12,1,uniform_v2,5,1,56,16770.0,102284.0,174.5334794751834,17.697014729004355,9.987945036057983,[3],,
324,12,1,ivr_v2,6,1,56,16776.0,103526.0,175.98571208142675,27.684959765062338,0.0,[5],,
324,12,1,lucb_v2,6,1,56,16776.0,103526.0,175.98571208142675,27.684959765062338,0.0,[5],,
324,12,1,no_hf_v2,5,0,0,0.0,0.0,0.0,17.697014729004355,9.987945036057983,[],,
324,12,1,proxy_only,5,0,0,0.0,0.0,0.0,17.697014729004355,9.987945036057983,[],,
324,12,1,global_voi_heuristic,5,1,56,16770.0,102284.0,174.5334794751834,17.697014729004355,9.987945036057983,[3],,
324,12,1,uniform_v2_expected_100,,1,56,16765.35,103562.34,176.14964489894103,19.39496538513422,8.289994379928117,,"[5, 5, 5, 5, 6, 5, 6, 5, 5, 5, 5, 5, 5, 5, 6, 5, 5, 5, 5, 5, 5, 5, 5, 5, 5, 6, 5, 5, 5, 5, 6, 5, 5, 5, 6, 5, 5, 5, 5, 5, 5, 5, 5, 5, 5, 5, 6, 6, 5, 5, 5, 5, 6, 5, 5, 5, 5, 5, 5, 6, 5, 5, 5, 5, 5, 6, 6, 5, 6, 5, 6, 5, 5, 6, 5, 6, 6, 5, 5, 5, 5, 5, 5, 5, 5, 5, 5, 5, 5, 5, 5, 5, 5, 5, 5, 5, 5, 5, 5, 5]",0.3770700628398097
324,12,2,pivot_kg,6,2,88,26292.0,163063.0,277.11612043640343,27.684959765062338,0.0,"[5, 6]",,
324,12,2,uniform_v2,5,2,88,26355.0,162098.0,276.36215847422136,17.697014729004355,9.987945036057983,"[3, 2]",,
324,12,2,ivr_v2,6,2,88,26376.0,162947.0,277.3254899623571,27.684959765062338,0.0,"[5, 4]",,
324,12,2,lucb_v2,6,2,88,26292.0,163063.0,277.11612043640343,27.684959765062338,0.0,"[5, 6]",,
324,12,2,no_hf_v2,5,0,0,0.0,0.0,0.0,17.697014729004355,9.987945036057983,[],,
324,12,2,proxy_only,5,0,0,0.0,0.0,0.0,17.697014729004355,9.987945036057983,[],,
324,12,2,global_voi_heuristic,5,2,88,26355.0,162098.0,276.36215847422136,17.697014729004355,9.987945036057983,"[3, 2]",,
324,12,2,uniform_v2_expected_100,,2,88,26342.82,163038.85,277.6272062652983,21.292674941985233,6.392284823077105,,"[5, 5, 5, 5, 6, 5, 6, 5, 5, 5, 5, 5, 5, 5, 6, 5, 5, 5, 5, 6, 6, 5, 5, 5, 5, 6, 5, 5, 6, 6, 6, 5, 6, 5, 6, 5, 6, 5, 5, 5, 5, 5, 6, 5, 5, 6, 6, 6, 5, 5, 5, 5, 6, 5, 5, 5, 5, 5, 5, 6, 5, 6, 6, 5, 5, 6, 6, 6, 6, 5, 6, 6, 5, 6, 6, 6, 6, 5, 6, 5, 5, 5, 6, 5, 5, 5, 5, 5, 5, 6, 5, 5, 5, 5, 5, 6, 6, 5, 5, 6]",0.4818365979825027
324,12,4,pivot_kg,6,4,152,45480.0,282854.0,481.748078031349,27.684959765062338,0.0,"[5, 6, 4, 1]",,
324,12,4,uniform_v2,6,4,152,45546.0,280940.0,479.0515200793743,27.684959765062338,0.0,"[3, 2, 4, 5]",,
324,12,4,ivr_v2,6,4,152,45480.0,282854.0,481.748078031349,27.684959765062338,0.0,"[5, 4, 6, 1]",,
324,12,4,lucb_v2,6,4,152,45480.0,282854.0,481.748078031349,27.684959765062338,0.0,"[5, 6, 4, 1]",,
324,12,4,no_hf_v2,5,0,0,0.0,0.0,0.0,17.697014729004355,9.987945036057983,[],,
324,12,4,proxy_only,5,0,0,0.0,0.0,0.0,17.697014729004355,9.987945036057983,[],,
324,12,4,global_voi_heuristic,5,4,152,45471.0,281056.0,478.8323447101284,17.697014729004355,9.987945036057983,"[3, 2, 4, 6]",,
324,12,4,uniform_v2_expected_100,,4,152,45500.43,281993.8,480.6793913746538,24.688576254244946,2.9963835108173917,,"[5, 6, 6, 6, 6, 5, 6, 5, 6, 6, 5, 5, 5, 6, 6, 6, 5, 6, 6, 6, 6, 6, 5, 6, 6, 6, 5, 6, 6, 6, 6, 5, 6, 6, 6, 5, 6, 6, 6, 6, 6, 5, 6, 5, 6, 6, 6, 6, 6, 5, 6, 5, 6, 5, 5, 5, 5, 6, 6, 6, 5, 6, 6, 6, 6, 6, 6, 6, 6, 5, 6, 6, 6, 6, 6, 6, 6, 6, 6, 6, 6, 6, 6, 5, 5, 5, 6, 5, 5, 6, 6, 5, 6, 5, 6, 6, 6, 5, 5, 6]",0.46001097559475534
324,12,1,author_PIVOT_VOI_E5C,5,1,56,16773.0,104475.0,177.92830807121936,17.697014729004355,9.987945036057983,[1],,
324,12,1,author_GlobalVOI_E5C,5,1,56,16770.0,102284.0,174.5334794751834,17.697014729004355,9.987945036057983,[3],,
324,12,1,author_Uniform_E5C,5,1,56,16773.0,104475.0,177.92830807121936,17.697014729004355,9.987945036057983,[1],,
324,12,1,author_LUCB_E5C,6,1,56,16776.0,103526.0,175.98571208142675,27.684959765062338,0.0,[5],,
324,12,2,author_PIVOT_VOI_E5C,5,2,88,26358.0,164289.0,279.7569870702573,17.697014729004355,9.987945036057983,"[1, 2]",,
324,12,2,author_GlobalVOI_E5C,5,2,88,26355.0,162098.0,276.36215847422136,17.697014729004355,9.987945036057983,"[3, 2]",,
324,12,2,author_Uniform_E5C,5,2,88,26358.0,164289.0,279.7569870702573,17.697014729004355,9.987945036057983,"[1, 2]",,
324,12,2,author_LUCB_E5C,6,2,88,26292.0,163063.0,277.11612043640343,27.684959765062338,0.0,"[5, 6]",,
324,12,4,author_PIVOT_VOI_E5C,5,4,152,45543.0,281889.0,480.9941160691669,17.697014729004355,9.987945036057983,"[1, 2, 3, 4]",,
324,12,4,author_GlobalVOI_E5C,5,4,152,45471.0,281056.0,478.8323447101284,17.697014729004355,9.987945036057983,"[3, 2, 6, 4]",,
324,12,4,author_Uniform_E5C,6,4,152,45534.0,281889.0,481.0039219124592,27.684959765062338,0.0,"[1, 2, 5, 3]",,
324,12,4,author_LUCB_E5C,6,4,152,45462.0,281056.0,478.84215055342065,27.684959765062338,0.0,"[5, 6, 3, 2]",,
325,4,1,pivot_kg,6,1,24,7200.0,45471.0,77.68801737198373,9.571969398151301,0.0,[4],,
325,4,1,uniform_v2,6,1,24,7200.0,47186.0,79.99278518202482,9.571969398151301,0.0,[1],,
325,4,1,ivr_v2,6,1,24,7200.0,45300.0,77.05292155593634,9.571969398151301,0.0,[5],,
325,4,1,lucb_v2,6,1,24,7200.0,45471.0,77.68801737198373,9.571969398151301,0.0,[4],,
325,4,1,no_hf_v2,6,0,0,0.0,0.0,0.0,9.571969398151301,0.0,[],,
325,4,1,proxy_only,6,0,0,0.0,0.0,0.0,9.571969398151301,0.0,[],,
325,4,1,global_voi_heuristic,6,1,24,7200.0,45300.0,77.05292155593634,9.571969398151301,0.0,[5],,
325,4,1,uniform_v2_expected_100,,1,24,7200.0,45912.24,78.23893766434747,9.5719693981513,1.7763568394002505e-15,,"[6, 6, 6, 6, 6, 6, 6, 6, 6, 6, 6, 6, 6, 6, 6, 6, 6, 6, 6, 6, 6, 6, 6, 6, 6, 6, 6, 6, 6, 6, 6, 6, 6, 6, 6, 6, 6, 6, 6, 6, 6, 6, 6, 6, 6, 6, 6, 6, 6, 6, 6, 6, 6, 6, 6, 6, 6, 6, 6, 6, 6, 6, 6, 6, 6, 6, 6, 6, 6, 6, 6, 6, 6, 6, 6, 6, 6, 6, 6, 6, 6, 6, 6, 6, 6, 6, 6, 6, 6, 6, 6, 6, 6, 6, 6, 6, 6, 6, 6, 6]",1.7853057969915868e-16
325,4,2,pivot_kg,6,2,40,12000.0,75331.0,128.96416036202572,9.571969398151301,0.0,"[4, 6]",,
325,4,2,uniform_v2,6,2,40,12000.0,77085.0,131.29538208508166,9.571969398151301,0.0,"[1, 4]",,
325,4,2,ivr_v2,6,2,40,12000.0,75199.0,128.35551845899317,9.571969398151301,0.0,"[5, 4]",,
325,4,2,lucb_v2,6,2,40,12000.0,75199.0,128.35551845899317,9.571969398151301,0.0,"[4, 5]",,
325,4,2,no_hf_v2,6,0,0,0.0,0.0,0.0,9.571969398151301,0.0,[],,
325,4,2,proxy_only,6,0,0,0.0,0.0,0.0,9.571969398151301,0.0,[],,
325,4,2,global_voi_heuristic,6,2,40,12000.0,74959.0,127.94395187386544,9.571969398151301,0.0,"[5, 2]",,
325,4,2,uniform_v2_expected_100,,2,40,12000.0,76226.84,130.02631353206758,9.5719693981513,1.7763568394002505e-15,,"[6, 6, 6, 6, 6, 6, 6, 6, 6, 6, 6, 6, 6, 6, 6, 6, 6, 6, 6, 6, 6, 6, 6, 6, 6, 6, 6, 6, 6, 6, 6, 6, 6, 6, 6, 6, 6, 6, 6, 6, 6, 6, 6, 6, 6, 6, 6, 6, 6, 6, 6, 6, 6, 6, 6, 6, 6, 6, 6, 6, 6, 6, 6, 6, 6, 6, 6, 6, 6, 6, 6, 6, 6, 6, 6, 6, 6, 6, 6, 6, 6, 6, 6, 6, 6, 6, 6, 6, 6, 6, 6, 6, 6, 6, 6, 6, 6, 6, 6, 6]",1.7853057969915868e-16
325,4,4,pivot_kg,6,4,72,21600.0,136673.0,233.2390261621331,9.571969398151301,0.0,"[4, 6, 5, 1]",,
325,4,4,uniform_v2,6,4,72,21600.0,138115.0,235.28043106617406,9.571969398151301,0.0,"[1, 4, 5, 3]",,
325,4,4,ivr_v2,6,4,72,21600.0,136673.0,233.2390261621331,9.571969398151301,0.0,"[5, 4, 1, 6]",,
325,4,4,lucb_v2,6,4,72,21600.0,136673.0,233.2390261621331,9.571969398151301,0.0,"[4, 5, 6, 1]",,
325,4,4,no_hf_v2,6,0,0,0.0,0.0,0.0,9.571969398151301,0.0,[],,
325,4,4,proxy_only,6,0,0,0.0,0.0,0.0,9.571969398151301,0.0,[],,
325,4,4,global_voi_heuristic,6,4,72,21600.0,137875.0,234.86886448104633,9.571969398151301,0.0,"[5, 2, 3, 1]",,
325,4,4,uniform_v2_expected_100,,4,72,21600.0,136930.34,233.74435818907338,9.5719693981513,1.7763568394002505e-15,,"[6, 6, 6, 6, 6, 6, 6, 6, 6, 6, 6, 6, 6, 6, 6, 6, 6, 6, 6, 6, 6, 6, 6, 6, 6, 6, 6, 6, 6, 6, 6, 6, 6, 6, 6, 6, 6, 6, 6, 6, 6, 6, 6, 6, 6, 6, 6, 6, 6, 6, 6, 6, 6, 6, 6, 6, 6, 6, 6, 6, 6, 6, 6, 6, 6, 6, 6, 6, 6, 6, 6, 6, 6, 6, 6, 6, 6, 6, 6, 6, 6, 6, 6, 6, 6, 6, 6, 6, 6, 6, 6, 6, 6, 6, 6, 6, 6, 6, 6, 6]",1.7853057969915868e-16
325,4,1,author_PIVOT_VOI_E5C,6,1,24,7200.0,47186.0,79.99278518202482,9.571969398151301,0.0,[1],,
325,4,1,author_GlobalVOI_E5C,6,1,24,7200.0,46874.0,79.70296836300986,9.571969398151301,0.0,[3],,
325,4,1,author_Uniform_E5C,6,1,24,7200.0,47186.0,79.99278518202482,9.571969398151301,0.0,[1],,
325,4,1,author_LUCB_E5C,6,1,24,7200.0,45432.0,77.66156345896889,9.571969398151301,0.0,[6],,
325,4,2,author_PIVOT_VOI_E5C,6,2,40,12000.0,76845.0,130.88381549995393,9.571969398151301,0.0,"[1, 2]",,
325,4,2,author_GlobalVOI_E5C,6,2,40,12000.0,76602.0,130.3704694500193,9.571969398151301,0.0,"[3, 5]",,
325,4,2,author_Uniform_E5C,6,2,40,12000.0,78488.0,133.31033307610778,9.571969398151301,0.0,"[1, 3]",,
325,4,2,author_LUCB_E5C,6,2,40,12000.0,75331.0,128.96416036202572,9.571969398151301,0.0,"[6, 4]",,
325,4,4,author_PIVOT_VOI_E5C,4,4,72,21600.0,138046.0,235.50396029709373,-15.106468484330952,24.678437882482253,"[1, 2, 3, 4]",,
325,4,4,author_GlobalVOI_E5C,6,4,72,21600.0,137875.0,234.86886448104633,9.571969398151301,0.0,"[3, 5, 2, 1]",,
325,4,4,author_Uniform_E5C,6,4,72,21600.0,138007.0,235.47750638407888,9.571969398151301,0.0,"[1, 3, 6, 2]",,
325,4,4,author_LUCB_E5C,6,4,72,21600.0,136292.0,233.1727385740378,9.571969398151301,0.0,"[6, 4, 3, 2]",,
325,12,1,pivot_kg,6,1,56,16800.0,105617.0,181.5503147118725,9.08590754678501,0.0,[4],,
325,12,1,uniform_v2,6,1,56,16800.0,107302.0,184.3838106811745,9.08590754678501,0.0,[1],,
325,12,1,ivr_v2,6,1,56,16800.0,106001.0,182.41524194390513,9.08590754678501,0.0,[5],,
325,12,1,lucb_v2,6,1,56,16800.0,105617.0,181.5503147118725,9.08590754678501,0.0,[4],,
325,12,1,no_hf_v2,6,0,0,0.0,0.0,0.0,9.08590754678501,0.0,[],,
325,12,1,proxy_only,6,0,0,0.0,0.0,0.0,9.08590754678501,0.0,[],,
325,12,1,global_voi_heuristic,6,1,56,16800.0,106001.0,182.41524194390513,9.08590754678501,0.0,[5],,
325,12,1,uniform_v2_expected_100,,1,56,16799.62,106490.16,183.1512295008771,9.085907546785013,-1.7763568394002505e-15,,"[6, 6, 6, 6, 6, 6, 6, 6, 6, 6, 6, 6, 6, 6, 6, 6, 6, 6, 6, 6, 6, 6, 6, 6, 6, 6, 6, 6, 6, 6, 6, 6, 6, 6, 6, 6, 6, 6, 6, 6, 6, 6, 6, 6, 6, 6, 6, 6, 6, 6, 6, 6, 6, 6, 6, 6, 6, 6, 6, 6, 6, 6, 6, 6, 6, 6, 6, 6, 6, 6, 6, 6, 6, 6, 6, 6, 6, 6, 6, 6, 6, 6, 6, 6, 6, 6, 6, 6, 6, 6, 6, 6, 6, 6, 6, 6, 6, 6, 6, 6]",1.7853057969915868e-16
325,12,2,pivot_kg,6,2,88,26400.0,166842.0,286.95599829184357,9.08590754678501,0.0,"[4, 6]",,
325,12,2,uniform_v2,6,2,88,26400.0,166857.0,286.9396153721609,9.08590754678501,0.0,"[1, 4]",,
325,12,2,ivr_v2,6,2,88,26400.0,165556.0,284.97104663489154,9.08590754678501,0.0,"[5, 4]",,
325,12,2,lucb_v2,6,2,88,26400.0,165556.0,284.97104663489154,9.08590754678501,0.0,"[4, 5]",,
325,12,2,no_hf_v2,6,0,0,0.0,0.0,0.0,9.08590754678501,0.0,[],,
325,12,2,proxy_only,6,0,0,0.0,0.0,0.0,9.08590754678501,0.0,[],,
325,12,2,global_voi_heuristic,6,2,88,26398.0,166680.0,287.1398197831004,9.08590754678501,0.0,"[5, 3]",,
325,12,2,uniform_v2_expected_100,,2,88,26399.22,166776.48,287.08021863847796,6.353864423916143,2.732043122868868,,"[6, 6, 6, 6, 4, 6, 6, 6, 6, 6, 6, 6, 6, 6, 6, 6, 4, 6, 6, 6, 6, 6, 6, 4, 6, 6, 6, 6, 6, 6, 6, 6, 6, 6, 6, 6, 6, 6, 6, 6, 6, 6, 4, 6, 4, 6, 6, 6, 6, 6, 6, 6, 6, 6, 6, 6, 6, 6, 6, 6, 6, 6, 6, 6, 6, 6, 6, 6, 6, 6, 6, 6, 6, 6, 4, 4, 6, 4, 6, 6, 6, 6, 6, 6, 6, 4, 6, 6, 6, 6, 4, 6, 4, 4, 4, 6, 6, 6, 6, 6]",0.7103263131606388
325,12,4,pivot_kg,6,4,152,45600.0,288021.0,495.76603087515105,9.08590754678501,0.0,"[4, 6, 5, 1]",,
325,12,4,uniform_v2,6,4,152,45598.0,287475.0,495.0849251343752,9.08590754678501,0.0,"[1, 4, 5, 3]",,
325,12,4,ivr_v2,6,4,152,45600.0,288021.0,495.76603087515105,9.08590754678501,0.0,"[5, 4, 6, 1]",,
325,12,4,lucb_v2,6,4,152,45600.0,288021.0,495.76603087515105,9.08590754678501,0.0,"[4, 5, 6, 1]",,
325,12,4,no_hf_v2,6,0,0,0.0,0.0,0.0,9.08590754678501,0.0,[],,
325,12,4,proxy_only,6,0,0,0.0,0.0,0.0,9.08590754678501,0.0,[],,
325,12,4,global_voi_heuristic,6,4,152,45598.0,287465.0,495.35758678638376,9.08590754678501,0.0,"[5, 3, 2, 1]",,
325,12,4,uniform_v2_expected_100,,4,152,45598.58,287511.12,495.2089741848042,5.092921444130507,3.9929861026545037,,"[6, 6, 6, 6, 4, 6, 6, 4, 6, 6, 6, 6, 6, 6, 6, 6, 6, 6, 6, 4, 6, 6, 6, 6, 6, 6, 6, 6, 6, 6, 4, 6, 6, 6, 6, 6, 4, 6, 6, 6, 4, 6, 4, 4, 4, 6, 6, 6, 6, 6, 6, 6, 4, 6, 6, 6, 6, 6, 6, 6, 6, 6, 6, 4, 6, 6, 6, 6, 6, 6, 6, 6, 6, 4, 4, 6, 6, 4, 6, 4, 6, 6, 6, 6, 6, 4, 6, 6, 6, 6, 6, 6, 4, 4, 4, 6, 6, 6, 6, 6]",0.8286018723667036
325,12,1,author_PIVOT_VOI_E5C,6,1,56,16800.0,107302.0,184.3838106811745,9.08590754678501,0.0,[1],,
325,12,1,author_GlobalVOI_E5C,6,1,56,16798.0,106741.0,183.71908786008134,9.08590754678501,0.0,[3],,
325,12,1,author_Uniform_E5C,6,1,56,16800.0,107302.0,184.3838106811745,9.08590754678501,0.0,[1],,
325,12,1,author_LUCB_E5C,4,1,56,16800.0,107287.0,184.40019360085716,-11.929808782975526,21.015716329760536,[6],,
325,12,2,author_PIVOT_VOI_E5C,6,2,88,26400.0,166847.0,287.21227702416945,9.08590754678501,0.0,"[1, 2]",,
325,12,2,author_GlobalVOI_E5C,6,2,88,26398.0,166680.0,287.1398197831004,9.08590754678501,0.0,"[3, 5]",,
325,12,2,author_Uniform_E5C,6,2,88,26398.0,167981.0,289.1083885203698,9.08590754678501,0.0,"[1, 3]",,
325,12,2,author_LUCB_E5C,3,2,88,26400.0,166842.0,286.95599829184357,5.873886139611415,3.212021407173596,"[6, 4]",,
325,12,4,author_PIVOT_VOI_E5C,6,4,152,45598.0,287081.0,494.4926595543511,9.08590754678501,0.0,"[1, 2, 3, 4]",,
325,12,4,author_GlobalVOI_E5C,6,4,152,45598.0,287465.0,495.35758678638376,9.08590754678501,0.0,"[3, 5, 2, 1]",,
325,12,4,author_Uniform_E5C,3,4,152,45598.0,288751.0,497.3425384433358,5.873886139611415,3.212021407173596,"[1, 3, 6, 2]",,
325,12,4,author_LUCB_E5C,3,4,152,45598.0,287066.0,494.5090424740338,5.873886139611415,3.212021407173596,"[6, 4, 3, 2]",,
326,4,1,pivot_kg,6,1,24,7200.0,51509.0,86.90973629779182,-0.22693504697381917,12.315260884550343,[5],,
326,4,1,uniform_v2,6,1,24,7200.0,51156.0,86.14419515366899,-0.22693504697381917,12.315260884550343,[2],,
326,4,1,ivr_v2,6,1,24,7200.0,51509.0,86.90973629779182,-0.22693504697381917,12.315260884550343,[5],,
326,4,1,lucb_v2,6,1,24,7200.0,51509.0,86.90973629779182,-0.22693504697381917,12.315260884550343,[5],,
326,4,1,no_hf_v2,6,0,0,0.0,0.0,0.0,-0.22693504697381917,12.315260884550343,[],,
326,4,1,proxy_only,6,0,0,0.0,0.0,0.0,-0.22693504697381917,12.315260884550343,[],,
326,4,1,global_voi_heuristic,6,1,24,7200.0,51509.0,86.90973629779182,-0.22693504697381917,12.315260884550343,[5],,
326,4,1,uniform_v2_expected_100,,1,24,7200.0,51187.45,86.15928786787262,-0.2269350469738191,12.315260884550343,,"[6, 6, 6, 6, 6, 6, 6, 6, 6, 6, 6, 6, 6, 6, 6, 6, 6, 6, 6, 6, 6, 6, 6, 6, 6, 6, 6, 6, 6, 6, 6, 6, 6, 6, 6, 6, 6, 6, 6, 6, 6, 6, 6, 6, 6, 6, 6, 6, 6, 6, 6, 6, 6, 6, 6, 6, 6, 6, 6, 6, 6, 6, 6, 6, 6, 6, 6, 6, 6, 6, 6, 6, 6, 6, 6, 6, 6, 6, 6, 6, 6, 6, 6, 6, 6, 6, 6, 6, 6, 6, 6, 6, 6, 6, 6, 6, 6, 6, 6, 6]",5.579080615598709e-18
326,4,2,pivot_kg,6,2,40,12000.0,84430.0,142.95602763281204,-0.22693504697381917,12.315260884550343,"[5, 4]",,
326,4,2,uniform_v2,6,2,40,12000.0,85547.0,144.13179276761366,-0.22693504697381917,12.315260884550343,"[2, 1]",,
326,4,2,ivr_v2,6,2,40,12000.0,84430.0,142.95602763281204,-0.22693504697381917,12.315260884550343,"[5, 4]",,
326,4,2,lucb_v2,6,2,40,12000.0,84430.0,142.95602763281204,-0.22693504697381917,12.315260884550343,"[5, 4]",,
326,4,2,no_hf_v2,6,0,0,0.0,0.0,0.0,-0.22693504697381917,12.315260884550343,[],,
326,4,2,proxy_only,6,0,0,0.0,0.0,0.0,-0.22693504697381917,12.315260884550343,[],,
326,4,2,global_voi_heuristic,6,2,40,12000.0,84997.0,143.69898558658315,-0.22693504697381917,12.315260884550343,"[5, 2]",,
326,4,2,uniform_v2_expected_100,,2,40,12000.0,84559.43,142.7719581749075,-0.2269350469738191,12.315260884550343,,"[6, 6, 6, 6, 6, 6, 6, 6, 6, 6, 6, 6, 6, 6, 6, 6, 6, 6, 6, 6, 6, 6, 6, 6, 6, 6, 6, 6, 6, 6, 6, 6, 6, 6, 6, 6, 6, 6, 6, 6, 6, 6, 6, 6, 6, 6, 6, 6, 6, 6, 6, 6, 6, 6, 6, 6, 6, 6, 6, 6, 6, 6, 6, 6, 6, 6, 6, 6, 6, 6, 6, 6, 6, 6, 6, 6, 6, 6, 6, 6, 6, 6, 6, 6, 6, 6, 6, 6, 6, 6, 6, 6, 6, 6, 6, 6, 6, 6, 6, 6]",5.579080615598709e-18
326,4,4,pivot_kg,6,4,72,21600.0,149706.0,253.6780408899067,-0.22693504697381917,12.315260884550343,"[5, 4, 6, 3]",,
326,4,4,uniform_v2,6,4,72,21600.0,149671.0,253.10445131669985,-0.22693504697381917,12.315260884550343,"[2, 1, 6, 4]",,
326,4,4,ivr_v2,6,4,72,21600.0,150024.0,253.8699924608227,-0.22693504697381917,12.315260884550343,"[5, 4, 1, 6]",,
326,4,4,lucb_v2,6,4,72,21600.0,150024.0,253.8699924608227,-0.22693504697381917,12.315260884550343,"[5, 4, 6, 1]",,
326,4,4,no_hf_v2,6,0,0,0.0,0.0,0.0,-0.22693504697381917,12.315260884550343,[],,
326,4,4,proxy_only,6,0,0,0.0,0.0,0.0,-0.22693504697381917,12.315260884550343,[],,
326,4,4,global_voi_heuristic,6,4,72,21600.0,150273.0,254.4209988436778,-0.22693504697381917,12.315260884550343,"[5, 2, 6, 3]",,
326,4,4,uniform_v2_expected_100,,4,72,21600.0,151130.42,255.69865391462693,-0.2269350469738191,12.315260884550343,,"[6, 6, 6, 6, 6, 6, 6, 6, 6, 6, 6, 6, 6, 6, 6, 6, 6, 6, 6, 6, 6, 6, 6, 6, 6, 6, 6, 6, 6, 6, 6, 6, 6, 6, 6, 6, 6, 6, 6, 6, 6, 6, 6, 6, 6, 6, 6, 6, 6, 6, 6, 6, 6, 6, 6, 6, 6, 6, 6, 6, 6, 6, 6, 6, 6, 6, 6, 6, 6, 6, 6, 6, 6, 6, 6, 6, 6, 6, 6, 6, 6, 6, 6, 6, 6, 6, 6, 6, 6, 6, 6, 6, 6, 6, 6, 6, 6, 6, 6, 6]",5.579080615598709e-18
326,4,1,author_PIVOT_VOI_E5C,6,1,24,7200.0,51741.0,87.15059190790635,-0.22693504697381917,12.315260884550343,[3],,
326,4,1,author_GlobalVOI_E5C,3,1,24,7200.0,48871.0,82.28131307894364,12.088325837576523,0.0,[6],,
326,4,1,author_Uniform_E5C,5,1,24,7200.0,48871.0,82.28131307894364,-13.128941767107559,25.217267604684082,[6],,
326,4,1,author_LUCB_E5C,3,1,24,7200.0,48871.0,82.28131307894364,12.088325837576523,0.0,[6],,
326,4,2,author_PIVOT_VOI_E5C,6,2,40,12000.0,86132.0,145.13818952185102,-0.22693504697381917,12.315260884550343,"[3, 1]",,
326,4,2,author_GlobalVOI_E5C,2,2,40,12000.0,82944.0,140.07695912197232,9.851295823672064,2.2370300139044588,"[6, 3]",,
326,4,2,author_Uniform_E5C,5,2,40,12000.0,82359.0,139.07056236773496,-13.128941767107559,25.217267604684082,"[6, 2]",,
326,4,2,author_LUCB_E5C,2,2,40,12000.0,82944.0,140.07695912197232,9.851295823672064,2.2370300139044588,"[6, 3]",,
326,4,4,author_PIVOT_VOI_E5C,6,4,72,21600.0,153461.0,259.4822292435565,-0.22693504697381917,12.315260884550343,"[3, 1, 5, 2]",,
326,4,4,author_GlobalVOI_E5C,5,4,72,21600.0,150273.0,254.4209988436778,-13.128941767107559,25.217267604684082,"[6, 3, 5, 2]",,
326,4,4,author_Uniform_E5C,5,4,72,21600.0,149671.0,253.10445131669985,-13.128941767107559,25.217267604684082,"[6, 2, 4, 1]",,
326,4,4,author_LUCB_E5C,5,4,72,21600.0,150273.0,254.4209988436778,-13.128941767107559,25.217267604684082,"[6, 3, 2, 5]",,
326,12,1,pivot_kg,3,1,56,16800.0,116632.0,195.73931361484574,-1.564118940061304,32.57127840176102,[6],,
326,12,1,uniform_v2,6,1,56,16800.0,120070.0,201.68707405682653,2.030332509800017,28.976826951899696,[2],,
326,12,1,ivr_v2,6,1,56,16800.0,120761.0,202.98696918098722,2.030332509800017,28.976826951899696,[5],,
326,12,1,lucb_v2,6,1,56,16800.0,120761.0,202.98696918098722,2.030332509800017,28.976826951899696,[5],,
326,12,1,no_hf_v2,6,0,0,0.0,0.0,0.0,2.030332509800017,28.976826951899696,[],,
326,12,1,proxy_only,6,0,0,0.0,0.0,0.0,2.030332509800017,28.976826951899696,[],,
326,12,1,global_voi_heuristic,6,1,56,16800.0,120761.0,202.98696918098722,2.030332509800017,28.976826951899696,[5],,
326,12,1,uniform_v2_expected_100,,1,56,16789.02,119097.4,200.1490600226441,1.0238861038388472,29.983273357860867,,"[6, 6, 3, 3, 6, 6, 6, 6, 6, 6, 6, 6, 6, 6, 6, 6, 6, 6, 6, 6, 6, 6, 3, 6, 6, 3, 6, 6, 6, 6, 6, 3, 6, 3, 3, 3, 6, 6, 3, 6, 6, 6, 6, 3, 6, 6, 6, 6, 6, 6, 6, 6, 6, 3, 6, 6, 3, 6, 6, 6, 6, 6, 6, 6, 3, 6, 3, 3, 3, 3, 6, 3, 6, 3, 6, 3, 3, 6, 6, 6, 6, 6, 6, 3, 6, 3, 6, 3, 3, 6, 3, 6, 6, 3, 6, 3, 6, 6, 6, 6]",0.16220352519686418
326,12,2,pivot_kg,3,2,88,26400.0,184708.0,310.8047255919082,-1.564118940061304,32.57127840176102,"[6, 5]",,
326,12,2,uniform_v2,6,2,88,26400.0,186127.0,313.3973457388929,2.030332509800017,28.976826951899696,"[2, 1]",,
326,12,2,ivr_v2,6,2,88,26372.0,187199.0,315.21936795010697,2.030332509800017,28.976826951899696,"[5, 4]",,
326,12,2,lucb_v2,6,2,88,26372.0,187199.0,315.21936795010697,2.030332509800017,28.976826951899696,"[5, 4]",,
326,12,2,no_hf_v2,6,0,0,0.0,0.0,0.0,2.030332509800017,28.976826951899696,[],,
326,12,2,proxy_only,6,0,0,0.0,0.0,0.0,2.030332509800017,28.976826951899696,[],,
326,12,2,global_voi_heuristic,6,2,88,26350.0,187324.0,315.6417502348777,2.030332509800017,28.976826951899696,"[5, 3]",,
326,12,2,uniform_v2_expected_100,,2,88,26373.04,185550.76,312.4418935780198,0.3409403283651961,30.66621913333452,,"[6, 6, 3, 3, 6, 3, 3, 6, 6, 6, 6, 6, 6, 6, 6, 3, 3, 6, 3, 6, 3, 3, 6, 3, 6, 3, 3, 3, 6, 6, 6, 3, 6, 3, 3, 3, 3, 3, 3, 6, 6, 6, 6, 3, 6, 6, 3, 3, 6, 6, 6, 6, 3, 3, 6, 6, 3, 6, 3, 3, 6, 6, 6, 6, 3, 6, 3, 3, 3, 3, 3, 3, 6, 3, 6, 6, 3, 6, 6, 6, 3, 6, 3, 3, 3, 3, 6, 3, 3, 3, 3, 6, 6, 6, 6, 3, 6, 6, 6, 6]",0.18030255809906684
326,12,4,pivot_kg,3,4,152,45572.0,317203.0,534.7473960430943,-1.564118940061304,32.57127840176102,"[6, 5, 4, 1]",,
326,12,4,uniform_v2,3,4,152,45572.0,316512.0,533.4475009189337,-1.564118940061304,32.57127840176102,"[2, 1, 6, 4]",,
326,12,4,ivr_v2,3,4,152,45572.0,317203.0,534.7473960430943,-1.564118940061304,32.57127840176102,"[5, 4, 6, 1]",,
326,12,4,lucb_v2,3,4,152,45522.0,317709.0,535.6919054149184,-1.564118940061304,32.57127840176102,"[5, 4, 6, 3]",,
326,12,4,no_hf_v2,6,0,0,0.0,0.0,0.0,2.030332509800017,28.976826951899696,[],,
326,12,4,proxy_only,6,0,0,0.0,0.0,0.0,2.030332509800017,28.976826951899696,[],,
326,12,4,global_voi_heuristic,3,4,152,45550.0,318656.0,537.2250234987005,-1.564118940061304,32.57127840176102,"[5, 3, 2, 6]",,
326,12,4,uniform_v2_expected_100,,4,152,45546.3,318306.13,536.741885366664,-1.024951222582106,32.03211068428182,,"[6, 3, 3, 3, 6, 3, 3, 3, 6, 3, 3, 3, 6, 3, 3, 3, 3, 3, 3, 3, 3, 3, 3, 3, 6, 3, 3, 3, 3, 3, 3, 3, 3, 3, 3, 3, 3, 3, 3, 6, 3, 3, 3, 3, 6, 3, 3, 3, 6, 6, 3, 3, 3, 3, 3, 3, 3, 3, 3, 3, 6, 3, 6, 3, 3, 3, 3, 3, 3, 3, 3, 3, 6, 3, 3, 3, 3, 3, 3, 3, 3, 6, 3, 3, 3, 3, 3, 6, 3, 3, 3, 3, 3, 3, 3, 3, 3, 3, 6, 3]",0.12899418028685136
326,12,1,author_PIVOT_VOI_E5C,6,1,56,16800.0,118742.0,199.63182888599113,2.030332509800017,28.976826951899696,[1],,
326,12,1,author_GlobalVOI_E5C,3,1,56,16800.0,116632.0,195.73931361484574,-1.564118940061304,32.57127840176102,[6],,
326,12,1,author_Uniform_E5C,5,1,56,16800.0,116632.0,195.73931361484574,31.007159461699715,0.0,[6],,
326,12,1,author_LUCB_E5C,3,1,56,16800.0,116632.0,195.73931361484574,-1.564118940061304,32.57127840176102,[6],,
326,12,2,author_PIVOT_VOI_E5C,6,2,88,26400.0,186127.0,313.3973457388929,2.030332509800017,28.976826951899696,"[1, 2]",,
326,12,2,author_GlobalVOI_E5C,3,2,88,26350.0,183195.0,308.3940946687362,-1.564118940061304,32.57127840176102,"[6, 3]",,
326,12,2,author_Uniform_E5C,5,2,88,26400.0,184017.0,309.5048304677475,31.007159461699715,0.0,"[6, 2]",,
326,12,2,author_LUCB_E5C,3,2,88,26350.0,183195.0,308.3940946687362,-1.564118940061304,32.57127840176102,"[6, 3]",,
326,12,4,author_PIVOT_VOI_E5C,6,4,152,45522.0,319128.0,538.2845255619031,2.030332509800017,28.976826951899696,"[1, 2, 3, 4]",,
326,12,4,author_GlobalVOI_E5C,3,4,152,45550.0,318656.0,537.2250234987005,-1.564118940061304,32.57127840176102,"[6, 3, 5, 2]",,
326,12,4,author_Uniform_E5C,5,4,152,45572.0,316512.0,533.4475009189337,31.007159461699715,0.0,"[6, 2, 4, 1]",,
326,12,4,author_LUCB_E5C,3,4,152,45550.0,318656.0,537.2250234987005,-1.564118940061304,32.57127840176102,"[6, 3, 2, 5]",,
327,4,1,pivot_kg,3,1,24,7189.0,48543.0,82.59067339613102,23.3692619333015,7.120967004113428,[4],,
327,4,1,uniform_v2,4,1,24,7189.0,49226.0,83.2320267521427,-22.207276118145238,52.69750505556017,[3],,
327,4,1,ivr_v2,4,1,24,7189.0,47344.0,80.40091534605017,-22.207276118145238,52.69750505556017,[5],,
327,4,1,lucb_v2,4,1,24,7189.0,47344.0,80.40091534605017,-22.207276118145238,52.69750505556017,[5],,
327,4,1,no_hf_v2,4,0,0,0.0,0.0,0.0,-22.207276118145238,52.69750505556017,[],,
327,4,1,proxy_only,3,0,0,0.0,0.0,0.0,23.3692619333015,7.120967004113428,[],,
327,4,1,global_voi_heuristic,4,1,24,7189.0,47344.0,80.40091534605017,-22.207276118145238,52.69750505556017,[5],,
327,4,1,uniform_v2_expected_100,,1,24,7175.56,48284.6,82.05723137592838,-12.636203127341428,43.12643206475636,,"[4, 4, 4, 4, 3, 4, 4, 4, 4, 4, 3, 4, 4, 4, 4, 4, 3, 4, 3, 4, 4, 4, 4, 4, 4, 4, 4, 3, 4, 4, 4, 4, 3, 4, 4, 4, 4, 4, 3, 4, 3, 3, 4, 4, 4, 3, 4, 4, 4, 4, 4, 4, 4, 4, 3, 4, 3, 4, 4, 4, 3, 4, 3, 4, 4, 4, 4, 4, 3, 4, 4, 4, 4, 4, 4, 3, 4, 3, 4, 4, 4, 4, 4, 4, 4, 3, 4, 3, 4, 4, 4, 4, 3, 3, 4, 4, 4, 4, 4, 4]",1.8657219854258873
327,4,2,pivot_kg,3,2,40,11989.0,80523.0,137.0839543180773,23.3692619333015,7.120967004113428,"[4, 5]",,
327,4,2,uniform_v2,4,2,40,11989.0,81206.0,137.72530767408898,-22.207276118145238,52.69750505556017,"[3, 5]",,
327,4,2,ivr_v2,3,2,40,11989.0,80523.0,137.0839543180773,23.3692619333015,7.120967004113428,"[5, 4]",,
327,4,2,lucb_v2,3,2,40,11989.0,80523.0,137.0839543180773,23.3692619333015,7.120967004113428,"[5, 4]",,
327,4,2,no_hf_v2,4,0,0,0.0,0.0,0.0,-22.207276118145238,52.69750505556017,[],,
327,4,2,proxy_only,3,0,0,0.0,0.0,0.0,23.3692619333015,7.120967004113428,[],,
327,4,2,global_voi_heuristic,3,2,40,11989.0,80523.0,137.0839543180773,23.3692619333015,7.120967004113428,"[5, 4]",,
327,4,2,uniform_v2_expected_100,,2,40,11965.48,81235.43,138.22726931922602,-4.888191658595477,35.37842059601041,,"[4, 3, 4, 4, 3, 4, 4, 3, 4, 4, 3, 4, 4, 4, 4, 3, 3, 4, 3, 4, 4, 4, 4, 4, 4, 4, 3, 3, 3, 4, 3, 3, 3, 4, 3, 4, 4, 4, 3, 3, 3, 3, 4, 4, 4, 3, 4, 4, 4, 4, 3, 4, 4, 4, 3, 4, 3, 4, 4, 4, 3, 4, 3, 4, 3, 3, 4, 3, 3, 4, 4, 4, 4, 4, 4, 3, 4, 3, 4, 3, 3, 4, 3, 4, 3, 3, 4, 3, 4, 4, 4, 4, 3, 3, 4, 4, 4, 4, 4, 4]",2.2233681460403685
327,4,4,pivot_kg,3,4,72,21533.0,146059.0,248.94871470908402,23.3692619333015,7.120967004113428,"[4, 5, 1, 6]",,
327,4,4,uniform_v2,3,4,72,21533.0,146794.0,250.00208822410787,23.3692619333015,7.120967004113428,"[3, 5, 4, 1]",,
327,4,4,ivr_v2,3,4,72,21533.0,146059.0,248.94871470908402,23.3692619333015,7.120967004113428,"[5, 4, 1, 6]",,
327,4,4,lucb_v2,3,4,72,21533.0,146794.0,250.00208822410787,23.3692619333015,7.120967004113428,"[5, 4, 3, 1]",,
327,4,4,no_hf_v2,4,0,0,0.0,0.0,0.0,-22.207276118145238,52.69750505556017,[],,
327,4,4,proxy_only,3,0,0,0.0,0.0,0.0,23.3692619333015,7.120967004113428,[],,
327,4,4,global_voi_heuristic,3,4,72,21533.0,146220.0,249.44064026494743,23.3692619333015,7.120967004113428,"[5, 4, 2, 1]",,
327,4,4,uniform_v2_expected_100,,4,72,21548.68,147254.88,250.6861387075152,7.417473615295141,23.07275532211979,,"[3, 3, 3, 4, 3, 4, 4, 3, 4, 4, 3, 3, 3, 3, 3, 3, 3, 3, 3, 4, 4, 4, 3, 4, 3, 3, 3, 3, 3, 3, 3, 3, 3, 4, 3, 4, 4, 3, 3, 3, 3, 3, 4, 4, 4, 3, 3, 4, 3, 4, 3, 4, 4, 4, 3, 4, 3, 3, 3, 4, 3, 3, 3, 4, 3, 3, 4, 3, 3, 3, 3, 3, 4, 4, 3, 3, 4, 3, 3, 3, 3, 3, 3, 3, 3, 3, 3, 3, 4, 4, 4, 4, 3, 3, 4, 4, 4, 3, 3, 4]",2.1848138323522996
327,4,1,author_PIVOT_VOI_E5C,4,1,24,7189.0,49226.0,83.2320267521427,-22.207276118145238,52.69750505556017,[3],,
327,4,1,author_GlobalVOI_E5C,4,1,24,7189.0,47344.0,80.40091534605017,-22.207276118145238,52.69750505556017,[5],,
327,4,1,author_Uniform_E5C,3,1,24,7189.0,48543.0,82.59067339613102,23.3692619333015,7.120967004113428,[4],,
327,4,1,author_LUCB_E5C,3,1,24,7189.0,48543.0,82.59067339613102,23.3692619333015,7.120967004113428,[4],,
327,4,2,author_PIVOT_VOI_E5C,2,2,40,11989.0,82405.0,139.91506572416984,30.49022893741493,0.0,"[3, 4]",,
327,4,2,author_GlobalVOI_E5C,3,2,40,11989.0,80523.0,137.0839543180773,23.3692619333015,7.120967004113428,"[5, 4]",,
327,4,2,author_Uniform_E5C,3,2,40,11933.0,80952.0,138.18441497412277,23.3692619333015,7.120967004113428,"[4, 1]",,
327,4,2,author_LUCB_E5C,2,2,40,11989.0,82405.0,139.91506572416984,30.49022893741493,0.0,"[4, 3]",,
327,4,4,author_PIVOT_VOI_E5C,2,4,72,21533.0,146794.0,250.00208822410787,30.49022893741493,0.0,"[3, 4, 1, 5]",,
327,4,4,author_GlobalVOI_E5C,2,4,72,21589.0,147673.0,251.1712910149945,30.49022893741493,0.0,"[5, 4, 3, 2]",,
327,4,4,author_Uniform_E5C,2,4,72,21533.0,148102.0,252.27175167103997,30.49022893741493,0.0,"[4, 1, 3, 2]",,
327,4,4,author_LUCB_E5C,2,4,72,21589.0,147673.0,251.1712910149945,30.49022893741493,0.0,"[4, 3, 2, 5]",,
327,12,1,pivot_kg,3,1,56,16761.0,106836.0,182.17805951775517,19.39777237657838,0.0,[4],,
327,12,1,uniform_v2,3,1,56,16789.0,107222.0,182.5518520322512,19.39777237657838,0.0,[3],,
327,12,1,ivr_v2,4,1,56,16789.0,106215.0,180.91195216594497,11.123239455024283,8.274532921554098,[5],,
327,12,1,lucb_v2,4,1,56,16789.0,106215.0,180.91195216594497,11.123239455024283,8.274532921554098,[5],,
327,12,1,no_hf_v2,4,0,0,0.0,0.0,0.0,11.123239455024283,8.274532921554098,[],,
327,12,1,proxy_only,3,0,0,0.0,0.0,0.0,19.39777237657838,0.0,[],,
327,12,1,global_voi_heuristic,4,1,56,16789.0,106215.0,180.91195216594497,11.123239455024283,8.274532921554098,[5],,
327,12,1,uniform_v2_expected_100,,1,56,16769.68,106786.33,181.9732638712565,15.260505915801332,4.137266460777049,,"[4, 3, 4, 4, 3, 3, 4, 3, 4, 4, 3, 3, 4, 3, 4, 4, 3, 4, 3, 4, 4, 4, 3, 4, 3, 4, 4, 3, 4, 4, 3, 4, 3, 4, 4, 4, 4, 3, 3, 3, 3, 3, 4, 3, 3, 3, 3, 3, 3, 4, 4, 4, 4, 3, 3, 4, 3, 4, 4, 4, 3, 4, 3, 4, 4, 3, 4, 4, 3, 3, 4, 4, 3, 3, 4, 3, 3, 3, 3, 4, 3, 3, 4, 3, 4, 3, 3, 3, 4, 4, 4, 3, 3, 3, 4, 3, 3, 4, 4, 4]",0.4158109244884578
327,12,2,pivot_kg,3,2,88,26361.0,166596.0,284.2004589936696,19.39777237657838,0.0,"[4, 5]",,
327,12,2,uniform_v2,4,2,88,26389.0,166982.0,284.5742515081656,11.123239455024283,8.274532921554098,"[3, 5]",,
327,12,2,ivr_v2,3,2,88,26361.0,166596.0,284.2004589936696,19.39777237657838,0.0,"[5, 4]",,
327,12,2,lucb_v2,3,2,88,26361.0,166596.0,284.2004589936696,19.39777237657838,0.0,"[5, 4]",,
327,12,2,no_hf_v2,4,0,0,0.0,0.0,0.0,11.123239455024283,8.274532921554098,[],,
327,12,2,proxy_only,3,0,0,0.0,0.0,0.0,19.39777237657838,0.0,[],,
327,12,2,global_voi_heuristic,3,2,88,26361.0,166596.0,284.2004589936696,19.39777237657838,0.0,"[5, 4]",,
327,12,2,uniform_v2_expected_100,,2,88,26354.84,167061.37,284.91276633971194,14.929524598939166,4.468247777639215,,"[4, 3, 3, 4, 3, 4, 4, 3, 4, 4, 3, 3, 4, 4, 4, 3, 4, 4, 4, 4, 4, 3, 3, 4, 4, 4, 3, 3, 4, 4, 3, 3, 3, 3, 3, 4, 3, 4, 3, 3, 3, 4, 4, 4, 4, 3, 3, 4, 3, 4, 4, 4, 4, 3, 3, 4, 3, 4, 4, 4, 3, 4, 3, 4, 3, 3, 4, 3, 3, 4, 4, 4, 3, 3, 4, 3, 4, 4, 4, 3, 3, 4, 4, 3, 3, 4, 3, 4, 4, 4, 4, 3, 3, 3, 4, 3, 3, 4, 4, 3]",0.4144781937381419
327,12,4,pivot_kg,4,4,152,45505.0,285271.0,486.87424581462983,11.123239455024283,8.274532921554098,"[4, 5, 6, 1]",,
327,12,4,uniform_v2,3,4,152,45505.0,287841.0,491.49928597488906,19.39777237657838,0.0,"[3, 5, 4, 1]",,
327,12,4,ivr_v2,4,4,152,45505.0,285271.0,486.87424581462983,11.123239455024283,8.274532921554098,"[5, 4, 6, 1]",,
327,12,4,lucb_v2,4,4,152,45561.0,285560.0,486.90001751785167,11.123239455024283,8.274532921554098,"[5, 4, 3, 6]",,
327,12,4,no_hf_v2,4,0,0,0.0,0.0,0.0,11.123239455024283,8.274532921554098,[],,
327,12,4,proxy_only,3,0,0,0.0,0.0,0.0,19.39777237657838,0.0,[],,
327,12,4,global_voi_heuristic,3,4,152,45505.0,287841.0,491.49928597488906,19.39777237657838,0.0,"[5, 4, 1, 3]",,
327,12,4,uniform_v2_expected_100,,4,152,45530.48,287677.17,490.8617970024835,14.681288611292544,4.716483765285837,,"[4, 3, 4, 4, 3, 4, 4, 3, 3, 4, 4, 3, 3, 3, 3, 3, 4, 4, 4, 4, 3, 4, 3, 4, 3, 3, 3, 3, 4, 4, 3, 3, 3, 4, 3, 3, 3, 4, 3, 4, 3, 4, 4, 4, 4, 4, 3, 4, 3, 4, 4, 4, 4, 4, 4, 4, 3, 3, 4, 4, 4, 3, 4, 4, 3, 3, 4, 4, 3, 3, 3, 4, 3, 4, 4, 4, 4, 4, 4, 4, 3, 3, 4, 3, 4, 4, 3, 4, 3, 4, 4, 4, 4, 3, 4, 3, 3, 4, 3, 4]",0.41171581207847313
327,12,1,author_PIVOT_VOI_E5C,3,1,56,16733.0,106933.0,182.52608032902936,19.39777237657838,0.0,[1],,
327,12,1,author_GlobalVOI_E5C,3,1,56,16789.0,106215.0,180.91195216594497,19.39777237657838,0.0,[5],,
327,12,1,author_Uniform_E5C,4,1,56,16761.0,106836.0,182.17805951775517,11.123239455024283,8.274532921554098,[4],,
327,12,1,author_LUCB_E5C,4,1,56,16789.0,107222.0,182.5518520322512,11.123239455024283,8.274532921554098,[3],,
327,12,2,author_PIVOT_VOI_E5C,2,2,88,26333.0,168690.0,287.9272654938977,3.792302908201931,15.60546946837645,"[1, 2]",,
327,12,2,author_GlobalVOI_E5C,3,2,88,26361.0,166596.0,284.2004589936696,19.39777237657838,0.0,"[5, 4]",,
327,12,2,author_Uniform_E5C,4,2,88,26305.0,167314.0,285.814587156754,11.123239455024283,8.274532921554098,"[4, 1]",,
327,12,2,author_LUCB_E5C,4,2,88,26361.0,167603.0,285.8403588599758,11.123239455024283,8.274532921554098,"[3, 4]",,
327,12,4,author_PIVOT_VOI_E5C,2,4,152,45505.0,289838.0,494.878071663843,3.792302908201931,15.60546946837645,"[1, 2, 3, 4]",,
327,12,4,author_GlobalVOI_E5C,2,4,152,45561.0,289120.0,493.2639435007586,3.792302908201931,15.60546946837645,"[5, 4, 3, 2]",,
327,12,4,author_Uniform_E5C,2,4,152,45505.0,289838.0,494.878071663843,3.792302908201931,15.60546946837645,"[4, 1, 3, 2]",,
327,12,4,author_LUCB_E5C,2,4,152,45561.0,289120.0,493.2639435007586,3.792302908201931,15.60546946837645,"[3, 4, 2, 5]",,
328,4,1,pivot_kg,6,1,24,7142.0,45679.0,77.89478732587304,19.09579204413471,0.0,[5],,
328,4,1,uniform_v2,6,1,24,7200.0,45846.0,78.38531463500112,19.09579204413471,0.0,[2],,
328,4,1,ivr_v2,6,1,24,7142.0,45679.0,77.89478732587304,19.09579204413471,0.0,[5],,
328,4,1,lucb_v2,6,1,24,7142.0,45679.0,77.89478732587304,19.09579204413471,0.0,[5],,
328,4,1,no_hf_v2,6,0,0,0.0,0.0,0.0,19.09579204413471,0.0,[],,
328,4,1,proxy_only,5,0,0,0.0,0.0,0.0,3.459538435117877,15.636253609016833,[],,
328,4,1,global_voi_heuristic,6,1,24,7200.0,45846.0,78.38531463500112,19.09579204413471,0.0,[2],,
328,4,1,uniform_v2_expected_100,,1,24,7181.47,45794.18,77.88075103970245,19.095792044134715,-3.552713678800501e-15,,"[6, 6, 6, 6, 6, 6, 6, 6, 6, 6, 6, 6, 6, 6, 6, 6, 6, 6, 6, 6, 6, 6, 6, 6, 6, 6, 6, 6, 6, 6, 6, 6, 6, 6, 6, 6, 6, 6, 6, 6, 6, 6, 6, 6, 6, 6, 6, 6, 6, 6, 6, 6, 6, 6, 6, 6, 6, 6, 6, 6, 6, 6, 6, 6, 6, 6, 6, 6, 6, 6, 6, 6, 6, 6, 6, 6, 6, 6, 6, 6, 6, 6, 6, 6, 6, 6, 6, 6, 6, 6, 6, 6, 6, 6, 6, 6, 6, 6, 6, 6]",3.5706115939831736e-16
328,4,2,pivot_kg,6,2,40,11942.0,76424.0,130.14136898086872,19.09579204413471,0.0,"[5, 4]",,
328,4,2,uniform_v2,6,2,40,12000.0,75253.0,128.8981307160575,19.09579204413471,0.0,"[2, 6]",,
328,4,2,ivr_v2,6,2,40,11942.0,76424.0,130.14136898086872,19.09579204413471,0.0,"[5, 4]",,
328,4,2,lucb_v2,6,2,40,11942.0,76424.0,130.14136898086872,19.09579204413471,0.0,"[5, 4]",,
328,4,2,no_hf_v2,6,0,0,0.0,0.0,0.0,19.09579204413471,0.0,[],,
328,4,2,proxy_only,5,0,0,0.0,0.0,0.0,3.459538435117877,15.636253609016833,[],,
328,4,2,global_voi_heuristic,6,2,40,11975.0,75967.0,129.53469666605815,19.09579204413471,0.0,"[2, 3]",,
328,4,2,uniform_v2_expected_100,,2,40,11962.93,76387.61,130.12664685561555,19.095792044134715,-3.552713678800501e-15,,"[6, 6, 6, 6, 6, 6, 6, 6, 6, 6, 6, 6, 6, 6, 6, 6, 6, 6, 6, 6, 6, 6, 6, 6, 6, 6, 6, 6, 6, 6, 6, 6, 6, 6, 6, 6, 6, 6, 6, 6, 6, 6, 6, 6, 6, 6, 6, 6, 6, 6, 6, 6, 6, 6, 6, 6, 6, 6, 6, 6, 6, 6, 6, 6, 6, 6, 6, 6, 6, 6, 6, 6, 6, 6, 6, 6, 6, 6, 6, 6, 6, 6, 6, 6, 6, 6, 6, 6, 6, 6, 6, 6, 6, 6, 6, 6, 6, 6, 6, 6]",3.5706115939831736e-16
328,4,4,pivot_kg,6,4,72,21514.0,137862.0,235.14303644094616,19.09579204413471,0.0,"[5, 4, 6, 1]",,
328,4,4,uniform_v2,6,4,72,21575.0,136119.0,232.2940944021102,19.09579204413471,0.0,"[2, 6, 3, 4]",,
328,4,4,ivr_v2,6,4,72,21514.0,137862.0,235.14303644094616,19.09579204413471,0.0,"[5, 4, 1, 6]",,
328,4,4,lucb_v2,6,4,72,21514.0,137862.0,235.14303644094616,19.09579204413471,0.0,"[5, 4, 6, 1]",,
328,4,4,no_hf_v2,6,0,0,0.0,0.0,0.0,19.09579204413471,0.0,[],,
328,4,4,proxy_only,5,0,0,0.0,0.0,0.0,3.459538435117877,15.636253609016833,[],,
328,4,4,global_voi_heuristic,6,4,72,21547.0,138743.0,236.2701297000749,19.09579204413471,0.0,"[2, 3, 4, 1]",,
328,4,4,uniform_v2_expected_100,,4,72,21525.49,137424.2,234.43251037945737,19.095792044134715,-3.552713678800501e-15,,"[6, 6, 6, 6, 6, 6, 6, 6, 6, 6, 6, 6, 6, 6, 6, 6, 6, 6, 6, 6, 6, 6, 6, 6, 6, 6, 6, 6, 6, 6, 6, 6, 6, 6, 6, 6, 6, 6, 6, 6, 6, 6, 6, 6, 6, 6, 6, 6, 6, 6, 6, 6, 6, 6, 6, 6, 6, 6, 6, 6, 6, 6, 6, 6, 6, 6, 6, 6, 6, 6, 6, 6, 6, 6, 6, 6, 6, 6, 6, 6, 6, 6, 6, 6, 6, 6, 6, 6, 6, 6, 6, 6, 6, 6, 6, 6, 6, 6, 6, 6]",3.5706115939831736e-16
328,4,1,author_PIVOT_VOI_E5C,6,1,24,7172.0,47427.0,80.42308385297656,19.09579204413471,0.0,[1],,
328,4,1,author_GlobalVOI_E5C,6,1,24,7175.0,45517.0,77.08361450501252,19.09579204413471,0.0,[3],,
328,4,1,author_Uniform_E5C,5,1,24,7175.0,45517.0,77.08361450501252,3.459538435117877,15.636253609016833,[3],,
328,4,1,author_LUCB_E5C,5,1,24,7200.0,44803.0,76.44704855501186,3.459538435117877,15.636253609016833,[6],,
328,4,2,author_PIVOT_VOI_E5C,6,2,40,11972.0,77877.0,132.8741660140222,19.09579204413471,0.0,"[1, 2]",,
328,4,2,author_GlobalVOI_E5C,6,2,40,11975.0,76262.0,129.3301961600082,19.09579204413471,0.0,"[3, 4]",,
328,4,2,author_Uniform_E5C,5,2,40,11947.0,77548.0,131.5724658840336,3.459538435117877,15.636253609016833,"[3, 1]",,
328,4,2,author_LUCB_E5C,4,2,40,11942.0,75086.0,128.4076034069294,2.656479276784788,16.439312767349925,"[6, 5]",,
328,4,4,author_PIVOT_VOI_E5C,6,4,72,21547.0,138743.0,236.2701297000749,19.09579204413471,0.0,"[1, 2, 3, 4]",,
328,4,4,author_GlobalVOI_E5C,6,4,72,21547.0,138743.0,236.2701297000749,19.09579204413471,0.0,"[3, 4, 2, 1]",,
328,4,4,author_Uniform_E5C,2,4,72,21489.0,138281.0,235.98410289699677,-0.07834108094635006,19.174133125081063,"[3, 1, 2, 5]",,
328,4,4,author_LUCB_E5C,2,4,72,21517.0,135952.0,231.80356709298212,-0.07834108094635006,19.174133125081063,"[6, 5, 4, 3]",,
328,12,1,pivot_kg,6,1,56,16710.0,106893.0,182.48549595469376,12.051129623318687,6.8457626315215805,[5],,
328,12,1,uniform_v2,6,1,56,16707.0,108075.0,184.1780595710734,12.051129623318687,6.8457626315215805,[2],,
328,12,1,ivr_v2,6,1,56,16710.0,106893.0,182.48549595469376,12.051129623318687,6.8457626315215805,[5],,
328,12,1,lucb_v2,6,1,56,16710.0,106893.0,182.48549595469376,12.051129623318687,6.8457626315215805,[5],,
328,12,1,no_hf_v2,6,0,0,0.0,0.0,0.0,12.051129623318687,6.8457626315215805,[],,
328,12,1,proxy_only,5,0,0,0.0,0.0,0.0,6.671670102636614,12.225222152203653,[],,
328,12,1,global_voi_heuristic,6,1,56,16687.0,107303.0,182.43533469410613,12.051129623318687,6.8457626315215805,[3],,
328,12,1,uniform_v2_expected_100,,1,56,16715.39,107557.56,183.0471407004114,12.051129623318689,6.845762631521579,,"[6, 6, 6, 6, 6, 6, 6, 6, 6, 6, 6, 6, 6, 6, 6, 6, 6, 6, 6, 6, 6, 6, 6, 6, 6, 6, 6, 6, 6, 6, 6, 6, 6, 6, 6, 6, 6, 6, 6, 6, 6, 6, 6, 6, 6, 6, 6, 6, 6, 6, 6, 6, 6, 6, 6, 6, 6, 6, 6, 6, 6, 6, 6, 6, 6, 6, 6, 6, 6, 6, 6, 6, 6, 6, 6, 6, 6, 6, 6, 6, 6, 6, 6, 6, 6, 6, 6, 6, 6, 6, 6, 6, 6, 6, 6, 6, 6, 6, 6, 6]",1.7853057969915868e-16
328,12,2,pivot_kg,6,2,88,26310.0,168021.0,286.7041053388966,12.051129623318687,6.8457626315215805,"[5, 4]",,
328,12,2,uniform_v2,6,2,88,26253.0,168116.0,286.40684471919667,12.051129623318687,6.8457626315215805,"[2, 6]",,
328,12,2,ivr_v2,6,2,88,26310.0,168021.0,286.7041053388966,12.051129623318687,6.8457626315215805,"[5, 4]",,
328,12,2,lucb_v2,6,2,88,26310.0,168021.0,286.7041053388966,12.051129623318687,6.8457626315215805,"[5, 4]",,
328,12,2,no_hf_v2,6,0,0,0.0,0.0,0.0,12.051129623318687,6.8457626315215805,[],,
328,12,2,proxy_only,5,0,0,0.0,0.0,0.0,6.671670102636614,12.225222152203653,[],,
328,12,2,global_voi_heuristic,6,2,88,26287.0,168431.0,286.653944078309,12.051129623318687,6.8457626315215805,"[3, 4]",,
328,12,2,uniform_v2_expected_100,,2,88,26264.71,168784.96,287.59833821433074,12.051129623318689,6.845762631521579,,"[6, 6, 6, 6, 6, 6, 6, 6, 6, 6, 6, 6, 6, 6, 6, 6, 6, 6, 6, 6, 6, 6, 6, 6, 6, 6, 6, 6, 6, 6, 6, 6, 6, 6, 6, 6, 6, 6, 6, 6, 6, 6, 6, 6, 6, 6, 6, 6, 6, 6, 6, 6, 6, 6, 6, 6, 6, 6, 6, 6, 6, 6, 6, 6, 6, 6, 6, 6, 6, 6, 6, 6, 6, 6, 6, 6, 6, 6, 6, 6, 6, 6, 6, 6, 6, 6, 6, 6, 6, 6, 6, 6, 6, 6, 6, 6, 6, 6, 6, 6]",1.7853057969915868e-16
328,12,4,pivot_kg,6,4,152,45394.0,291156.0,496.5461306000361,12.051129623318687,6.8457626315215805,"[5, 4, 6, 1]",,
328,12,4,uniform_v2,6,4,152,45371.0,289996.0,494.15816995553905,12.051129623318687,6.8457626315215805,"[2, 6, 3, 4]",,
328,12,4,ivr_v2,6,4,152,45394.0,291156.0,496.5461306000361,12.051129623318687,6.8457626315215805,"[5, 4, 6, 1]",,
328,12,4,lucb_v2,6,4,152,45394.0,291156.0,496.5461306000361,12.051129623318687,6.8457626315215805,"[5, 4, 6, 1]",,
328,12,4,no_hf_v2,6,0,0,0.0,0.0,0.0,12.051129623318687,6.8457626315215805,[],,
328,12,4,proxy_only,5,0,0,0.0,0.0,0.0,6.671670102636614,12.225222152203653,[],,
328,12,4,global_voi_heuristic,6,4,152,45363.0,293049.0,499.542624920432,12.051129623318687,6.8457626315215805,"[3, 4, 2, 1]",,
328,12,4,uniform_v2_expected_100,,4,152,45357.38,291113.81,496.47279463324463,12.051129623318689,6.845762631521579,,"[6, 6, 6, 6, 6, 6, 6, 6, 6, 6, 6, 6, 6, 6, 6, 6, 6, 6, 6, 6, 6, 6, 6, 6, 6, 6, 6, 6, 6, 6, 6, 6, 6, 6, 6, 6, 6, 6, 6, 6, 6, 6, 6, 6, 6, 6, 6, 6, 6, 6, 6, 6, 6, 6, 6, 6, 6, 6, 6, 6, 6, 6, 6, 6, 6, 6, 6, 6, 6, 6, 6, 6, 6, 6, 6, 6, 6, 6, 6, 6, 6, 6, 6, 6, 6, 6, 6, 6, 6, 6, 6, 6, 6, 6, 6, 6, 6, 6, 6, 6]",1.7853057969915868e-16
328,12,1,author_PIVOT_VOI_E5C,6,1,56,16707.0,108075.0,184.1780595710734,12.051129623318687,6.8457626315215805,[2],,
328,12,1,author_GlobalVOI_E5C,6,1,56,16687.0,107303.0,182.43533469410613,12.051129623318687,6.8457626315215805,[3],,
328,12,1,author_Uniform_E5C,5,1,56,16687.0,107303.0,182.43533469410613,6.671670102636614,12.225222152203653,[3],,
328,12,1,author_LUCB_E5C,6,1,56,16715.0,106592.0,181.1314039900899,12.051129623318687,6.8457626315215805,[6],,
328,12,2,author_PIVOT_VOI_E5C,6,2,88,26245.0,171169.0,291.7912996840896,12.051129623318687,6.8457626315215805,"[2, 1]",,
328,12,2,author_GlobalVOI_E5C,6,2,88,26287.0,168431.0,286.653944078309,12.051129623318687,6.8457626315215805,"[3, 4]",,
328,12,2,author_Uniform_E5C,5,2,88,26225.0,170397.0,290.04857480712235,6.671670102636614,12.225222152203653,"[3, 1]",,
328,12,2,author_LUCB_E5C,5,2,88,26256.0,166934.0,284.71428110281704,6.671670102636614,12.225222152203653,"[6, 5]",,
328,12,4,author_PIVOT_VOI_E5C,5,4,152,45332.0,291552.0,497.60296194494003,6.671670102636614,12.225222152203653,"[2, 1, 6, 5]",,
328,12,4,author_GlobalVOI_E5C,6,4,152,45363.0,293049.0,499.542624920432,12.051129623318687,6.8457626315215805,"[3, 4, 2, 1]",,
328,12,4,author_Uniform_E5C,6,4,152,45304.0,292263.0,498.9068926489563,12.051129623318687,6.8457626315215805,"[3, 1, 2, 5]",,
328,12,4,author_LUCB_E5C,5,4,152,45374.0,288814.0,492.4656063391594,6.671670102636614,12.225222152203653,"[6, 5, 3, 4]",,
329,4,1,pivot_kg,6,1,24,7192.0,49634.0,84.18286821292713,5.065551144092344,7.065708011301753,[5],,
329,4,1,uniform_v2,6,1,24,7192.0,49634.0,84.18286821292713,5.065551144092344,7.065708011301753,[5],,
329,4,1,ivr_v2,6,1,24,7192.0,49634.0,84.18286821292713,5.065551144092344,7.065708011301753,[5],,
329,4,1,lucb_v2,6,1,24,7192.0,49634.0,84.18286821292713,5.065551144092344,7.065708011301753,[5],,
329,4,1,no_hf_v2,6,0,0,0.0,0.0,0.0,5.065551144092344,7.065708011301753,[],,
329,4,1,proxy_only,6,0,0,0.0,0.0,0.0,5.065551144092344,7.065708011301753,[],,
329,4,1,global_voi_heuristic,6,1,24,7200.0,47101.0,79.90452262497274,5.065551144092344,7.065708011301753,[2],,
329,4,1,uniform_v2_expected_100,,1,24,7178.79,48565.55,82.23768151460274,5.065551144092346,7.065708011301751,,"[6, 6, 6, 6, 6, 6, 6, 6, 6, 6, 6, 6, 6, 6, 6, 6, 6, 6, 6, 6, 6, 6, 6, 6, 6, 6, 6, 6, 6, 6, 6, 6, 6, 6, 6, 6, 6, 6, 6, 6, 6, 6, 6, 6, 6, 6, 6, 6, 6, 6, 6, 6, 6, 6, 6, 6, 6, 6, 6, 6, 6, 6, 6, 6, 6, 6, 6, 6, 6, 6, 6, 6, 6, 6, 6, 6, 6, 6, 6, 6, 6, 6, 6, 6, 6, 6, 6, 6, 6, 6, 6, 6, 6, 6, 6, 6, 6, 6, 6, 6]",1.7853057969915868e-16
329,4,2,pivot_kg,6,2,40,11992.0,82521.0,140.01261828810675,5.065551144092344,7.065708011301753,"[5, 4]",,
329,4,2,uniform_v2,6,2,40,11992.0,79387.0,135.28671617491636,5.065551144092344,7.065708011301753,"[5, 2]",,
329,4,2,ivr_v2,6,2,40,11992.0,82521.0,140.01261828810675,5.065551144092344,7.065708011301753,"[5, 4]",,
329,4,2,lucb_v2,6,2,40,11992.0,82521.0,140.01261828810675,5.065551144092344,7.065708011301753,"[5, 4]",,
329,4,2,no_hf_v2,6,0,0,0.0,0.0,0.0,5.065551144092344,7.065708011301753,[],,
329,4,2,proxy_only,6,0,0,0.0,0.0,0.0,5.065551144092344,7.065708011301753,[],,
329,4,2,global_voi_heuristic,6,2,40,12000.0,77694.0,132.4193736241432,5.065551144092344,7.065708011301753,"[2, 1]",,
329,4,2,uniform_v2_expected_100,,2,40,11960.07,79782.71,135.7103048732615,5.065551144092346,7.065708011301751,,"[6, 6, 6, 6, 6, 6, 6, 6, 6, 6, 6, 6, 6, 6, 6, 6, 6, 6, 6, 6, 6, 6, 6, 6, 6, 6, 6, 6, 6, 6, 6, 6, 6, 6, 6, 6, 6, 6, 6, 6, 6, 6, 6, 6, 6, 6, 6, 6, 6, 6, 6, 6, 6, 6, 6, 6, 6, 6, 6, 6, 6, 6, 6, 6, 6, 6, 6, 6, 6, 6, 6, 6, 6, 6, 6, 6, 6, 6, 6, 6, 6, 6, 6, 6, 6, 6, 6, 6, 6, 6, 6, 6, 6, 6, 6, 6, 6, 6, 6, 6]",1.7853057969915868e-16
329,4,4,pivot_kg,6,4,72,21503.0,142865.0,243.95336101931753,5.065551144092344,7.065708011301753,"[5, 4, 6, 1]",,
329,4,4,uniform_v2,6,4,72,21503.0,139731.0,239.22745890612714,5.065551144092344,7.065708011301753,"[5, 2, 6, 1]",,
329,4,4,ivr_v2,6,4,72,21503.0,142865.0,243.95336101931753,5.065551144092344,7.065708011301753,"[5, 4, 1, 6]",,
329,4,4,lucb_v2,6,4,72,21503.0,142865.0,243.95336101931753,5.065551144092344,7.065708011301753,"[5, 4, 6, 1]",,
329,4,4,no_hf_v2,6,0,0,0.0,0.0,0.0,5.065551144092344,7.065708011301753,[],,
329,4,4,proxy_only,6,0,0,0.0,0.0,0.0,5.065551144092344,7.065708011301753,[],,
329,4,4,global_voi_heuristic,6,4,72,21576.0,143260.0,243.66757476620842,5.065551144092344,7.065708011301753,"[2, 1, 4, 3]",,
329,4,4,uniform_v2_expected_100,,4,72,21519.02,142489.16,243.0205399425677,5.065551144092346,7.065708011301751,,"[6, 6, 6, 6, 6, 6, 6, 6, 6, 6, 6, 6, 6, 6, 6, 6, 6, 6, 6, 6, 6, 6, 6, 6, 6, 6, 6, 6, 6, 6, 6, 6, 6, 6, 6, 6, 6, 6, 6, 6, 6, 6, 6, 6, 6, 6, 6, 6, 6, 6, 6, 6, 6, 6, 6, 6, 6, 6, 6, 6, 6, 6, 6, 6, 6, 6, 6, 6, 6, 6, 6, 6, 6, 6, 6, 6, 6, 6, 6, 6, 6, 6, 6, 6, 6, 6, 6, 6, 6, 6, 6, 6, 6, 6, 6, 6, 6, 6, 6, 6]",1.7853057969915868e-16
329,4,1,author_PIVOT_VOI_E5C,6,1,24,7200.0,47941.0,81.31552566215396,5.065551144092344,7.065708011301753,[1],,
329,4,1,author_GlobalVOI_E5C,6,1,24,7176.0,50027.0,84.21912572986912,5.065551144092344,7.065708011301753,[3],,
329,4,1,author_Uniform_E5C,6,1,24,7200.0,47941.0,81.31552566215396,5.065551144092344,7.065708011301753,[1],,
329,4,1,author_LUCB_E5C,4,1,24,7111.0,47099.0,80.22656639502384,-3.3278841550166183,15.459143310410717,[6],,
329,4,2,author_PIVOT_VOI_E5C,6,2,40,12000.0,77694.0,132.4193736241432,5.065551144092344,7.065708011301753,"[1, 2]",,
329,4,2,author_GlobalVOI_E5C,6,2,40,11976.0,79780.0,135.32297369185835,5.065551144092344,7.065708011301753,"[3, 2]",,
329,4,2,author_Uniform_E5C,5,2,40,11911.0,77692.0,132.7414173941943,2.6488306394169348,9.482428515977162,"[1, 6]",,
329,4,2,author_LUCB_E5C,5,2,40,11911.0,79986.0,136.05631647020346,2.6488306394169348,9.482428515977162,"[6, 4]",,
329,4,4,author_PIVOT_VOI_E5C,6,4,72,21576.0,143260.0,243.66757476620842,5.065551144092344,7.065708011301753,"[1, 2, 3, 4]",,
329,4,4,author_GlobalVOI_E5C,6,4,72,21576.0,143260.0,243.66757476620842,5.065551144092344,7.065708011301753,"[3, 2, 4, 1]",,
329,4,4,author_Uniform_E5C,3,4,72,21503.0,142865.0,243.95336101931753,12.131259155394098,0.0,"[1, 6, 5, 4]",,
329,4,4,author_LUCB_E5C,2,4,72,21479.0,144951.0,246.8569610870327,4.983025582095612,7.148233573298485,"[6, 4, 5, 3]",,
329,12,1,pivot_kg,6,1,56,16780.0,115777.0,195.38386905298103,-1.609976457957072,14.229359425036645,[5],,
329,12,1,uniform_v2,6,1,56,16780.0,115777.0,195.38386905298103,-1.609976457957072,14.229359425036645,[5],,
329,12,1,ivr_v2,6,1,56,16780.0,115777.0,195.38386905298103,-1.609976457957072,14.229359425036645,[5],,
329,12,1,lucb_v2,6,1,56,16780.0,115777.0,195.38386905298103,-1.609976457957072,14.229359425036645,[5],,
329,12,1,no_hf_v2,6,0,0,0.0,0.0,0.0,-1.609976457957072,14.229359425036645,[],,
329,12,1,proxy_only,6,0,0,0.0,0.0,0.0,-1.609976457957072,14.229359425036645,[],,
329,12,1,global_voi_heuristic,6,1,56,16768.0,116680.0,196.3676649518311,-1.609976457957072,14.229359425036645,[3],,
329,12,1,uniform_v2_expected_100,,1,56,16743.12,115514.84,194.73839706529398,-1.6099764579570708,14.229359425036643,,"[6, 6, 6, 6, 6, 6, 6, 6, 6, 6, 6, 6, 6, 6, 6, 6, 6, 6, 6, 6, 6, 6, 6, 6, 6, 6, 6, 6, 6, 6, 6, 6, 6, 6, 6, 6, 6, 6, 6, 6, 6, 6, 6, 6, 6, 6, 6, 6, 6, 6, 6, 6, 6, 6, 6, 6, 6, 6, 6, 6, 6, 6, 6, 6, 6, 6, 6, 6, 6, 6, 6, 6, 6, 6, 6, 6, 6, 6, 6, 6, 6, 6, 6, 6, 6, 6, 6, 6, 6, 6, 6, 6, 6, 6, 6, 6, 6, 6, 6, 6]",1.1158161231197418e-16
329,12,2,pivot_kg,6,2,88,26380.0,180657.0,305.6309435310541,-1.609976457957072,14.229359425036645,"[5, 4]",,
329,12,2,uniform_v2,6,2,88,26360.0,178433.0,302.2485186330741,-1.609976457957072,14.229359425036645,"[5, 2]",,
329,12,2,ivr_v2,6,2,88,26380.0,180657.0,305.6309435310541,-1.609976457957072,14.229359425036645,"[5, 4]",,
329,12,2,lucb_v2,6,2,88,26380.0,180657.0,305.6309435310541,-1.609976457957072,14.229359425036645,"[5, 4]",,
329,12,2,no_hf_v2,6,0,0,0.0,0.0,0.0,-1.609976457957072,14.229359425036645,[],,
329,12,2,proxy_only,6,0,0,0.0,0.0,0.0,-1.609976457957072,14.229359425036645,[],,
329,12,2,global_voi_heuristic,6,2,88,26368.0,181560.0,306.61473942990415,-1.609976457957072,14.229359425036645,"[3, 4]",,
329,12,2,uniform_v2_expected_100,,2,88,26289.68,180021.52,304.34238947014325,-1.6099764579570708,14.229359425036643,,"[6, 6, 6, 6, 6, 6, 6, 6, 6, 6, 6, 6, 6, 6, 6, 6, 6, 6, 6, 6, 6, 6, 6, 6, 6, 6, 6, 6, 6, 6, 6, 6, 6, 6, 6, 6, 6, 6, 6, 6, 6, 6, 6, 6, 6, 6, 6, 6, 6, 6, 6, 6, 6, 6, 6, 6, 6, 6, 6, 6, 6, 6, 6, 6, 6, 6, 6, 6, 6, 6, 6, 6, 6, 6, 6, 6, 6, 6, 6, 6, 6, 6, 6, 6, 6, 6, 6, 6, 6, 6, 6, 6, 6, 6, 6, 6, 6, 6, 6, 6]",1.1158161231197418e-16
329,12,4,pivot_kg,6,4,152,45364.0,310006.0,525.0509076269809,-1.609976457957072,14.229359425036645,"[5, 4, 6, 1]",,
329,12,4,uniform_v2,6,4,152,45344.0,307782.0,521.668482729001,-1.609976457957072,14.229359425036645,"[5, 2, 6, 1]",,
329,12,4,ivr_v2,6,4,152,45364.0,310006.0,525.0509076269809,-1.609976457957072,14.229359425036645,"[5, 4, 6, 1]",,
329,12,4,lucb_v2,6,4,152,45364.0,310006.0,525.0509076269809,-1.609976457957072,14.229359425036645,"[5, 4, 6, 1]",,
329,12,4,no_hf_v2,6,0,0,0.0,0.0,0.0,-1.609976457957072,14.229359425036645,[],,
329,12,4,proxy_only,6,0,0,0.0,0.0,0.0,-1.609976457957072,14.229359425036645,[],,
329,12,4,global_voi_heuristic,6,4,152,45362.0,308802.0,523.2849493550602,-1.609976457957072,14.229359425036645,"[3, 4, 1, 2]",,
329,12,4,uniform_v2_expected_100,,4,152,45396.68,309243.32,523.822457319207,-1.6099764579570708,14.229359425036643,,"[6, 6, 6, 6, 6, 6, 6, 6, 6, 6, 6, 6, 6, 6, 6, 6, 6, 6, 6, 6, 6, 6, 6, 6, 6, 6, 6, 6, 6, 6, 6, 6, 6, 6, 6, 6, 6, 6, 6, 6, 6, 6, 6, 6, 6, 6, 6, 6, 6, 6, 6, 6, 6, 6, 6, 6, 6, 6, 6, 6, 6, 6, 6, 6, 6, 6, 6, 6, 6, 6, 6, 6, 6, 6, 6, 6, 6, 6, 6, 6, 6, 6, 6, 6, 6, 6, 6, 6, 6, 6, 6, 6, 6, 6, 6, 6, 6, 6, 6, 6]",1.1158161231197418e-16
329,12,1,author_PIVOT_VOI_E5C,6,1,56,16768.0,116680.0,196.3676649518311,-1.609976457957072,14.229359425036645,[3],,
329,12,1,author_GlobalVOI_E5C,6,1,56,16768.0,116680.0,196.3676649518311,-1.609976457957072,14.229359425036645,[3],,
329,12,1,author_Uniform_E5C,6,1,56,16614.0,115495.0,194.82601415901445,-1.609976457957072,14.229359425036645,[1],,
329,12,1,author_LUCB_E5C,6,1,56,16770.0,115672.0,194.63485756481532,-1.609976457957072,14.229359425036645,[6],,
329,12,2,author_PIVOT_VOI_E5C,6,2,88,26368.0,181560.0,306.61473942990415,-1.609976457957072,14.229359425036645,"[3, 4]",,
329,12,2,author_GlobalVOI_E5C,2,2,88,26348.0,179336.0,303.2323145319242,-1.4006913247139199,14.020074291793492,"[3, 2]",,
329,12,2,author_Uniform_E5C,6,2,88,26184.0,180258.0,304.4404179098783,-1.609976457957072,14.229359425036645,"[1, 6]",,
329,12,2,author_LUCB_E5C,6,2,88,26370.0,180552.0,304.88193204288837,-1.609976457957072,14.229359425036645,"[6, 4]",,
329,12,4,author_PIVOT_VOI_E5C,6,4,152,45362.0,311014.0,526.7837150139967,-1.609976457957072,14.229359425036645,"[3, 4, 5, 1]",,
329,12,4,author_GlobalVOI_E5C,2,4,152,45362.0,308802.0,523.2849493550602,-1.4006913247139199,14.020074291793492,"[3, 2, 4, 1]",,
329,12,4,author_Uniform_E5C,6,4,152,45364.0,310006.0,525.0509076269809,-1.609976457957072,14.229359425036645,"[1, 6, 5, 4]",,
329,12,4,author_LUCB_E5C,6,4,152,45518.0,311191.0,526.5925584197976,-1.609976457957072,14.229359425036645,"[6, 4, 5, 3]",,
330,4,1,pivot_kg,6,1,24,7200.0,47797.0,81.3171442640596,29.160690240102287,0.0,[5],,
330,4,1,uniform_v2,6,1,24,7122.0,47970.0,81.61676167295082,29.160690240102287,0.0,[4],,
330,4,1,ivr_v2,6,1,24,7200.0,47797.0,81.3171442640596,29.160690240102287,0.0,[5],,
330,4,1,lucb_v2,6,1,24,7200.0,47797.0,81.3171442640596,29.160690240102287,0.0,[5],,
330,4,1,no_hf_v2,6,0,0,0.0,0.0,0.0,29.160690240102287,0.0,[],,
330,4,1,proxy_only,5,0,0,0.0,0.0,0.0,24.369940044927176,4.790750195175111,[],,
330,4,1,global_voi_heuristic,6,1,24,7200.0,48510.0,82.98783303616801,29.160690240102287,0.0,[2],,
330,4,1,uniform_v2_expected_100,,1,24,7189.08,47988.89,81.69810952542466,28.15463269911551,1.0060575409867774,,"[6, 6, 6, 6, 6, 5, 5, 6, 6, 6, 6, 6, 6, 6, 5, 5, 6, 5, 6, 6, 6, 6, 6, 6, 6, 6, 5, 5, 6, 6, 5, 6, 5, 6, 6, 5, 6, 6, 6, 6, 6, 6, 5, 6, 6, 6, 6, 6, 6, 5, 5, 6, 6, 5, 6, 6, 6, 5, 6, 6, 6, 6, 5, 6, 6, 6, 6, 6, 5, 6, 6, 6, 6, 6, 6, 6, 6, 6, 6, 6, 6, 5, 6, 6, 6, 6, 6, 6, 5, 5, 5, 6, 6, 6, 6, 6, 6, 6, 6, 6]",0.19611423657786659
330,4,2,pivot_kg,6,2,40,12000.0,79973.0,136.1518384751398,29.160690240102287,0.0,"[5, 6]",,
330,4,2,uniform_v2,6,2,40,11922.0,80146.0,136.45145588403102,29.160690240102287,0.0,"[4, 6]",,
330,4,2,ivr_v2,6,2,40,11922.0,79874.0,136.09496651298832,29.160690240102287,0.0,"[5, 4]",,
330,4,2,lucb_v2,6,2,40,12000.0,79973.0,136.1518384751398,29.160690240102287,0.0,"[5, 6]",,
330,4,2,no_hf_v2,6,0,0,0.0,0.0,0.0,29.160690240102287,0.0,[],,
330,4,2,proxy_only,5,0,0,0.0,0.0,0.0,24.369940044927176,4.790750195175111,[],,
330,4,2,global_voi_heuristic,6,2,40,12000.0,80216.0,136.93539687717566,29.160690240102287,0.0,"[2, 3]",,
330,4,2,uniform_v2_expected_100,,2,40,11978.94,80041.11,136.43528978001385,27.819280185453252,1.3414100546490353,,"[6, 6, 6, 6, 6, 6, 5, 6, 6, 5, 6, 6, 5, 5, 5, 6, 6, 5, 6, 5, 5, 6, 6, 6, 6, 6, 5, 5, 6, 6, 5, 6, 5, 5, 6, 5, 6, 6, 6, 6, 6, 6, 5, 6, 6, 6, 6, 6, 6, 5, 5, 5, 6, 5, 6, 6, 5, 5, 6, 6, 6, 6, 6, 6, 6, 6, 5, 6, 5, 6, 6, 6, 6, 6, 6, 6, 6, 6, 6, 6, 6, 5, 6, 6, 6, 6, 6, 6, 5, 6, 5, 6, 6, 6, 6, 5, 6, 6, 5, 6]",0.2161878052421459
330,4,4,pivot_kg,6,4,72,21522.0,144016.0,245.50160459894687,29.160690240102287,0.0,"[5, 6, 4, 1]",,
330,4,4,uniform_v2,6,4,72,21522.0,144016.0,245.50160459894687,29.160690240102287,0.0,"[4, 6, 1, 5]",,
330,4,4,ivr_v2,6,4,72,21522.0,144016.0,245.50160459894687,29.160690240102287,0.0,"[5, 4, 1, 6]",,
330,4,4,lucb_v2,6,4,72,21522.0,144016.0,245.50160459894687,29.160690240102287,0.0,"[5, 6, 4, 1]",,
330,4,4,no_hf_v2,6,0,0,0.0,0.0,0.0,29.160690240102287,0.0,[],,
330,4,4,proxy_only,5,0,0,0.0,0.0,0.0,24.369940044927176,4.790750195175111,[],,
330,4,4,global_voi_heuristic,5,4,72,21600.0,144358.0,246.3420349631342,24.369940044927176,4.790750195175111,"[2, 3, 1, 6]",,
330,4,4,uniform_v2_expected_100,,4,72,21547.74,144209.73,246.07563028031785,27.91509518935676,1.2455950507455285,,"[6, 6, 6, 6, 5, 6, 6, 6, 6, 6, 6, 6, 5, 6, 5, 6, 6, 6, 6, 6, 5, 6, 6, 6, 6, 6, 6, 5, 6, 5, 5, 6, 6, 5, 5, 6, 5, 6, 5, 6, 5, 5, 5, 6, 6, 6, 6, 5, 6, 5, 6, 5, 6, 5, 6, 6, 6, 5, 6, 6, 6, 6, 6, 5, 6, 6, 6, 6, 6, 6, 6, 6, 5, 6, 6, 6, 5, 6, 5, 6, 6, 6, 6, 6, 6, 6, 6, 6, 5, 6, 5, 6, 6, 6, 6, 5, 6, 6, 6, 6]",0.21119734899493953
330,4,1,author_PIVOT_VOI_E5C,6,1,24,7200.0,47797.0,81.3171442640596,29.160690240102287,0.0,[5],,
330,4,1,author_GlobalVOI_E5C,6,1,24,7200.0,47599.0,80.78650326502975,29.160690240102287,0.0,[3],,
330,4,1,author_Uniform_E5C,5,1,24,7200.0,47599.0,80.78650326502975,24.369940044927176,4.790750195175111,[3],,
330,4,1,author_LUCB_E5C,5,1,24,7200.0,48069.0,81.6736336351023,24.369940044927176,4.790750195175111,[6],,
330,4,2,author_PIVOT_VOI_E5C,6,2,40,11922.0,79874.0,136.09496651298832,29.160690240102287,0.0,"[5, 4]",,
330,4,2,author_GlobalVOI_E5C,5,2,40,12000.0,79775.0,135.62119747610996,24.369940044927176,4.790750195175111,"[3, 6]",,
330,4,2,author_Uniform_E5C,6,2,40,12000.0,79503.0,135.26470810506726,29.160690240102287,0.0,"[3, 5]",,
330,4,2,author_LUCB_E5C,3,2,40,12000.0,79973.0,136.1518384751398,17.39288194844194,11.767808291660348,"[6, 5]",,
330,4,4,author_PIVOT_VOI_E5C,3,4,72,21522.0,144667.0,247.07855433621444,17.39288194844194,11.767808291660348,"[5, 4, 6, 2]",,
330,4,4,author_GlobalVOI_E5C,1,4,72,21600.0,144358.0,246.3420349631342,-11.905567986424927,41.06625822652721,"[3, 6, 2, 1]",,
330,4,4,author_Uniform_E5C,6,4,72,21522.0,143756.0,244.87722456507618,29.160690240102287,0.0,"[3, 5, 6, 4]",,
330,4,4,author_LUCB_E5C,6,4,72,21600.0,144296.0,246.24829592829337,29.160690240102287,0.0,"[6, 5, 3, 2]",,
330,12,1,pivot_kg,6,1,56,16800.0,108284.0,184.89031156292185,15.742709545637279,3.9010702757346216,[5],,
330,12,1,uniform_v2,6,1,56,16704.0,110003.0,187.08282864734065,15.742709545637279,3.9010702757346216,[4],,
330,12,1,ivr_v2,6,1,56,16800.0,108284.0,184.89031156292185,15.742709545637279,3.9010702757346216,[5],,
330,12,1,lucb_v2,6,1,56,16800.0,108284.0,184.89031156292185,15.742709545637279,3.9010702757346216,[5],,
330,12,1,no_hf_v2,6,0,0,0.0,0.0,0.0,15.742709545637279,3.9010702757346216,[],,
330,12,1,proxy_only,5,0,0,0.0,0.0,0.0,8.245691157510793,11.398088663861108,[],,
330,12,1,global_voi_heuristic,6,1,56,16800.0,110079.0,187.36228977987776,15.742709545637279,3.9010702757346216,[3],,
330,12,1,uniform_v2_expected_100,,1,56,16779.21,109755.37,186.12912880852645,14.636464117218875,5.007315704153026,,"[6, 6, 3, 6, 6, 5, 5, 6, 6, 3, 6, 3, 6, 3, 5, 5, 6, 5, 3, 6, 6, 6, 6, 6, 6, 6, 5, 5, 6, 6, 5, 6, 5, 6, 6, 5, 6, 3, 6, 6, 6, 6, 5, 6, 6, 6, 6, 6, 6, 5, 5, 6, 6, 5, 6, 6, 6, 5, 6, 6, 6, 6, 5, 3, 3, 6, 6, 6, 5, 6, 6, 6, 3, 6, 3, 6, 6, 3, 6, 6, 6, 5, 6, 6, 6, 6, 6, 6, 5, 5, 5, 6, 6, 6, 6, 6, 6, 3, 6, 6]",0.3539892818834856
330,12,2,pivot_kg,3,2,88,26400.0,170891.0,284.46963609103113,19.6437798213719,0.0,"[5, 6]",,
330,12,2,uniform_v2,5,2,88,26304.0,172610.0,286.66215317544993,8.245691157510793,11.398088663861108,"[4, 6]",,
330,12,2,ivr_v2,6,2,88,26304.0,170953.0,291.95026725617936,15.742709545637279,3.9010702757346216,"[5, 4]",,
330,12,2,lucb_v2,6,2,88,26304.0,170953.0,291.95026725617936,15.742709545637279,3.9010702757346216,"[5, 4]",,
330,12,2,no_hf_v2,6,0,0,0.0,0.0,0.0,15.742709545637279,3.9010702757346216,[],,
330,12,2,proxy_only,5,0,0,0.0,0.0,0.0,8.245691157510793,11.398088663861108,[],,
330,12,2,global_voi_heuristic,6,2,88,26400.0,172412.0,294.5845816550427,15.742709545637279,3.9010702757346216,"[3, 2]",,
330,12,2,uniform_v2_expected_100,,2,88,26361.83,172154.83,291.63309131662476,14.798609371515113,4.845170449856788,,"[6, 3, 3, 6, 6, 6, 3, 6, 6, 3, 6, 5, 5, 3, 6, 6, 6, 5, 6, 6, 5, 6, 3, 6, 6, 6, 5, 5, 6, 6, 6, 3, 5, 5, 5, 5, 5, 3, 5, 6, 5, 6, 5, 3, 6, 5, 6, 6, 5, 6, 3, 5, 6, 3, 6, 6, 5, 5, 6, 6, 6, 6, 6, 5, 3, 6, 5, 6, 3, 6, 6, 6, 6, 6, 3, 3, 3, 3, 6, 6, 6, 5, 6, 6, 6, 6, 6, 6, 3, 6, 6, 6, 6, 6, 5, 6, 3, 3, 6, 6]",0.39028039912537926
330,12,4,pivot_kg,6,4,152,45469.0,296844.0,499.85342280822806,15.742709545637279,3.9010702757346216,"[5, 6, 4, 1]",,
330,12,4,uniform_v2,6,4,152,45469.0,296844.0,499.85342280822806,15.742709545637279,3.9010702757346216,"[4, 6, 1, 5]",,
330,12,4,ivr_v2,6,4,152,45469.0,296844.0,499.85342280822806,15.742709545637279,3.9010702757346216,"[5, 4, 6, 1]",,
330,12,4,lucb_v2,6,4,152,45469.0,296844.0,499.85342280822806,15.742709545637279,3.9010702757346216,"[5, 4, 6, 1]",,
330,12,4,no_hf_v2,6,0,0,0.0,0.0,0.0,15.742709545637279,3.9010702757346216,[],,
330,12,4,proxy_only,5,0,0,0.0,0.0,0.0,8.245691157510793,11.398088663861108,[],,
330,12,4,global_voi_heuristic,5,4,152,45565.0,298303.0,502.4877372070914,8.245691157510793,11.398088663861108,"[3, 2, 1, 6]",,
330,12,4,uniform_v2_expected_100,,4,152,45512.58,297018.78,503.4216841386427,13.772781391767612,5.870998429604288,,"[6, 6, 6, 6, 5, 6, 6, 6, 6, 3, 6, 5, 5, 3, 5, 3, 5, 6, 6, 6, 5, 6, 6, 3, 6, 6, 6, 5, 6, 5, 5, 6, 3, 5, 5, 6, 5, 6, 5, 6, 5, 5, 5, 5, 6, 6, 6, 5, 5, 5, 3, 5, 6, 5, 6, 6, 6, 5, 6, 6, 6, 5, 6, 5, 6, 6, 3, 6, 3, 6, 5, 6, 5, 6, 3, 6, 5, 3, 5, 6, 6, 6, 6, 6, 6, 6, 6, 6, 5, 3, 5, 6, 6, 6, 6, 5, 6, 6, 6, 6]",0.3992302264698044
330,12,1,author_PIVOT_VOI_E5C,6,1,56,16800.0,108284.0,184.89031156292185,15.742709545637279,3.9010702757346216,[5],,
330,12,1,author_GlobalVOI_E5C,6,1,56,16800.0,110079.0,187.36228977987776,15.742709545637279,3.9010702757346216,[3],,
330,12,1,author_Uniform_E5C,5,1,56,16800.0,110079.0,187.36228977987776,8.245691157510793,11.398088663861108,[3],,
330,12,1,author_LUCB_E5C,3,1,56,16800.0,109941.0,179.60219748219242,19.6437798213719,0.0,[6],,
330,12,2,author_PIVOT_VOI_E5C,6,2,88,26400.0,170617.0,292.1126034380868,15.742709545637279,3.9010702757346216,"[5, 2]",,
330,12,2,author_GlobalVOI_E5C,6,2,88,26400.0,172686.0,286.94161430798704,15.742709545637279,3.9010702757346216,"[3, 6]",,
330,12,2,author_Uniform_E5C,6,2,88,26400.0,171029.0,292.22972838871647,15.742709545637279,3.9010702757346216,"[3, 5]",,
330,12,2,author_LUCB_E5C,6,2,88,26400.0,172686.0,286.94161430798704,15.742709545637279,3.9010702757346216,"[6, 3]",,
330,12,4,author_PIVOT_VOI_E5C,4,4,152,45504.0,295893.0,498.7518836594536,-20.233354092517004,39.877133913888905,"[5, 2, 4, 6]",,
330,12,4,author_GlobalVOI_E5C,1,4,152,45565.0,298303.0,502.4877372070914,-19.774039019609763,39.41781884098167,"[3, 6, 2, 1]",,
330,12,4,author_Uniform_E5C,4,4,152,45504.0,296305.0,498.86900861008326,-20.233354092517004,39.877133913888905,"[3, 5, 6, 4]",,
330,12,4,author_LUCB_E5C,6,4,152,45600.0,295969.0,499.0313447919907,15.742709545637279,3.9010702757346216,"[6, 3, 2, 5]",,
