CISR,CTI,candidate_template_contract,environment_id,external_null,final_deployment_value,harmful_promotion_rate,hf_cost,hf_queries,method,rounds,seed,source_status,source_trajectories,trajectory_id
4.326734249610389,-2.3378770455570566,shared_update_noise_by_environment_seed_round,performative_control,False,-2.3005022878148678,0.5,0.0,0,proxy_only,40,9101,,,performative_control|seed=9101|method=proxy_only
0.7105178690315622,-0.10603958679000876,shared_update_noise_by_environment_seed_round,performative_control,False,0.12017461878919607,0.6,0.0,0,global_value,40,9101,,,performative_control|seed=9101|method=global_value
7.163816647653683,-2.296966344582796,shared_update_noise_by_environment_seed_round,performative_control,False,-2.1263506863810058,0.55,2560.0,80,random_hf,40,9101,,,performative_control|seed=9101|method=random_hf
6.656265320242352,-2.375690272538792,shared_update_noise_by_environment_seed_round,performative_control,False,-2.2094978326661687,0.55,2560.0,80,top_proxy_hf,40,9101,,,performative_control|seed=9101|method=top_proxy_hf
0.5160076056154447,-0.00258944490947155,shared_update_noise_by_environment_seed_round,performative_control,False,0.2224774525995863,0.55,2560.0,80,uncertainty_hf,40,9101,,,performative_control|seed=9101|method=uncertainty_hf
0.4107293186227254,-0.04339660023168451,shared_update_noise_by_environment_seed_round,performative_control,False,0.21697619195514417,0.55,2560.0,80,paired_lucb,40,9101,,,performative_control|seed=9101|method=paired_lucb
0.3179340532188899,-0.04145877913055321,shared_update_noise_by_environment_seed_round,performative_control,False,0.21693915368586605,0.55,2560.0,80,global_voi,40,9101,,,performative_control|seed=9101|method=global_voi
0.49146680215293254,-0.011781347167490991,shared_update_noise_by_environment_seed_round,performative_control,False,0.20781146264782518,0.575,2560.0,80,pivot_h,40,9101,,,performative_control|seed=9101|method=pivot_h
1.118969359799425,-0.03147633620670484,shared_update_noise_by_environment_seed_round,performative_control,False,0.19993891589693763,0.575,2560.0,80,pivot_voi,40,9101,,,performative_control|seed=9101|method=pivot_voi
0.0,-0.00893317476868527,shared_update_noise_by_environment_seed_round,performative_control,False,0.22637036087397108,0.55,10240.0,320,all_hf,40,9101,,,performative_control|seed=9101|method=all_hf
3.5549504235689064,-2.494085498763199,shared_update_noise_by_environment_seed_round,performative_control,False,-1.8558110012195281,0.525,0.0,0,proxy_only,40,9102,,,performative_control|seed=9102|method=proxy_only
1.3720193423926306,-0.03619524318007733,shared_update_noise_by_environment_seed_round,performative_control,False,0.13663665632645,0.525,0.0,0,global_value,40,9102,,,performative_control|seed=9102|method=global_value
6.785711444411605,-2.225303624192236,shared_update_noise_by_environment_seed_round,performative_control,False,-1.9162559258916878,0.55,2560.0,80,random_hf,40,9102,,,performative_control|seed=9102|method=random_hf
7.347964101087422,-2.261125743598745,shared_update_noise_by_environment_seed_round,performative_control,False,-1.8304989705689967,0.55,2560.0,80,top_proxy_hf,40,9102,,,performative_control|seed=9102|method=top_proxy_hf
0.5988708992878512,-0.04564670849631455,shared_update_noise_by_environment_seed_round,performative_control,False,0.170084588415964,0.575,2560.0,80,uncertainty_hf,40,9102,,,performative_control|seed=9102|method=uncertainty_hf
0.5732513681830678,-0.03749156857294515,shared_update_noise_by_environment_seed_round,performative_control,False,0.17259410908745293,0.6,2560.0,80,paired_lucb,40,9102,,,performative_control|seed=9102|method=paired_lucb
0.7660881404631104,-0.013960315929250788,shared_update_noise_by_environment_seed_round,performative_control,False,0.17150980610185282,0.525,2560.0,80,global_voi,40,9102,,,performative_control|seed=9102|method=global_voi
0.721192076332029,-0.052067175023598464,shared_update_noise_by_environment_seed_round,performative_control,False,0.1739935650303675,0.6,2560.0,80,pivot_h,40,9102,,,performative_control|seed=9102|method=pivot_h
0.9143570693369687,-0.07715134607499624,shared_update_noise_by_environment_seed_round,performative_control,False,0.13962754341314249,0.575,2560.0,80,pivot_voi,40,9102,,,performative_control|seed=9102|method=pivot_voi
0.0,0.0037453946005438082,shared_update_noise_by_environment_seed_round,performative_control,False,0.17375858376011863,0.575,10240.0,320,all_hf,40,9102,,,performative_control|seed=9102|method=all_hf
4.158866485360569,-2.6369583256371008,shared_update_noise_by_environment_seed_round,performative_control,False,-2.2998598161022885,0.525,0.0,0,proxy_only,40,9103,,,performative_control|seed=9103|method=proxy_only
1.3572487824284292,-0.469114987868664,shared_update_noise_by_environment_seed_round,performative_control,False,-0.1925779174872303,0.6,0.0,0,global_value,40,9103,,,performative_control|seed=9103|method=global_value
6.7191319882304334,-2.0971087735546794,shared_update_noise_by_environment_seed_round,performative_control,False,-1.8879942700359351,0.55,2560.0,80,random_hf,40,9103,,,performative_control|seed=9103|method=random_hf
7.310224844423299,-2.181296641276466,shared_update_noise_by_environment_seed_round,performative_control,False,-1.9460595159431744,0.525,2560.0,80,top_proxy_hf,40,9103,,,performative_control|seed=9103|method=top_proxy_hf
0.8735721739089197,-0.013076494657056112,shared_update_noise_by_environment_seed_round,performative_control,False,0.21341127774384805,0.575,2560.0,80,uncertainty_hf,40,9103,,,performative_control|seed=9103|method=uncertainty_hf
1.6227268450437438,-0.014552348706386053,shared_update_noise_by_environment_seed_round,performative_control,False,0.22024880434991861,0.5,2560.0,80,paired_lucb,40,9103,,,performative_control|seed=9103|method=paired_lucb
2.066968791422396,-0.04605593490697868,shared_update_noise_by_environment_seed_round,performative_control,False,0.2238653321976977,0.525,2560.0,80,global_voi,40,9103,,,performative_control|seed=9103|method=global_voi
0.8353864482335255,0.008998803511306719,shared_update_noise_by_environment_seed_round,performative_control,False,0.2200146748366515,0.55,2560.0,80,pivot_h,40,9103,,,performative_control|seed=9103|method=pivot_h
1.3250476969298595,-0.007908823583301278,shared_update_noise_by_environment_seed_round,performative_control,False,0.2183061763531983,0.575,2560.0,80,pivot_voi,40,9103,,,performative_control|seed=9103|method=pivot_voi
0.0,0.004502639715198806,shared_update_noise_by_environment_seed_round,performative_control,False,0.21960534085759673,0.575,10240.0,320,all_hf,40,9103,,,performative_control|seed=9103|method=all_hf
3.260439343184221,-2.568981633832151,shared_update_noise_by_environment_seed_round,performative_control,False,-2.2988512846080402,0.525,0.0,0,proxy_only,40,9104,,,performative_control|seed=9104|method=proxy_only
0.7100583640809203,-0.028007944657208128,shared_update_noise_by_environment_seed_round,performative_control,False,0.19042321245071708,0.55,0.0,0,global_value,40,9104,,,performative_control|seed=9104|method=global_value
6.145589732455638,-2.457878122606635,shared_update_noise_by_environment_seed_round,performative_control,False,-2.153139928690896,0.55,2560.0,80,random_hf,40,9104,,,performative_control|seed=9104|method=random_hf
5.901995543697066,-2.3148805903341,shared_update_noise_by_environment_seed_round,performative_control,False,-2.1035243698158217,0.55,2560.0,80,top_proxy_hf,40,9104,,,performative_control|seed=9104|method=top_proxy_hf
1.2491886604977325,-0.07108091833297353,shared_update_noise_by_environment_seed_round,performative_control,False,0.1580029252147037,0.575,2560.0,80,uncertainty_hf,40,9104,,,performative_control|seed=9104|method=uncertainty_hf
1.654866051288651,-0.12185164715860866,shared_update_noise_by_environment_seed_round,performative_control,False,0.10681031378835525,0.575,2560.0,80,paired_lucb,40,9104,,,performative_control|seed=9104|method=paired_lucb
0.5899596782705636,0.025728863572794747,shared_update_noise_by_environment_seed_round,performative_control,False,0.21469638642376426,0.525,2560.0,80,global_voi,40,9104,,,performative_control|seed=9104|method=global_voi
0.8717205286428091,-0.0328825336420458,shared_update_noise_by_environment_seed_round,performative_control,False,0.19621605945657042,0.575,2560.0,80,pivot_h,40,9104,,,performative_control|seed=9104|method=pivot_h
1.5801068254841717,-0.09801748033542645,shared_update_noise_by_environment_seed_round,performative_control,False,0.18147866816043084,0.6,2560.0,80,pivot_voi,40,9104,,,performative_control|seed=9104|method=pivot_voi
0.0,0.02579278624486503,shared_update_noise_by_environment_seed_round,performative_control,False,0.2191529569915745,0.6,10240.0,320,all_hf,40,9104,,,performative_control|seed=9104|method=all_hf
4.2473916855926666,-2.4890810127947156,shared_update_noise_by_environment_seed_round,performative_control,False,-2.298430878594335,0.55,0.0,0,proxy_only,40,9105,,,performative_control|seed=9105|method=proxy_only
1.3359869865359637,-0.49073937956474,shared_update_noise_by_environment_seed_round,performative_control,False,-0.23011563535749166,0.6,0.0,0,global_value,40,9105,,,performative_control|seed=9105|method=global_value
7.18969476555732,-2.2805380277527596,shared_update_noise_by_environment_seed_round,performative_control,False,-2.002828773881938,0.575,2560.0,80,random_hf,40,9105,,,performative_control|seed=9105|method=random_hf
6.532095870150146,-2.3213179911042543,shared_update_noise_by_environment_seed_round,performative_control,False,-2.1222942729849876,0.55,2560.0,80,top_proxy_hf,40,9105,,,performative_control|seed=9105|method=top_proxy_hf
0.8820473499355214,0.012854735788945332,shared_update_noise_by_environment_seed_round,performative_control,False,0.19778022617874083,0.525,2560.0,80,uncertainty_hf,40,9105,,,performative_control|seed=9105|method=uncertainty_hf
1.9122211757175824,0.008994239821032271,shared_update_noise_by_environment_seed_round,performative_control,False,0.20958503997421357,0.575,2560.0,80,paired_lucb,40,9105,,,performative_control|seed=9105|method=paired_lucb
0.42167060763895114,-0.03835472304299695,shared_update_noise_by_environment_seed_round,performative_control,False,0.21343769262858786,0.5,2560.0,80,global_voi,40,9105,,,performative_control|seed=9105|method=global_voi
0.819221137321537,0.008786851210106472,shared_update_noise_by_environment_seed_round,performative_control,False,0.2103116980419296,0.55,2560.0,80,pivot_h,40,9105,,,performative_control|seed=9105|method=pivot_h
0.8191194357386801,-0.15687925925112495,shared_update_noise_by_environment_seed_round,performative_control,False,0.06789114627377123,0.55,2560.0,80,pivot_voi,40,9105,,,performative_control|seed=9105|method=pivot_voi
0.0,-0.0015800193139779845,shared_update_noise_by_environment_seed_round,performative_control,False,0.21397770474334687,0.6,10240.0,320,all_hf,40,9105,,,performative_control|seed=9105|method=all_hf
4.412679346315102,-2.5083251416634034,shared_update_noise_by_environment_seed_round,performative_control,False,-2.2432713107393623,0.525,0.0,0,proxy_only,40,9106,,,performative_control|seed=9106|method=proxy_only
0.7363856562536844,-0.19857889879456214,shared_update_noise_by_environment_seed_round,performative_control,False,0.11283405167368471,0.55,0.0,0,global_value,40,9106,,,performative_control|seed=9106|method=global_value
8.510765135943128,-1.9437325353482349,shared_update_noise_by_environment_seed_round,performative_control,False,-1.755184742528768,0.55,2560.0,80,random_hf,40,9106,,,performative_control|seed=9106|method=random_hf
5.8595389723671945,-2.3541763388005776,shared_update_noise_by_environment_seed_round,performative_control,False,-2.159851435778512,0.55,2560.0,80,top_proxy_hf,40,9106,,,performative_control|seed=9106|method=top_proxy_hf
0.7562174018294539,-0.07555931505391067,shared_update_noise_by_environment_seed_round,performative_control,False,0.1938034327879176,0.625,2560.0,80,uncertainty_hf,40,9106,,,performative_control|seed=9106|method=uncertainty_hf
0.5043805641696342,-0.01817604287736982,shared_update_noise_by_environment_seed_round,performative_control,False,0.1922052442886464,0.575,2560.0,80,paired_lucb,40,9106,,,performative_control|seed=9106|method=paired_lucb
0.40335862446065873,-0.05641283550622586,shared_update_noise_by_environment_seed_round,performative_control,False,0.2083657055402709,0.525,2560.0,80,global_voi,40,9106,,,performative_control|seed=9106|method=global_voi
0.7625234918508554,-0.09167645759853266,shared_update_noise_by_environment_seed_round,performative_control,False,0.17313707234367062,0.625,2560.0,80,pivot_h,40,9106,,,performative_control|seed=9106|method=pivot_h
0.4363025494271929,-0.0563247487711985,shared_update_noise_by_environment_seed_round,performative_control,False,0.2138467810555224,0.575,2560.0,80,pivot_voi,40,9106,,,performative_control|seed=9106|method=pivot_voi
0.0,-0.05154266894427484,shared_update_noise_by_environment_seed_round,performative_control,False,0.21993667968708536,0.575,10240.0,320,all_hf,40,9106,,,performative_control|seed=9106|method=all_hf
3.775472321727537,-2.5436679698005675,shared_update_noise_by_environment_seed_round,performative_control,False,-2.398364336433255,0.55,0.0,0,proxy_only,40,9107,,,performative_control|seed=9107|method=proxy_only
0.8132224420173653,-0.04209437285629694,shared_update_noise_by_environment_seed_round,performative_control,False,0.17615769966380626,0.5,0.0,0,global_value,40,9107,,,performative_control|seed=9107|method=global_value
6.108947422403321,-2.3893683770763876,shared_update_noise_by_environment_seed_round,performative_control,False,-2.214983743531101,0.55,2560.0,80,random_hf,40,9107,,,performative_control|seed=9107|method=random_hf
7.605405761510829,-2.352462878848549,shared_update_noise_by_environment_seed_round,performative_control,False,-2.062112921016048,0.525,2560.0,80,top_proxy_hf,40,9107,,,performative_control|seed=9107|method=top_proxy_hf
1.679956791917102,-0.046908192225303874,shared_update_noise_by_environment_seed_round,performative_control,False,0.1922520774790995,0.575,2560.0,80,uncertainty_hf,40,9107,,,performative_control|seed=9107|method=uncertainty_hf
2.494124090198512,-0.03323941427117759,shared_update_noise_by_environment_seed_round,performative_control,False,0.2211309060213656,0.525,2560.0,80,paired_lucb,40,9107,,,performative_control|seed=9107|method=paired_lucb
0.8322439683504445,-0.023423445443886803,shared_update_noise_by_environment_seed_round,performative_control,False,0.2171653996179239,0.55,2560.0,80,global_voi,40,9107,,,performative_control|seed=9107|method=global_voi
1.4618742366428068,-0.028688329862714995,shared_update_noise_by_environment_seed_round,performative_control,False,0.20649383923568607,0.575,2560.0,80,pivot_h,40,9107,,,performative_control|seed=9107|method=pivot_h
1.313181379803155,-0.01755995754714401,shared_update_noise_by_environment_seed_round,performative_control,False,0.21528858645242624,0.6,2560.0,80,pivot_voi,40,9107,,,performative_control|seed=9107|method=pivot_voi
0.0,-0.002783754498586588,shared_update_noise_by_environment_seed_round,performative_control,False,0.2174305122618276,0.55,10240.0,320,all_hf,40,9107,,,performative_control|seed=9107|method=all_hf
4.156143888630039,-2.5559000376706735,shared_update_noise_by_environment_seed_round,performative_control,False,-2.303227886708421,0.55,0.0,0,proxy_only,40,9108,,,performative_control|seed=9108|method=proxy_only
1.1301431554801176,-0.1949749590215804,shared_update_noise_by_environment_seed_round,performative_control,False,-0.022582076956607473,0.6,0.0,0,global_value,40,9108,,,performative_control|seed=9108|method=global_value
8.382955397996108,-2.269054565570717,shared_update_noise_by_environment_seed_round,performative_control,False,-2.023901004011177,0.55,2560.0,80,random_hf,40,9108,,,performative_control|seed=9108|method=random_hf
6.815432820185219,-2.4407078468169243,shared_update_noise_by_environment_seed_round,performative_control,False,-2.190370146830624,0.55,2560.0,80,top_proxy_hf,40,9108,,,performative_control|seed=9108|method=top_proxy_hf
2.263769450545473,-0.0379020587067912,shared_update_noise_by_environment_seed_round,performative_control,False,0.19010339336134766,0.6,2560.0,80,uncertainty_hf,40,9108,,,performative_control|seed=9108|method=uncertainty_hf
1.4889516913086798,-0.03154991366875236,shared_update_noise_by_environment_seed_round,performative_control,False,0.21277172194132937,0.6,2560.0,80,paired_lucb,40,9108,,,performative_control|seed=9108|method=paired_lucb
0.4842137730350461,-0.0165830812841105,shared_update_noise_by_environment_seed_round,performative_control,False,0.21545657803483528,0.575,2560.0,80,global_voi,40,9108,,,performative_control|seed=9108|method=global_voi
2.1802125386158786,0.004320134520237703,shared_update_noise_by_environment_seed_round,performative_control,False,0.21698209819075417,0.55,2560.0,80,pivot_h,40,9108,,,performative_control|seed=9108|method=pivot_h
2.089248913656758,-0.004750856889629423,shared_update_noise_by_environment_seed_round,performative_control,False,0.2003088773201418,0.575,2560.0,80,pivot_voi,40,9108,,,performative_control|seed=9108|method=pivot_voi
0.0,-0.00048083339940374614,shared_update_noise_by_environment_seed_round,performative_control,False,0.2245372121386542,0.525,10240.0,320,all_hf,40,9108,,,performative_control|seed=9108|method=all_hf
3.944909200259423,-2.3969081053416876,shared_update_noise_by_environment_seed_round,performative_control,False,-2.301174677291278,0.5,0.0,0,proxy_only,40,9109,,,performative_control|seed=9109|method=proxy_only
0.8354914397314526,-0.06833937849482496,shared_update_noise_by_environment_seed_round,performative_control,False,0.18807541622651286,0.525,0.0,0,global_value,40,9109,,,performative_control|seed=9109|method=global_value
4.2328485759390295,-2.375623055277594,shared_update_noise_by_environment_seed_round,performative_control,False,-2.1958478638484777,0.55,2560.0,80,random_hf,40,9109,,,performative_control|seed=9109|method=random_hf
7.2972278992442,-2.188983240706473,shared_update_noise_by_environment_seed_round,performative_control,False,-2.0314963680768465,0.525,2560.0,80,top_proxy_hf,40,9109,,,performative_control|seed=9109|method=top_proxy_hf
0.7570576322465429,-0.050019048242345154,shared_update_noise_by_environment_seed_round,performative_control,False,0.19997115132950125,0.625,2560.0,80,uncertainty_hf,40,9109,,,performative_control|seed=9109|method=uncertainty_hf
1.3153750619890285,-0.026188121874923323,shared_update_noise_by_environment_seed_round,performative_control,False,0.21722859717668228,0.55,2560.0,80,paired_lucb,40,9109,,,performative_control|seed=9109|method=paired_lucb
0.7663196592428902,-0.02789440743987076,shared_update_noise_by_environment_seed_round,performative_control,False,0.20549616300365908,0.5,2560.0,80,global_voi,40,9109,,,performative_control|seed=9109|method=global_voi
0.7792040595230432,-0.008452837190501578,shared_update_noise_by_environment_seed_round,performative_control,False,0.20992327129988383,0.6,2560.0,80,pivot_h,40,9109,,,performative_control|seed=9109|method=pivot_h
1.510835284985422,-0.14333073176839112,shared_update_noise_by_environment_seed_round,performative_control,False,0.10759837739260217,0.6,2560.0,80,pivot_voi,40,9109,,,performative_control|seed=9109|method=pivot_voi
0.0,0.00981789418255996,shared_update_noise_by_environment_seed_round,performative_control,False,0.2257146956038738,0.55,10240.0,320,all_hf,40,9109,,,performative_control|seed=9109|method=all_hf
3.765325029346669,-2.6623575057838686,shared_update_noise_by_environment_seed_round,performative_control,False,-2.107242710084671,0.55,0.0,0,proxy_only,40,9110,,,performative_control|seed=9110|method=proxy_only
1.590305804954172,-0.5826811279054382,shared_update_noise_by_environment_seed_round,performative_control,False,-0.6320029335433317,0.6,0.0,0,global_value,40,9110,,,performative_control|seed=9110|method=global_value
5.395265788786513,-2.2555225892477075,shared_update_noise_by_environment_seed_round,performative_control,False,-1.904141817047662,0.55,2560.0,80,random_hf,40,9110,,,performative_control|seed=9110|method=random_hf
5.780910516557031,-2.3579410619369154,shared_update_noise_by_environment_seed_round,performative_control,False,-1.9994367375861328,0.55,2560.0,80,top_proxy_hf,40,9110,,,performative_control|seed=9110|method=top_proxy_hf
0.6320624527241108,-0.005550526516692772,shared_update_noise_by_environment_seed_round,performative_control,False,0.19567486563404637,0.5,2560.0,80,uncertainty_hf,40,9110,,,performative_control|seed=9110|method=uncertainty_hf
0.7881375894261687,-0.009228256341262953,shared_update_noise_by_environment_seed_round,performative_control,False,0.16497028846169567,0.55,2560.0,80,paired_lucb,40,9110,,,performative_control|seed=9110|method=paired_lucb
0.38699191040126885,-0.06831576026166877,shared_update_noise_by_environment_seed_round,performative_control,False,0.18880330342364893,0.55,2560.0,80,global_voi,40,9110,,,performative_control|seed=9110|method=global_voi
0.6591099359393557,-0.025959936421405844,shared_update_noise_by_environment_seed_round,performative_control,False,0.17736322334915808,0.575,2560.0,80,pivot_h,40,9110,,,performative_control|seed=9110|method=pivot_h
1.0522545670219796,-0.1560328018001333,shared_update_noise_by_environment_seed_round,performative_control,False,0.0783048590652974,0.525,2560.0,80,pivot_voi,40,9110,,,performative_control|seed=9110|method=pivot_voi
0.0,0.0031896265416038183,shared_update_noise_by_environment_seed_round,performative_control,False,0.1981592347249231,0.575,10240.0,320,all_hf,40,9110,,,performative_control|seed=9110|method=all_hf
4.23219297417799,-2.5243001317077307,shared_update_noise_by_environment_seed_round,performative_control,False,-2.2176805643541875,0.575,0.0,0,proxy_only,40,9111,,,performative_control|seed=9111|method=proxy_only
1.489436483025964,-0.5941654754200218,shared_update_noise_by_environment_seed_round,performative_control,False,-0.37336555631607304,0.575,0.0,0,global_value,40,9111,,,performative_control|seed=9111|method=global_value
9.383236569781976,-1.338382292705548,shared_update_noise_by_environment_seed_round,performative_control,False,-1.118376645511349,0.5,2560.0,80,random_hf,40,9111,,,performative_control|seed=9111|method=random_hf
6.653741259223402,-2.2513953502089565,shared_update_noise_by_environment_seed_round,performative_control,False,-1.9353997565041077,0.525,2560.0,80,top_proxy_hf,40,9111,,,performative_control|seed=9111|method=top_proxy_hf
1.1255672064280449,-0.01839714088862368,shared_update_noise_by_environment_seed_round,performative_control,False,0.20157908117937834,0.575,2560.0,80,uncertainty_hf,40,9111,,,performative_control|seed=9111|method=uncertainty_hf
2.1946032032391662,0.00528778846542001,shared_update_noise_by_environment_seed_round,performative_control,False,0.20189205758382472,0.525,2560.0,80,paired_lucb,40,9111,,,performative_control|seed=9111|method=paired_lucb
0.41981336078026354,0.0014843675370152798,shared_update_noise_by_environment_seed_round,performative_control,False,0.19570351040085107,0.55,2560.0,80,global_voi,40,9111,,,performative_control|seed=9111|method=global_voi
1.0915812160488743,-0.00694947936586468,shared_update_noise_by_environment_seed_round,performative_control,False,0.19902381397094018,0.55,2560.0,80,pivot_h,40,9111,,,performative_control|seed=9111|method=pivot_h
2.3252167839767326,-0.08621860468956732,shared_update_noise_by_environment_seed_round,performative_control,False,0.17295300984187414,0.5,2560.0,80,pivot_voi,40,9111,,,performative_control|seed=9111|method=pivot_voi
0.0,-0.02823199419458705,shared_update_noise_by_environment_seed_round,performative_control,False,0.2093990322484451,0.575,10240.0,320,all_hf,40,9111,,,performative_control|seed=9111|method=all_hf
4.546578167923732,-2.5480519885239716,shared_update_noise_by_environment_seed_round,performative_control,False,-2.195446711801567,0.525,0.0,0,proxy_only,40,9112,,,performative_control|seed=9112|method=proxy_only
0.7784170506967171,-0.08646360877661341,shared_update_noise_by_environment_seed_round,performative_control,False,0.13761130691327397,0.525,0.0,0,global_value,40,9112,,,performative_control|seed=9112|method=global_value
5.67519948761646,-2.3601788494674714,shared_update_noise_by_environment_seed_round,performative_control,False,-1.9895619957680943,0.55,2560.0,80,random_hf,40,9112,,,performative_control|seed=9112|method=random_hf
6.884279548683571,-2.3993932166341625,shared_update_noise_by_environment_seed_round,performative_control,False,-2.091883873808589,0.55,2560.0,80,top_proxy_hf,40,9112,,,performative_control|seed=9112|method=top_proxy_hf
1.596495322111374,-0.027470905779246768,shared_update_noise_by_environment_seed_round,performative_control,False,0.18483946229147707,0.525,2560.0,80,uncertainty_hf,40,9112,,,performative_control|seed=9112|method=uncertainty_hf
1.1242785630748577,-0.0011267415745794124,shared_update_noise_by_environment_seed_round,performative_control,False,0.20621903029986485,0.55,2560.0,80,paired_lucb,40,9112,,,performative_control|seed=9112|method=paired_lucb
0.615279012756342,-0.07468031862479009,shared_update_noise_by_environment_seed_round,performative_control,False,0.14419654492018086,0.6,2560.0,80,global_voi,40,9112,,,performative_control|seed=9112|method=global_voi
1.678371857756404,-0.006064413847205671,shared_update_noise_by_environment_seed_round,performative_control,False,0.19582185873287486,0.525,2560.0,80,pivot_h,40,9112,,,performative_control|seed=9112|method=pivot_h
1.7467208490414563,-0.03392326414734616,shared_update_noise_by_environment_seed_round,performative_control,False,0.1970803054561904,0.525,2560.0,80,pivot_voi,40,9112,,,performative_control|seed=9112|method=pivot_voi
0.0,-0.007107740791486045,shared_update_noise_by_environment_seed_round,performative_control,False,0.21215555380596374,0.575,10240.0,320,all_hf,40,9112,,,performative_control|seed=9112|method=all_hf
4.436386431384559,-2.637822020167846,shared_update_noise_by_environment_seed_round,performative_control,False,-2.106260036660498,0.525,0.0,0,proxy_only,40,9113,,,performative_control|seed=9113|method=proxy_only
0.6671542091245395,-0.1768771952839006,shared_update_noise_by_environment_seed_round,performative_control,False,0.06776334299942326,0.575,0.0,0,global_value,40,9113,,,performative_control|seed=9113|method=global_value
8.377273114499046,-1.5527016879096038,shared_update_noise_by_environment_seed_round,performative_control,False,-1.2870203078412374,0.525,2560.0,80,random_hf,40,9113,,,performative_control|seed=9113|method=random_hf
7.512357348836208,-2.049618194723039,shared_update_noise_by_environment_seed_round,performative_control,False,-1.7423728619867376,0.525,2560.0,80,top_proxy_hf,40,9113,,,performative_control|seed=9113|method=top_proxy_hf
0.8103925254076605,-0.04946838233713308,shared_update_noise_by_environment_seed_round,performative_control,False,0.19073927341296412,0.6,2560.0,80,uncertainty_hf,40,9113,,,performative_control|seed=9113|method=uncertainty_hf
1.8622902175783946,-0.006217107168572364,shared_update_noise_by_environment_seed_round,performative_control,False,0.20248806191557436,0.525,2560.0,80,paired_lucb,40,9113,,,performative_control|seed=9113|method=paired_lucb
0.3482836789592531,-0.052262439132793326,shared_update_noise_by_environment_seed_round,performative_control,False,0.19123175366952538,0.575,2560.0,80,global_voi,40,9113,,,performative_control|seed=9113|method=global_voi
0.6965883876400879,-0.035831177418810034,shared_update_noise_by_environment_seed_round,performative_control,False,0.19856940093985886,0.6,2560.0,80,pivot_h,40,9113,,,performative_control|seed=9113|method=pivot_h
0.7899010533115283,-0.057638395252465335,shared_update_noise_by_environment_seed_round,performative_control,False,0.17861207704010582,0.55,2560.0,80,pivot_voi,40,9113,,,performative_control|seed=9113|method=pivot_voi
0.0,-0.041384931622316545,shared_update_noise_by_environment_seed_round,performative_control,False,0.19626744140287947,0.625,10240.0,320,all_hf,40,9113,,,performative_control|seed=9113|method=all_hf
4.607934393689986,-2.542868762509208,shared_update_noise_by_environment_seed_round,performative_control,False,-2.1670973452430404,0.55,0.0,0,proxy_only,40,9114,,,performative_control|seed=9114|method=proxy_only
1.2248931907978413,-0.13939956335709483,shared_update_noise_by_environment_seed_round,performative_control,False,-0.052146407559939344,0.575,0.0,0,global_value,40,9114,,,performative_control|seed=9114|method=global_value
8.679174631174154,-2.1779338099554875,shared_update_noise_by_environment_seed_round,performative_control,False,-1.8168524767528633,0.525,2560.0,80,random_hf,40,9114,,,performative_control|seed=9114|method=random_hf
7.725656771967579,-2.273329149576076,shared_update_noise_by_environment_seed_round,performative_control,False,-1.8622679220818446,0.525,2560.0,80,top_proxy_hf,40,9114,,,performative_control|seed=9114|method=top_proxy_hf
0.39194153908117724,-0.0009795872239542758,shared_update_noise_by_environment_seed_round,performative_control,False,0.1904746538751695,0.55,2560.0,80,uncertainty_hf,40,9114,,,performative_control|seed=9114|method=uncertainty_hf
0.6539778816483096,-0.0889351163261834,shared_update_noise_by_environment_seed_round,performative_control,False,0.17800178492519778,0.575,2560.0,80,paired_lucb,40,9114,,,performative_control|seed=9114|method=paired_lucb
0.4625581944378768,-0.036835573951002926,shared_update_noise_by_environment_seed_round,performative_control,False,0.1687139087858657,0.475,2560.0,80,global_voi,40,9114,,,performative_control|seed=9114|method=global_voi
0.4215836906514939,-0.00047878243726448555,shared_update_noise_by_environment_seed_round,performative_control,False,0.1936104628303674,0.6,2560.0,80,pivot_h,40,9114,,,performative_control|seed=9114|method=pivot_h
0.6242675239947113,-0.002132976419177132,shared_update_noise_by_environment_seed_round,performative_control,False,0.19027612612934464,0.6,2560.0,80,pivot_voi,40,9114,,,performative_control|seed=9114|method=pivot_voi
0.0,0.004717831761782865,shared_update_noise_by_environment_seed_round,performative_control,False,0.1987230615462198,0.575,10240.0,320,all_hf,40,9114,,,performative_control|seed=9114|method=all_hf
4.432723523900458,-2.5408523438379294,shared_update_noise_by_environment_seed_round,performative_control,False,-2.2677712816986864,0.55,0.0,0,proxy_only,40,9115,,,performative_control|seed=9115|method=proxy_only
1.3593659854441729,-0.24961438916506012,shared_update_noise_by_environment_seed_round,performative_control,False,0.04624291704029444,0.55,0.0,0,global_value,40,9115,,,performative_control|seed=9115|method=global_value
9.061539258911205,-1.9953112697970565,shared_update_noise_by_environment_seed_round,performative_control,False,-1.6728566785261125,0.55,2560.0,80,random_hf,40,9115,,,performative_control|seed=9115|method=random_hf
5.553970911125752,-2.3646655681671715,shared_update_noise_by_environment_seed_round,performative_control,False,-2.1312894032748466,0.55,2560.0,80,top_proxy_hf,40,9115,,,performative_control|seed=9115|method=top_proxy_hf
1.1508284064946257,-0.018092155135738072,shared_update_noise_by_environment_seed_round,performative_control,False,0.20738393140995387,0.575,2560.0,80,uncertainty_hf,40,9115,,,performative_control|seed=9115|method=uncertainty_hf
1.8464093226505371,-0.017438148903955467,shared_update_noise_by_environment_seed_round,performative_control,False,0.21153370781174946,0.55,2560.0,80,paired_lucb,40,9115,,,performative_control|seed=9115|method=paired_lucb
1.3948119884378252,0.0024620733023701935,shared_update_noise_by_environment_seed_round,performative_control,False,0.20927606260438605,0.475,2560.0,80,global_voi,40,9115,,,performative_control|seed=9115|method=global_voi
1.1430789564718506,-0.017483459826275236,shared_update_noise_by_environment_seed_round,performative_control,False,0.20893944534236084,0.55,2560.0,80,pivot_h,40,9115,,,performative_control|seed=9115|method=pivot_h
1.8832076490979834,-0.04209591369256954,shared_update_noise_by_environment_seed_round,performative_control,False,0.1832195404700595,0.575,2560.0,80,pivot_voi,40,9115,,,performative_control|seed=9115|method=pivot_voi
0.0,-0.010648685492702065,shared_update_noise_by_environment_seed_round,performative_control,False,0.21164848619138663,0.575,10240.0,320,all_hf,40,9115,,,performative_control|seed=9115|method=all_hf
4.729683832292188,-2.4552665489751955,shared_update_noise_by_environment_seed_round,performative_control,False,-2.2494698300638065,0.525,0.0,0,proxy_only,40,9116,,,performative_control|seed=9116|method=proxy_only
1.8429578690819495,-0.6149681286937496,shared_update_noise_by_environment_seed_round,performative_control,False,-0.2389985400650659,0.575,0.0,0,global_value,40,9116,,,performative_control|seed=9116|method=global_value
10.135449389904547,-1.5551821221990985,shared_update_noise_by_environment_seed_round,performative_control,False,-1.4565713180270499,0.525,2560.0,80,random_hf,40,9116,,,performative_control|seed=9116|method=random_hf
7.5627074220169135,-2.3815224311656866,shared_update_noise_by_environment_seed_round,performative_control,False,-2.145610546302001,0.55,2560.0,80,top_proxy_hf,40,9116,,,performative_control|seed=9116|method=top_proxy_hf
1.533864328788125,0.024422842595033634,shared_update_noise_by_environment_seed_round,performative_control,False,0.18659157695942288,0.575,2560.0,80,uncertainty_hf,40,9116,,,performative_control|seed=9116|method=uncertainty_hf
0.9657810116355394,-0.058223884957656,shared_update_noise_by_environment_seed_round,performative_control,False,0.17383014917048023,0.575,2560.0,80,paired_lucb,40,9116,,,performative_control|seed=9116|method=paired_lucb
0.956035948892625,-0.001481657017299881,shared_update_noise_by_environment_seed_round,performative_control,False,0.1966519616188963,0.525,2560.0,80,global_voi,40,9116,,,performative_control|seed=9116|method=global_voi
1.4927377362061098,0.04033811907681986,shared_update_noise_by_environment_seed_round,performative_control,False,0.2035313012189673,0.55,2560.0,80,pivot_h,40,9116,,,performative_control|seed=9116|method=pivot_h
1.1459716505636401,-0.03888744088189368,shared_update_noise_by_environment_seed_round,performative_control,False,0.1787964798269952,0.55,2560.0,80,pivot_voi,40,9116,,,performative_control|seed=9116|method=pivot_voi
0.0,0.004431703436793888,shared_update_noise_by_environment_seed_round,performative_control,False,0.2116530886112061,0.625,10240.0,320,all_hf,40,9116,,,performative_control|seed=9116|method=all_hf
3.886285514314046,-2.5268774321080025,shared_update_noise_by_environment_seed_round,performative_control,False,-2.425394536749443,0.575,0.0,0,proxy_only,40,9117,,,performative_control|seed=9117|method=proxy_only
0.6350507440519555,-0.14696798801804722,shared_update_noise_by_environment_seed_round,performative_control,False,0.1282708692672417,0.55,0.0,0,global_value,40,9117,,,performative_control|seed=9117|method=global_value
5.422408029646798,-2.2736591883992734,shared_update_noise_by_environment_seed_round,performative_control,False,-2.2612123428719864,0.55,2560.0,80,random_hf,40,9117,,,performative_control|seed=9117|method=random_hf
6.450292492637605,-2.2410427624226914,shared_update_noise_by_environment_seed_round,performative_control,False,-2.1107333957291288,0.525,2560.0,80,top_proxy_hf,40,9117,,,performative_control|seed=9117|method=top_proxy_hf
1.0668142695176632,-0.0021376164279986176,shared_update_noise_by_environment_seed_round,performative_control,False,0.21291075427139916,0.575,2560.0,80,uncertainty_hf,40,9117,,,performative_control|seed=9117|method=uncertainty_hf
0.7970906302549386,-0.04964224831750902,shared_update_noise_by_environment_seed_round,performative_control,False,0.2287862957281406,0.55,2560.0,80,paired_lucb,40,9117,,,performative_control|seed=9117|method=paired_lucb
0.7575123108916177,0.007787180594712631,shared_update_noise_by_environment_seed_round,performative_control,False,0.22641210642636703,0.525,2560.0,80,global_voi,40,9117,,,performative_control|seed=9117|method=global_voi
0.6148138624083184,-0.026198703067883577,shared_update_noise_by_environment_seed_round,performative_control,False,0.22896839891608214,0.6,2560.0,80,pivot_h,40,9117,,,performative_control|seed=9117|method=pivot_h
1.2741113526285477,-0.03580861785958123,shared_update_noise_by_environment_seed_round,performative_control,False,0.22267808639811823,0.55,2560.0,80,pivot_voi,40,9117,,,performative_control|seed=9117|method=pivot_voi
0.0,-0.04039757618236088,shared_update_noise_by_environment_seed_round,performative_control,False,0.2251186974345171,0.55,10240.0,320,all_hf,40,9117,,,performative_control|seed=9117|method=all_hf
4.108086915689411,-2.2993073896512124,shared_update_noise_by_environment_seed_round,performative_control,False,-2.197945230594601,0.525,0.0,0,proxy_only,40,9118,,,performative_control|seed=9118|method=proxy_only
2.4076655613991074,-0.9031032445927505,shared_update_noise_by_environment_seed_round,performative_control,False,-0.5888708149276909,0.625,0.0,0,global_value,40,9118,,,performative_control|seed=9118|method=global_value
8.796755515196894,-1.2482115669758775,shared_update_noise_by_environment_seed_round,performative_control,False,-0.9624511856421235,0.525,2560.0,80,random_hf,40,9118,,,performative_control|seed=9118|method=random_hf
8.68430587523138,-2.3457468697968054,shared_update_noise_by_environment_seed_round,performative_control,False,-2.059371200960281,0.525,2560.0,80,top_proxy_hf,40,9118,,,performative_control|seed=9118|method=top_proxy_hf
1.3805363462324256,-0.024905822048644444,shared_update_noise_by_environment_seed_round,performative_control,False,0.18285926478719874,0.625,2560.0,80,uncertainty_hf,40,9118,,,performative_control|seed=9118|method=uncertainty_hf
3.891743458536749,-0.03790360879988969,shared_update_noise_by_environment_seed_round,performative_control,False,0.20773700613929466,0.5,2560.0,80,paired_lucb,40,9118,,,performative_control|seed=9118|method=paired_lucb
0.5022062700778008,-0.03409039380365454,shared_update_noise_by_environment_seed_round,performative_control,False,0.18570641060809662,0.575,2560.0,80,global_voi,40,9118,,,performative_control|seed=9118|method=global_voi
1.3767201217404843,-0.023806153370483765,shared_update_noise_by_environment_seed_round,performative_control,False,0.1937261838884486,0.575,2560.0,80,pivot_h,40,9118,,,performative_control|seed=9118|method=pivot_h
2.010936717099153,-0.2010885452294619,shared_update_noise_by_environment_seed_round,performative_control,False,0.1055369345313684,0.575,2560.0,80,pivot_voi,40,9118,,,performative_control|seed=9118|method=pivot_voi
0.0,-0.027825948066251466,shared_update_noise_by_environment_seed_round,performative_control,False,0.2157281456310022,0.575,10240.0,320,all_hf,40,9118,,,performative_control|seed=9118|method=all_hf
4.817183194813954,-2.3323750738702596,shared_update_noise_by_environment_seed_round,performative_control,False,-2.319559685935986,0.5,0.0,0,proxy_only,40,9119,,,performative_control|seed=9119|method=proxy_only
2.2350774545264116,-0.6981639845283426,shared_update_noise_by_environment_seed_round,performative_control,False,-0.60127634896349,0.575,0.0,0,global_value,40,9119,,,performative_control|seed=9119|method=global_value
9.0481021254577,-1.9030356794690577,shared_update_noise_by_environment_seed_round,performative_control,False,-1.8376174357426793,0.525,2560.0,80,random_hf,40,9119,,,performative_control|seed=9119|method=random_hf
7.143679530388036,-2.4763833658212184,shared_update_noise_by_environment_seed_round,performative_control,False,-2.2429994206244475,0.55,2560.0,80,top_proxy_hf,40,9119,,,performative_control|seed=9119|method=top_proxy_hf
0.8048009793465152,0.012630998809185251,shared_update_noise_by_environment_seed_round,performative_control,False,0.21338248549618372,0.575,2560.0,80,uncertainty_hf,40,9119,,,performative_control|seed=9119|method=uncertainty_hf
0.7765748471666564,-0.055731588036952565,shared_update_noise_by_environment_seed_round,performative_control,False,0.14691127599299458,0.55,2560.0,80,paired_lucb,40,9119,,,performative_control|seed=9119|method=paired_lucb
0.7709071952670785,-0.02954077976042435,shared_update_noise_by_environment_seed_round,performative_control,False,0.2026207343545306,0.475,2560.0,80,global_voi,40,9119,,,performative_control|seed=9119|method=global_voi
0.6093718919497735,-0.04323897084505432,shared_update_noise_by_environment_seed_round,performative_control,False,0.22721014773338688,0.65,2560.0,80,pivot_h,40,9119,,,performative_control|seed=9119|method=pivot_h
0.9183818166053185,0.008925553609936132,shared_update_noise_by_environment_seed_round,performative_control,False,0.2259903019438163,0.575,2560.0,80,pivot_voi,40,9119,,,performative_control|seed=9119|method=pivot_voi
0.0,-0.006281647147717506,shared_update_noise_by_environment_seed_round,performative_control,False,0.23282582140277566,0.575,10240.0,320,all_hf,40,9119,,,performative_control|seed=9119|method=all_hf
3.633126686427892,-2.433078423537077,shared_update_noise_by_environment_seed_round,performative_control,False,-2.2229303870617994,0.525,0.0,0,proxy_only,40,9120,,,performative_control|seed=9120|method=proxy_only
1.2147986664744643,-0.27448288044622526,shared_update_noise_by_environment_seed_round,performative_control,False,-0.09287234046242167,0.55,0.0,0,global_value,40,9120,,,performative_control|seed=9120|method=global_value
7.02245562152981,-2.0982916524312962,shared_update_noise_by_environment_seed_round,performative_control,False,-1.8518814881604673,0.55,2560.0,80,random_hf,40,9120,,,performative_control|seed=9120|method=random_hf
6.07083046068365,-2.4446873660487194,shared_update_noise_by_environment_seed_round,performative_control,False,-2.1130784292850397,0.575,2560.0,80,top_proxy_hf,40,9120,,,performative_control|seed=9120|method=top_proxy_hf
1.5728268344581784,-0.05871394069047289,shared_update_noise_by_environment_seed_round,performative_control,False,0.2122395949629265,0.6,2560.0,80,uncertainty_hf,40,9120,,,performative_control|seed=9120|method=uncertainty_hf
1.173991358725695,-0.06962695781703884,shared_update_noise_by_environment_seed_round,performative_control,False,0.15884574218413214,0.575,2560.0,80,paired_lucb,40,9120,,,performative_control|seed=9120|method=paired_lucb
0.4184639628240166,-0.07483009542418181,shared_update_noise_by_environment_seed_round,performative_control,False,0.12923583368412497,0.575,2560.0,80,global_voi,40,9120,,,performative_control|seed=9120|method=global_voi
1.575438222017838,-0.059110291621876115,shared_update_noise_by_environment_seed_round,performative_control,False,0.21167740933355955,0.625,2560.0,80,pivot_h,40,9120,,,performative_control|seed=9120|method=pivot_h
0.8118823161556368,-0.006473140265019439,shared_update_noise_by_environment_seed_round,performative_control,False,0.2045300232844403,0.575,2560.0,80,pivot_voi,40,9120,,,performative_control|seed=9120|method=pivot_voi
0.0,0.0046724434880083265,shared_update_noise_by_environment_seed_round,performative_control,False,0.21587351789533873,0.55,10240.0,320,all_hf,40,9120,,,performative_control|seed=9120|method=all_hf
3.7730278982320327,-2.458394937739292,shared_update_noise_by_environment_seed_round,performative_control,False,-2.3164790105622806,0.525,0.0,0,proxy_only,40,9121,,,performative_control|seed=9121|method=proxy_only
2.5450419911977122,-0.5903659026341368,shared_update_noise_by_environment_seed_round,performative_control,False,-0.47743560880841285,0.575,0.0,0,global_value,40,9121,,,performative_control|seed=9121|method=global_value
9.447441171133084,-2.1565475925913065,shared_update_noise_by_environment_seed_round,performative_control,False,-1.867348973472347,0.55,2560.0,80,random_hf,40,9121,,,performative_control|seed=9121|method=random_hf
7.667461523934837,-2.366071721728166,shared_update_noise_by_environment_seed_round,performative_control,False,-2.036398185990847,0.525,2560.0,80,top_proxy_hf,40,9121,,,performative_control|seed=9121|method=top_proxy_hf
1.148294430216473,0.05659747563396675,shared_update_noise_by_environment_seed_round,performative_control,False,0.21670459392029462,0.525,2560.0,80,uncertainty_hf,40,9121,,,performative_control|seed=9121|method=uncertainty_hf
0.7056245477112101,-0.0074230477258495076,shared_update_noise_by_environment_seed_round,performative_control,False,0.19439496911982773,0.5,2560.0,80,paired_lucb,40,9121,,,performative_control|seed=9121|method=paired_lucb
0.30168236728295006,0.03215832494040349,shared_update_noise_by_environment_seed_round,performative_control,False,0.21212367318935776,0.475,2560.0,80,global_voi,40,9121,,,performative_control|seed=9121|method=global_voi
0.7620433002007322,-0.035782769173136594,shared_update_noise_by_environment_seed_round,performative_control,False,0.22031055944648775,0.55,2560.0,80,pivot_h,40,9121,,,performative_control|seed=9121|method=pivot_h
1.6751596538758975,-0.003454305887828038,shared_update_noise_by_environment_seed_round,performative_control,False,0.1878240685754368,0.55,2560.0,80,pivot_voi,40,9121,,,performative_control|seed=9121|method=pivot_voi
0.0,-0.03650329519677473,shared_update_noise_by_environment_seed_round,performative_control,False,0.2234045537881154,0.625,10240.0,320,all_hf,40,9121,,,performative_control|seed=9121|method=all_hf
3.7894515507653277,-2.6095972471812585,shared_update_noise_by_environment_seed_round,performative_control,False,-2.356851976782999,0.525,0.0,0,proxy_only,40,9122,,,performative_control|seed=9122|method=proxy_only
2.366587291965697,-0.6883388307255911,shared_update_noise_by_environment_seed_round,performative_control,False,-0.5276189308486277,0.55,0.0,0,global_value,40,9122,,,performative_control|seed=9122|method=global_value
6.605799639077521,-2.4778305559691467,shared_update_noise_by_environment_seed_round,performative_control,False,-2.2341108791813657,0.55,2560.0,80,random_hf,40,9122,,,performative_control|seed=9122|method=random_hf
5.483413098705374,-2.4244360969982726,shared_update_noise_by_environment_seed_round,performative_control,False,-2.2193186707746086,0.55,2560.0,80,top_proxy_hf,40,9122,,,performative_control|seed=9122|method=top_proxy_hf
0.771399303337733,-0.01917490613939682,shared_update_noise_by_environment_seed_round,performative_control,False,0.22437062774105865,0.525,2560.0,80,uncertainty_hf,40,9122,,,performative_control|seed=9122|method=uncertainty_hf
2.9532599047620622,-0.12884732111215852,shared_update_noise_by_environment_seed_round,performative_control,False,0.13741779338876473,0.575,2560.0,80,paired_lucb,40,9122,,,performative_control|seed=9122|method=paired_lucb
0.7923814028565062,0.004762614998430323,shared_update_noise_by_environment_seed_round,performative_control,False,0.19618333105141542,0.575,2560.0,80,global_voi,40,9122,,,performative_control|seed=9122|method=global_voi
0.741760250203435,-0.034757633548998024,shared_update_noise_by_environment_seed_round,performative_control,False,0.2056087697057561,0.6,2560.0,80,pivot_h,40,9122,,,performative_control|seed=9122|method=pivot_h
0.624697262000672,-0.05048589825933106,shared_update_noise_by_environment_seed_round,performative_control,False,0.16440879743701625,0.55,2560.0,80,pivot_voi,40,9122,,,performative_control|seed=9122|method=pivot_voi
0.0,0.028127625907185982,shared_update_noise_by_environment_seed_round,performative_control,False,0.23058175826889823,0.55,10240.0,320,all_hf,40,9122,,,performative_control|seed=9122|method=all_hf
3.7862733400191395,-2.58505911151077,shared_update_noise_by_environment_seed_round,performative_control,False,-2.4054670762530854,0.525,0.0,0,proxy_only,40,9123,,,performative_control|seed=9123|method=proxy_only
0.9634716833304142,-0.12011850605263111,shared_update_noise_by_environment_seed_round,performative_control,False,0.17502777727678512,0.525,0.0,0,global_value,40,9123,,,performative_control|seed=9123|method=global_value
6.18297817308523,-2.2565996601088667,shared_update_noise_by_environment_seed_round,performative_control,False,-2.110138951878318,0.55,2560.0,80,random_hf,40,9123,,,performative_control|seed=9123|method=random_hf
5.38761224279479,-2.4661228733147227,shared_update_noise_by_environment_seed_round,performative_control,False,-2.2706515328870656,0.55,2560.0,80,top_proxy_hf,40,9123,,,performative_control|seed=9123|method=top_proxy_hf
0.49608371631094655,-0.026032585531699154,shared_update_noise_by_environment_seed_round,performative_control,False,0.2188654985889706,0.575,2560.0,80,uncertainty_hf,40,9123,,,performative_control|seed=9123|method=uncertainty_hf
1.5388085534435785,-0.07157912758811684,shared_update_noise_by_environment_seed_round,performative_control,False,0.18376790031586676,0.55,2560.0,80,paired_lucb,40,9123,,,performative_control|seed=9123|method=paired_lucb
1.1843444605844926,-0.03524366290327838,shared_update_noise_by_environment_seed_round,performative_control,False,0.21493570727378505,0.525,2560.0,80,global_voi,40,9123,,,performative_control|seed=9123|method=global_voi
0.48768945169974953,-0.035192580454649486,shared_update_noise_by_environment_seed_round,performative_control,False,0.21562778391236287,0.65,2560.0,80,pivot_h,40,9123,,,performative_control|seed=9123|method=pivot_h
0.7507862975732047,-0.044153724781622924,shared_update_noise_by_environment_seed_round,performative_control,False,0.19522869343285193,0.525,2560.0,80,pivot_voi,40,9123,,,performative_control|seed=9123|method=pivot_voi
0.0,-0.003504827621832046,shared_update_noise_by_environment_seed_round,performative_control,False,0.22793306975130945,0.55,10240.0,320,all_hf,40,9123,,,performative_control|seed=9123|method=all_hf
4.397672418176783,-2.4288298331807625,shared_update_noise_by_environment_seed_round,performative_control,False,-2.2647378658468558,0.5,0.0,0,proxy_only,40,9124,,,performative_control|seed=9124|method=proxy_only
1.5873464894869915,-0.7490186466081068,shared_update_noise_by_environment_seed_round,performative_control,False,-0.49051540238792035,0.575,0.0,0,global_value,40,9124,,,performative_control|seed=9124|method=global_value
8.311213823530451,-2.1088947364238995,shared_update_noise_by_environment_seed_round,performative_control,False,-2.0272981226358597,0.55,2560.0,80,random_hf,40,9124,,,performative_control|seed=9124|method=random_hf
6.692481001633425,-2.311043678553742,shared_update_noise_by_environment_seed_round,performative_control,False,-2.1355558723889594,0.55,2560.0,80,top_proxy_hf,40,9124,,,performative_control|seed=9124|method=top_proxy_hf
0.432674517192638,-0.06354885548520581,shared_update_noise_by_environment_seed_round,performative_control,False,0.18564801540817968,0.575,2560.0,80,uncertainty_hf,40,9124,,,performative_control|seed=9124|method=uncertainty_hf
0.8163757919427281,-0.029228560981058888,shared_update_noise_by_environment_seed_round,performative_control,False,0.18775651085773085,0.525,2560.0,80,paired_lucb,40,9124,,,performative_control|seed=9124|method=paired_lucb
0.961802511614535,-0.028497497892383414,shared_update_noise_by_environment_seed_round,performative_control,False,0.21748591292272476,0.525,2560.0,80,global_voi,40,9124,,,performative_control|seed=9124|method=global_voi
0.4545554592790099,-0.0544736270353466,shared_update_noise_by_environment_seed_round,performative_control,False,0.1621560125904819,0.575,2560.0,80,pivot_h,40,9124,,,performative_control|seed=9124|method=pivot_h
0.968213830837337,-0.13668220225585254,shared_update_noise_by_environment_seed_round,performative_control,False,0.11305223167383711,0.55,2560.0,80,pivot_voi,40,9124,,,performative_control|seed=9124|method=pivot_voi
0.0,-0.05048656344194005,shared_update_noise_by_environment_seed_round,performative_control,False,0.22149849383949488,0.575,10240.0,320,all_hf,40,9124,,,performative_control|seed=9124|method=all_hf
4.490845914352476,-2.616223436088086,shared_update_noise_by_environment_seed_round,performative_control,False,-2.2467303282101847,0.525,0.0,0,proxy_only,40,9125,,,performative_control|seed=9125|method=proxy_only
1.5289236013851548,-0.5884565536518978,shared_update_noise_by_environment_seed_round,performative_control,False,-0.1567547796505577,0.6,0.0,0,global_value,40,9125,,,performative_control|seed=9125|method=global_value
5.953106969261665,-2.2739043022111334,shared_update_noise_by_environment_seed_round,performative_control,False,-2.040134573144616,0.55,2560.0,80,random_hf,40,9125,,,performative_control|seed=9125|method=random_hf
5.5002828287549885,-2.326252180924312,shared_update_noise_by_environment_seed_round,performative_control,False,-2.076588912483812,0.55,2560.0,80,top_proxy_hf,40,9125,,,performative_control|seed=9125|method=top_proxy_hf
1.0332119511188904,-0.04459707135137338,shared_update_noise_by_environment_seed_round,performative_control,False,0.17072218241348353,0.6,2560.0,80,uncertainty_hf,40,9125,,,performative_control|seed=9125|method=uncertainty_hf
0.9541449140808438,-0.1192679760417694,shared_update_noise_by_environment_seed_round,performative_control,False,0.12381498100413922,0.55,2560.0,80,paired_lucb,40,9125,,,performative_control|seed=9125|method=paired_lucb
0.29186262032815335,-0.05934429843604337,shared_update_noise_by_environment_seed_round,performative_control,False,0.17042113789269728,0.575,2560.0,80,global_voi,40,9125,,,performative_control|seed=9125|method=global_voi
1.1758639965658377,-0.0804247797461737,shared_update_noise_by_environment_seed_round,performative_control,False,0.16596119723024355,0.625,2560.0,80,pivot_h,40,9125,,,performative_control|seed=9125|method=pivot_h
1.6767420058820448,-0.2655043420092807,shared_update_noise_by_environment_seed_round,performative_control,False,0.08293145167024864,0.525,2560.0,80,pivot_voi,40,9125,,,performative_control|seed=9125|method=pivot_voi
0.0,-0.010422827678135765,shared_update_noise_by_environment_seed_round,performative_control,False,0.20683912708435936,0.6,10240.0,320,all_hf,40,9125,,,performative_control|seed=9125|method=all_hf
4.727795937157721,-2.503246156469396,shared_update_noise_by_environment_seed_round,performative_control,False,-2.2863806222984,0.5,0.0,0,proxy_only,40,9126,,,performative_control|seed=9126|method=proxy_only
1.1452517462357528,-0.18392611532133848,shared_update_noise_by_environment_seed_round,performative_control,False,-0.006709268742219974,0.525,0.0,0,global_value,40,9126,,,performative_control|seed=9126|method=global_value
8.943098839979601,-1.8944652755610227,shared_update_noise_by_environment_seed_round,performative_control,False,-1.7537689239157315,0.55,2560.0,80,random_hf,40,9126,,,performative_control|seed=9126|method=random_hf
8.45250326150781,-2.232662137534418,shared_update_noise_by_environment_seed_round,performative_control,False,-2.0135998127336143,0.525,2560.0,80,top_proxy_hf,40,9126,,,performative_control|seed=9126|method=top_proxy_hf
0.7820072524972904,-0.008494000033202664,shared_update_noise_by_environment_seed_round,performative_control,False,0.22925860630820705,0.575,2560.0,80,uncertainty_hf,40,9126,,,performative_control|seed=9126|method=uncertainty_hf
0.8206080656083395,-0.019038384563050167,shared_update_noise_by_environment_seed_round,performative_control,False,0.20978813900035911,0.55,2560.0,80,paired_lucb,40,9126,,,performative_control|seed=9126|method=paired_lucb
0.5485560447956219,-0.0540995375001246,shared_update_noise_by_environment_seed_round,performative_control,False,0.21500694328314085,0.6,2560.0,80,global_voi,40,9126,,,performative_control|seed=9126|method=global_voi
0.6694057125624311,0.0005292018343125704,shared_update_noise_by_environment_seed_round,performative_control,False,0.22682167786309645,0.525,2560.0,80,pivot_h,40,9126,,,performative_control|seed=9126|method=pivot_h
0.37573909459134996,0.0009697724913946548,shared_update_noise_by_environment_seed_round,performative_control,False,0.22210459125551593,0.5,2560.0,80,pivot_voi,40,9126,,,performative_control|seed=9126|method=pivot_voi
0.0,-0.03167079989833063,shared_update_noise_by_environment_seed_round,performative_control,False,0.22591394230240353,0.55,10240.0,320,all_hf,40,9126,,,performative_control|seed=9126|method=all_hf
5.224212739527605,-2.6073977288597066,shared_update_noise_by_environment_seed_round,performative_control,False,-2.3920316789571494,0.55,0.0,0,proxy_only,40,9127,,,performative_control|seed=9127|method=proxy_only
2.268089789658167,-0.7332673355811976,shared_update_noise_by_environment_seed_round,performative_control,False,-0.3999152621731815,0.55,0.0,0,global_value,40,9127,,,performative_control|seed=9127|method=global_value
8.449160180209956,-1.3245601111300571,shared_update_noise_by_environment_seed_round,performative_control,False,-1.0778147359154375,0.5,2560.0,80,random_hf,40,9127,,,performative_control|seed=9127|method=random_hf
6.2564451629147335,-2.3641284046006774,shared_update_noise_by_environment_seed_round,performative_control,False,-2.22537457034854,0.55,2560.0,80,top_proxy_hf,40,9127,,,performative_control|seed=9127|method=top_proxy_hf
0.7180276508051351,-0.06064288241531614,shared_update_noise_by_environment_seed_round,performative_control,False,0.20994308385474283,0.625,2560.0,80,uncertainty_hf,40,9127,,,performative_control|seed=9127|method=uncertainty_hf
1.9640001532602067,-0.029598700071296474,shared_update_noise_by_environment_seed_round,performative_control,False,0.22763470696576324,0.5,2560.0,80,paired_lucb,40,9127,,,performative_control|seed=9127|method=paired_lucb
0.6699723928482161,-0.038721744896782956,shared_update_noise_by_environment_seed_round,performative_control,False,0.22402913924223006,0.55,2560.0,80,global_voi,40,9127,,,performative_control|seed=9127|method=global_voi
0.7164235049527112,-0.04498340654181038,shared_update_noise_by_environment_seed_round,performative_control,False,0.20800518461123302,0.575,2560.0,80,pivot_h,40,9127,,,performative_control|seed=9127|method=pivot_h
0.6313320590864515,-0.023852986624858588,shared_update_noise_by_environment_seed_round,performative_control,False,0.20277720151911435,0.6,2560.0,80,pivot_voi,40,9127,,,performative_control|seed=9127|method=pivot_voi
0.0,-0.00179552258947413,shared_update_noise_by_environment_seed_round,performative_control,False,0.22878875253000885,0.6,10240.0,320,all_hf,40,9127,,,performative_control|seed=9127|method=all_hf
4.760462566994759,-2.4788400582590433,shared_update_noise_by_environment_seed_round,performative_control,False,-2.3498342484752612,0.525,0.0,0,proxy_only,40,9128,,,performative_control|seed=9128|method=proxy_only
1.5165879493740855,-0.6772366521591974,shared_update_noise_by_environment_seed_round,performative_control,False,-0.3086213221703514,0.65,0.0,0,global_value,40,9128,,,performative_control|seed=9128|method=global_value
7.046266094704535,-2.3978601363308183,shared_update_noise_by_environment_seed_round,performative_control,False,-2.1041514737928675,0.55,2560.0,80,random_hf,40,9128,,,performative_control|seed=9128|method=random_hf
8.058621941780384,-2.453915022479279,shared_update_noise_by_environment_seed_round,performative_control,False,-2.220990559787794,0.575,2560.0,80,top_proxy_hf,40,9128,,,performative_control|seed=9128|method=top_proxy_hf
0.5435243940389087,-0.03537423385552352,shared_update_noise_by_environment_seed_round,performative_control,False,0.21462958127183343,0.6,2560.0,80,uncertainty_hf,40,9128,,,performative_control|seed=9128|method=uncertainty_hf
0.7807872973913684,-0.04586215097941375,shared_update_noise_by_environment_seed_round,performative_control,False,0.18257599621245038,0.6,2560.0,80,paired_lucb,40,9128,,,performative_control|seed=9128|method=paired_lucb
0.5277647911867469,-0.07170674750776275,shared_update_noise_by_environment_seed_round,performative_control,False,0.16087466303280268,0.575,2560.0,80,global_voi,40,9128,,,performative_control|seed=9128|method=global_voi
0.617987919345983,-0.019282624452784086,shared_update_noise_by_environment_seed_round,performative_control,False,0.20474058015464952,0.55,2560.0,80,pivot_h,40,9128,,,performative_control|seed=9128|method=pivot_h
0.5228998364231858,-0.06719567331806542,shared_update_noise_by_environment_seed_round,performative_control,False,0.20084788578236235,0.55,2560.0,80,pivot_voi,40,9128,,,performative_control|seed=9128|method=pivot_voi
0.0,-0.005255423777427437,shared_update_noise_by_environment_seed_round,performative_control,False,0.2129232909529576,0.575,10240.0,320,all_hf,40,9128,,,performative_control|seed=9128|method=all_hf
4.826830631645546,-2.5184908544641393,shared_update_noise_by_environment_seed_round,performative_control,False,-2.353588067108714,0.525,0.0,0,proxy_only,40,9129,,,performative_control|seed=9129|method=proxy_only
1.268928066106624,-0.2266713208695747,shared_update_noise_by_environment_seed_round,performative_control,False,0.05309539756543985,0.525,0.0,0,global_value,40,9129,,,performative_control|seed=9129|method=global_value
7.655471354388362,-2.4361269804218084,shared_update_noise_by_environment_seed_round,performative_control,False,-2.2332122080028327,0.55,2560.0,80,random_hf,40,9129,,,performative_control|seed=9129|method=random_hf
6.561151766572879,-2.4289367563592696,shared_update_noise_by_environment_seed_round,performative_control,False,-2.2212814091286273,0.55,2560.0,80,top_proxy_hf,40,9129,,,performative_control|seed=9129|method=top_proxy_hf
0.7061579343638789,-0.017164455073586216,shared_update_noise_by_environment_seed_round,performative_control,False,0.21362002520284984,0.55,2560.0,80,uncertainty_hf,40,9129,,,performative_control|seed=9129|method=uncertainty_hf
1.623947514406246,0.016605959987998603,shared_update_noise_by_environment_seed_round,performative_control,False,0.2185128790129216,0.5,2560.0,80,paired_lucb,40,9129,,,performative_control|seed=9129|method=paired_lucb
0.611302612634559,-0.016317970537088805,shared_update_noise_by_environment_seed_round,performative_control,False,0.21877834246854813,0.5,2560.0,80,global_voi,40,9129,,,performative_control|seed=9129|method=global_voi
0.8332358209917032,-0.026176176286171304,shared_update_noise_by_environment_seed_round,performative_control,False,0.21195445259955525,0.575,2560.0,80,pivot_h,40,9129,,,performative_control|seed=9129|method=pivot_h
1.7222542634124265,-0.040356539056602234,shared_update_noise_by_environment_seed_round,performative_control,False,0.1982659639327018,0.525,2560.0,80,pivot_voi,40,9129,,,performative_control|seed=9129|method=pivot_voi
0.0,-0.03265814324947028,shared_update_noise_by_environment_seed_round,performative_control,False,0.2199277962416409,0.575,10240.0,320,all_hf,40,9129,,,performative_control|seed=9129|method=all_hf
5.082120642660248,-2.5113286306259712,shared_update_noise_by_environment_seed_round,performative_control,False,-2.163130775564052,0.525,0.0,0,proxy_only,40,9130,,,performative_control|seed=9130|method=proxy_only
1.8267166580872558,-0.4284023751552183,shared_update_noise_by_environment_seed_round,performative_control,False,-0.2906703107632302,0.575,0.0,0,global_value,40,9130,,,performative_control|seed=9130|method=global_value
6.572120696272311,-2.37133473349174,shared_update_noise_by_environment_seed_round,performative_control,False,-1.9919603016933218,0.55,2560.0,80,random_hf,40,9130,,,performative_control|seed=9130|method=random_hf
6.949762912603251,-2.353569423529822,shared_update_noise_by_environment_seed_round,performative_control,False,-1.9427883954194316,0.525,2560.0,80,top_proxy_hf,40,9130,,,performative_control|seed=9130|method=top_proxy_hf
0.9483872030728356,-0.0036804291965207847,shared_update_noise_by_environment_seed_round,performative_control,False,0.19245711950818684,0.575,2560.0,80,uncertainty_hf,40,9130,,,performative_control|seed=9130|method=uncertainty_hf
2.0859154410808873,-0.010475277884240658,shared_update_noise_by_environment_seed_round,performative_control,False,0.1805905036687614,0.55,2560.0,80,paired_lucb,40,9130,,,performative_control|seed=9130|method=paired_lucb
1.1315463181389573,-0.01403350112789549,shared_update_noise_by_environment_seed_round,performative_control,False,0.19811197763724278,0.5,2560.0,80,global_voi,40,9130,,,performative_control|seed=9130|method=global_voi
1.0301094544268243,-0.03189363189473715,shared_update_noise_by_environment_seed_round,performative_control,False,0.18327238798152756,0.6,2560.0,80,pivot_h,40,9130,,,performative_control|seed=9130|method=pivot_h
1.7694142503330548,-0.07433450731394635,shared_update_noise_by_environment_seed_round,performative_control,False,0.1551174185649074,0.55,2560.0,80,pivot_voi,40,9130,,,performative_control|seed=9130|method=pivot_voi
0.0,0.002176282551075104,shared_update_noise_by_environment_seed_round,performative_control,False,0.2087085166662462,0.525,10240.0,320,all_hf,40,9130,,,performative_control|seed=9130|method=all_hf
0.037142219629031636,0.4716379958348401,shared_update_noise_by_environment_seed_round,congestion_resource,False,1.0024176407607377,0.475,0.0,0,proxy_only,40,9101,,,congestion_resource|seed=9101|method=proxy_only
0.09196870680396785,0.5142431151083119,shared_update_noise_by_environment_seed_round,congestion_resource,False,1.0228795122240402,0.45,0.0,0,global_value,40,9101,,,congestion_resource|seed=9101|method=global_value
0.08745814276500252,0.4891470004361177,shared_update_noise_by_environment_seed_round,congestion_resource,False,1.0360669149249848,0.425,2560.0,80,random_hf,40,9101,,,congestion_resource|seed=9101|method=random_hf
0.06815248088905101,0.37799359857328396,shared_update_noise_by_environment_seed_round,congestion_resource,False,0.9703583547048829,0.45,2560.0,80,top_proxy_hf,40,9101,,,congestion_resource|seed=9101|method=top_proxy_hf
0.05976051748492983,0.42372676262517284,shared_update_noise_by_environment_seed_round,congestion_resource,False,1.0326596399439527,0.45,2560.0,80,uncertainty_hf,40,9101,,,congestion_resource|seed=9101|method=uncertainty_hf
0.11991032236314214,0.4786430237400231,shared_update_noise_by_environment_seed_round,congestion_resource,False,1.0200578623113088,0.45,2560.0,80,paired_lucb,40,9101,,,congestion_resource|seed=9101|method=paired_lucb
0.11618894962760573,0.32987545232863213,shared_update_noise_by_environment_seed_round,congestion_resource,False,0.9716537025874089,0.475,2560.0,80,global_voi,40,9101,,,congestion_resource|seed=9101|method=global_voi
0.05976051748492983,0.42372676262517284,shared_update_noise_by_environment_seed_round,congestion_resource,False,1.0326596399439527,0.45,2560.0,80,pivot_h,40,9101,,,congestion_resource|seed=9101|method=pivot_h
0.08276797562973037,0.3350486205762063,shared_update_noise_by_environment_seed_round,congestion_resource,False,1.0000130611351195,0.475,2560.0,80,pivot_voi,40,9101,,,congestion_resource|seed=9101|method=pivot_voi
0.0,0.5505933144378818,shared_update_noise_by_environment_seed_round,congestion_resource,False,1.0334724338743808,0.4,10240.0,320,all_hf,40,9101,,,congestion_resource|seed=9101|method=all_hf
0.01983172902176822,0.5699445462014219,shared_update_noise_by_environment_seed_round,congestion_resource,False,1.0088146614679483,0.45,0.0,0,proxy_only,40,9102,,,congestion_resource|seed=9102|method=proxy_only
0.024782609479475415,0.46684303665537363,shared_update_noise_by_environment_seed_round,congestion_resource,False,1.0099633344466326,0.475,0.0,0,global_value,40,9102,,,congestion_resource|seed=9102|method=global_value
0.06276796861208556,0.6056350817025152,shared_update_noise_by_environment_seed_round,congestion_resource,False,1.0116676203317099,0.45,2560.0,80,random_hf,40,9102,,,congestion_resource|seed=9102|method=random_hf
0.03537257639749547,0.6144851821229091,shared_update_noise_by_environment_seed_round,congestion_resource,False,1.0232088142946782,0.45,2560.0,80,top_proxy_hf,40,9102,,,congestion_resource|seed=9102|method=top_proxy_hf
0.045688476347059526,0.5339898994190376,shared_update_noise_by_environment_seed_round,congestion_resource,False,1.0234686785328408,0.475,2560.0,80,uncertainty_hf,40,9102,,,congestion_resource|seed=9102|method=uncertainty_hf
0.1614479323495175,0.34407402875621895,shared_update_noise_by_environment_seed_round,congestion_resource,False,0.9735546961465928,0.5,2560.0,80,paired_lucb,40,9102,,,congestion_resource|seed=9102|method=paired_lucb
0.15661368578436485,0.34356858860301975,shared_update_noise_by_environment_seed_round,congestion_resource,False,0.992236349718786,0.45,2560.0,80,global_voi,40,9102,,,congestion_resource|seed=9102|method=global_voi
0.047800457588023426,0.5199887284246283,shared_update_noise_by_environment_seed_round,congestion_resource,False,1.031253811110508,0.45,2560.0,80,pivot_h,40,9102,,,congestion_resource|seed=9102|method=pivot_h
0.163384110436276,0.3150896447494148,shared_update_noise_by_environment_seed_round,congestion_resource,False,1.0260121820802197,0.5,2560.0,80,pivot_voi,40,9102,,,congestion_resource|seed=9102|method=pivot_voi
0.0,0.6046682126323142,shared_update_noise_by_environment_seed_round,congestion_resource,False,1.0209233458631206,0.425,10240.0,320,all_hf,40,9102,,,congestion_resource|seed=9102|method=all_hf
0.05416044576875423,0.45908941343718634,shared_update_noise_by_environment_seed_round,congestion_resource,False,1.0092788003353497,0.475,0.0,0,proxy_only,40,9103,,,congestion_resource|seed=9103|method=proxy_only
0.15075580149874002,0.4184066971255155,shared_update_noise_by_environment_seed_round,congestion_resource,False,1.0121376653105567,0.4,0.0,0,global_value,40,9103,,,congestion_resource|seed=9103|method=global_value
0.10127736109005137,0.5637086641855511,shared_update_noise_by_environment_seed_round,congestion_resource,False,0.9910646077340837,0.425,2560.0,80,random_hf,40,9103,,,congestion_resource|seed=9103|method=random_hf
0.05127120143832298,0.5229666433282056,shared_update_noise_by_environment_seed_round,congestion_resource,False,1.016409012329671,0.425,2560.0,80,top_proxy_hf,40,9103,,,congestion_resource|seed=9103|method=top_proxy_hf
0.06892490949920171,0.5074306490505432,shared_update_noise_by_environment_seed_round,congestion_resource,False,1.002355412799813,0.425,2560.0,80,uncertainty_hf,40,9103,,,congestion_resource|seed=9103|method=uncertainty_hf
0.1592119749589831,0.49668791387946,shared_update_noise_by_environment_seed_round,congestion_resource,False,1.0139702555726864,0.45,2560.0,80,paired_lucb,40,9103,,,congestion_resource|seed=9103|method=paired_lucb
0.11823507698609714,0.5025198422287933,shared_update_noise_by_environment_seed_round,congestion_resource,False,0.9981996428853389,0.475,2560.0,80,global_voi,40,9103,,,congestion_resource|seed=9103|method=global_voi
0.10806885083751538,0.5342383454602513,shared_update_noise_by_environment_seed_round,congestion_resource,False,1.0151334669459915,0.425,2560.0,80,pivot_h,40,9103,,,congestion_resource|seed=9103|method=pivot_h
0.13401054247182997,0.5235662555318126,shared_update_noise_by_environment_seed_round,congestion_resource,False,0.9932694883940009,0.475,2560.0,80,pivot_voi,40,9103,,,congestion_resource|seed=9103|method=pivot_voi
0.0,0.5330180086387812,shared_update_noise_by_environment_seed_round,congestion_resource,False,1.0189316944243378,0.4,10240.0,320,all_hf,40,9103,,,congestion_resource|seed=9103|method=all_hf
0.020693726708340687,0.4965240423252333,shared_update_noise_by_environment_seed_round,congestion_resource,False,1.0193361022331773,0.45,0.0,0,proxy_only,40,9104,,,congestion_resource|seed=9104|method=proxy_only
0.038062169977880034,0.49865566462722033,shared_update_noise_by_environment_seed_round,congestion_resource,False,1.016376965777865,0.4,0.0,0,global_value,40,9104,,,congestion_resource|seed=9104|method=global_value
0.09156722816288299,0.5963494849901659,shared_update_noise_by_environment_seed_round,congestion_resource,False,1.0109378805375462,0.475,2560.0,80,random_hf,40,9104,,,congestion_resource|seed=9104|method=random_hf
0.041115638178104486,0.5212197216124809,shared_update_noise_by_environment_seed_round,congestion_resource,False,1.0191546561697928,0.5,2560.0,80,top_proxy_hf,40,9104,,,congestion_resource|seed=9104|method=top_proxy_hf
0.06171074513284969,0.5713551160311028,shared_update_noise_by_environment_seed_round,congestion_resource,False,1.0111126173693872,0.45,2560.0,80,uncertainty_hf,40,9104,,,congestion_resource|seed=9104|method=uncertainty_hf
0.16633752850945505,0.4346762989118086,shared_update_noise_by_environment_seed_round,congestion_resource,False,1.0114868097560894,0.425,2560.0,80,paired_lucb,40,9104,,,congestion_resource|seed=9104|method=paired_lucb
0.10626775469624161,0.5145720827913276,shared_update_noise_by_environment_seed_round,congestion_resource,False,1.0114703115636883,0.45,2560.0,80,global_voi,40,9104,,,congestion_resource|seed=9104|method=global_voi
0.07300368963357717,0.5585078041417629,shared_update_noise_by_environment_seed_round,congestion_resource,False,1.0094336441350316,0.475,2560.0,80,pivot_h,40,9104,,,congestion_resource|seed=9104|method=pivot_h
0.09894385000183803,0.48624195675749426,shared_update_noise_by_environment_seed_round,congestion_resource,False,1.0181968302239721,0.45,2560.0,80,pivot_voi,40,9104,,,congestion_resource|seed=9104|method=pivot_voi
0.0,0.4671855846018834,shared_update_noise_by_environment_seed_round,congestion_resource,False,1.0194274279192583,0.475,10240.0,320,all_hf,40,9104,,,congestion_resource|seed=9104|method=all_hf
0.03846130338598619,0.5820304950213941,shared_update_noise_by_environment_seed_round,congestion_resource,False,1.0335798371006215,0.4,0.0,0,proxy_only,40,9105,,,congestion_resource|seed=9105|method=proxy_only
0.08357808094933572,0.603391961597746,shared_update_noise_by_environment_seed_round,congestion_resource,False,0.9953368009043303,0.35,0.0,0,global_value,40,9105,,,congestion_resource|seed=9105|method=global_value
0.15147447101771305,0.4968910545660836,shared_update_noise_by_environment_seed_round,congestion_resource,False,1.0010420311727257,0.45,2560.0,80,random_hf,40,9105,,,congestion_resource|seed=9105|method=random_hf
0.05816583287273547,0.5188588924239589,shared_update_noise_by_environment_seed_round,congestion_resource,False,1.0202476944639634,0.45,2560.0,80,top_proxy_hf,40,9105,,,congestion_resource|seed=9105|method=top_proxy_hf
0.05407440152402543,0.5439748355075997,shared_update_noise_by_environment_seed_round,congestion_resource,False,1.0329794193070025,0.45,2560.0,80,uncertainty_hf,40,9105,,,congestion_resource|seed=9105|method=uncertainty_hf
0.1757512487611128,0.4336980643368771,shared_update_noise_by_environment_seed_round,congestion_resource,False,1.0303372236219148,0.45,2560.0,80,paired_lucb,40,9105,,,congestion_resource|seed=9105|method=paired_lucb
0.12566899618410976,0.459089697516474,shared_update_noise_by_environment_seed_round,congestion_resource,False,1.0184790837718765,0.45,2560.0,80,global_voi,40,9105,,,congestion_resource|seed=9105|method=global_voi
0.05982863452584941,0.5401807524874732,shared_update_noise_by_environment_seed_round,congestion_resource,False,1.0269502866920286,0.45,2560.0,80,pivot_h,40,9105,,,congestion_resource|seed=9105|method=pivot_h
0.043728687322643345,0.5309425479593147,shared_update_noise_by_environment_seed_round,congestion_resource,False,1.014568372909615,0.475,2560.0,80,pivot_voi,40,9105,,,congestion_resource|seed=9105|method=pivot_voi
0.0,0.5439059383375625,shared_update_noise_by_environment_seed_round,congestion_resource,False,1.0316059820047374,0.425,10240.0,320,all_hf,40,9105,,,congestion_resource|seed=9105|method=all_hf
0.06864742314375516,0.4145673846312715,shared_update_noise_by_environment_seed_round,congestion_resource,False,1.002905373448916,0.45,0.0,0,proxy_only,40,9106,,,congestion_resource|seed=9106|method=proxy_only
0.10633798642737446,0.42556592059986,shared_update_noise_by_environment_seed_round,congestion_resource,False,0.997938148137601,0.475,0.0,0,global_value,40,9106,,,congestion_resource|seed=9106|method=global_value
0.13267602046278348,0.43634534625564214,shared_update_noise_by_environment_seed_round,congestion_resource,False,0.9957625626115991,0.45,2560.0,80,random_hf,40,9106,,,congestion_resource|seed=9106|method=random_hf
0.057273921306117304,0.4452458998735833,shared_update_noise_by_environment_seed_round,congestion_resource,False,1.0008561775111446,0.45,2560.0,80,top_proxy_hf,40,9106,,,congestion_resource|seed=9106|method=top_proxy_hf
0.0759320012652509,0.4323692722227991,shared_update_noise_by_environment_seed_round,congestion_resource,False,0.9914578527579062,0.5,2560.0,80,uncertainty_hf,40,9106,,,congestion_resource|seed=9106|method=uncertainty_hf
0.14044313671442077,0.4635302554270144,shared_update_noise_by_environment_seed_round,congestion_resource,False,1.0126235873409466,0.5,2560.0,80,paired_lucb,40,9106,,,congestion_resource|seed=9106|method=paired_lucb
0.11269084903197679,0.4963034634568776,shared_update_noise_by_environment_seed_round,congestion_resource,False,0.9860287207378825,0.475,2560.0,80,global_voi,40,9106,,,congestion_resource|seed=9106|method=global_voi
0.08334505299340123,0.4173020134290363,shared_update_noise_by_environment_seed_round,congestion_resource,False,1.0234050151332565,0.475,2560.0,80,pivot_h,40,9106,,,congestion_resource|seed=9106|method=pivot_h
0.10840359153641432,0.5123157962178546,shared_update_noise_by_environment_seed_round,congestion_resource,False,1.0245730110201114,0.425,2560.0,80,pivot_voi,40,9106,,,congestion_resource|seed=9106|method=pivot_voi
0.0,0.4991762955694865,shared_update_noise_by_environment_seed_round,congestion_resource,False,1.022996281851767,0.45,10240.0,320,all_hf,40,9106,,,congestion_resource|seed=9106|method=all_hf
0.04313688052454556,0.4168012211688892,shared_update_noise_by_environment_seed_round,congestion_resource,False,1.0334092482055977,0.5,0.0,0,proxy_only,40,9107,,,congestion_resource|seed=9107|method=proxy_only
0.006004679108396083,0.5542202022952075,shared_update_noise_by_environment_seed_round,congestion_resource,False,0.9876945282041549,0.45,0.0,0,global_value,40,9107,,,congestion_resource|seed=9107|method=global_value
0.08809871091145094,0.41358204288894906,shared_update_noise_by_environment_seed_round,congestion_resource,False,1.031095762246652,0.475,2560.0,80,random_hf,40,9107,,,congestion_resource|seed=9107|method=random_hf
0.06186400318284291,0.37729845798223194,shared_update_noise_by_environment_seed_round,congestion_resource,False,1.0001978704817784,0.475,2560.0,80,top_proxy_hf,40,9107,,,congestion_resource|seed=9107|method=top_proxy_hf
0.10968507615467316,0.42172317144814464,shared_update_noise_by_environment_seed_round,congestion_resource,False,0.9729043479228346,0.45,2560.0,80,uncertainty_hf,40,9107,,,congestion_resource|seed=9107|method=uncertainty_hf
0.14405279452262898,0.5001809073785516,shared_update_noise_by_environment_seed_round,congestion_resource,False,1.0335263866696442,0.45,2560.0,80,paired_lucb,40,9107,,,congestion_resource|seed=9107|method=paired_lucb
0.10930758863793977,0.47335235648280194,shared_update_noise_by_environment_seed_round,congestion_resource,False,1.0247736579346,0.425,2560.0,80,global_voi,40,9107,,,congestion_resource|seed=9107|method=global_voi
0.08513811698222506,0.4576106505655134,shared_update_noise_by_environment_seed_round,congestion_resource,False,0.9733440886991424,0.45,2560.0,80,pivot_h,40,9107,,,congestion_resource|seed=9107|method=pivot_h
0.12120102570520097,0.3093169431500221,shared_update_noise_by_environment_seed_round,congestion_resource,False,0.9747770010884436,0.5,2560.0,80,pivot_voi,40,9107,,,congestion_resource|seed=9107|method=pivot_voi
0.0,0.4609563021134331,shared_update_noise_by_environment_seed_round,congestion_resource,False,1.021105101168723,0.475,10240.0,320,all_hf,40,9107,,,congestion_resource|seed=9107|method=all_hf
0.01208397130429506,0.5632923361830288,shared_update_noise_by_environment_seed_round,congestion_resource,False,1.0332672462611487,0.375,0.0,0,proxy_only,40,9108,,,congestion_resource|seed=9108|method=proxy_only
0.04687982357364373,0.5572582911238508,shared_update_noise_by_environment_seed_round,congestion_resource,False,1.033138768220796,0.4,0.0,0,global_value,40,9108,,,congestion_resource|seed=9108|method=global_value
0.06487081813905538,0.49899131360296034,shared_update_noise_by_environment_seed_round,congestion_resource,False,0.979130332311948,0.45,2560.0,80,random_hf,40,9108,,,congestion_resource|seed=9108|method=random_hf
0.03733795336200274,0.4429769884735948,shared_update_noise_by_environment_seed_round,congestion_resource,False,0.999718228593032,0.475,2560.0,80,top_proxy_hf,40,9108,,,congestion_resource|seed=9108|method=top_proxy_hf
0.056908683365416435,0.5619519391103543,shared_update_noise_by_environment_seed_round,congestion_resource,False,1.0333729700741685,0.425,2560.0,80,uncertainty_hf,40,9108,,,congestion_resource|seed=9108|method=uncertainty_hf
0.11990200821956565,0.4648980427139935,shared_update_noise_by_environment_seed_round,congestion_resource,False,1.025290740368384,0.45,2560.0,80,paired_lucb,40,9108,,,congestion_resource|seed=9108|method=paired_lucb
0.08972959626618537,0.5393918364001056,shared_update_noise_by_environment_seed_round,congestion_resource,False,1.0340620524570132,0.425,2560.0,80,global_voi,40,9108,,,congestion_resource|seed=9108|method=global_voi
0.053277674989331336,0.47904250958315664,shared_update_noise_by_environment_seed_round,congestion_resource,False,1.0003828293945909,0.475,2560.0,80,pivot_h,40,9108,,,congestion_resource|seed=9108|method=pivot_h
0.07426609460913713,0.44491215722997746,shared_update_noise_by_environment_seed_round,congestion_resource,False,1.0096613673523698,0.45,2560.0,80,pivot_voi,40,9108,,,congestion_resource|seed=9108|method=pivot_voi
0.0,0.5667108419713486,shared_update_noise_by_environment_seed_round,congestion_resource,False,1.0364345757729803,0.425,10240.0,320,all_hf,40,9108,,,congestion_resource|seed=9108|method=all_hf
0.02643217412357457,0.5811037252948834,shared_update_noise_by_environment_seed_round,congestion_resource,False,1.0139712000687269,0.475,0.0,0,proxy_only,40,9109,,,congestion_resource|seed=9109|method=proxy_only
0.025495788223663274,0.5433611921762171,shared_update_noise_by_environment_seed_round,congestion_resource,False,1.0024081454780511,0.475,0.0,0,global_value,40,9109,,,congestion_resource|seed=9109|method=global_value
0.0902608190589842,0.6145738474030105,shared_update_noise_by_environment_seed_round,congestion_resource,False,1.0130419647668527,0.425,2560.0,80,random_hf,40,9109,,,congestion_resource|seed=9109|method=random_hf
0.04033896868700604,0.5621060425517321,shared_update_noise_by_environment_seed_round,congestion_resource,False,1.0057238227646232,0.45,2560.0,80,top_proxy_hf,40,9109,,,congestion_resource|seed=9109|method=top_proxy_hf
0.09872549438361744,0.4450487806300808,shared_update_noise_by_environment_seed_round,congestion_resource,False,1.0142641612563004,0.475,2560.0,80,uncertainty_hf,40,9109,,,congestion_resource|seed=9109|method=uncertainty_hf
0.15792941857693943,0.5345844370323941,shared_update_noise_by_environment_seed_round,congestion_resource,False,1.0191498359236026,0.45,2560.0,80,paired_lucb,40,9109,,,congestion_resource|seed=9109|method=paired_lucb
0.12728149203624717,0.5147298786301314,shared_update_noise_by_environment_seed_round,congestion_resource,False,1.0084291629422664,0.475,2560.0,80,global_voi,40,9109,,,congestion_resource|seed=9109|method=global_voi
0.1118806829197333,0.5231663268536983,shared_update_noise_by_environment_seed_round,congestion_resource,False,1.012087786201392,0.45,2560.0,80,pivot_h,40,9109,,,congestion_resource|seed=9109|method=pivot_h
0.10887640024786005,0.4852436910227542,shared_update_noise_by_environment_seed_round,congestion_resource,False,1.0181405444362517,0.475,2560.0,80,pivot_voi,40,9109,,,congestion_resource|seed=9109|method=pivot_voi
0.0,0.5217905319407964,shared_update_noise_by_environment_seed_round,congestion_resource,False,1.0212132348520453,0.475,10240.0,320,all_hf,40,9109,,,congestion_resource|seed=9109|method=all_hf
0.02944953631976066,0.588711654724071,shared_update_noise_by_environment_seed_round,congestion_resource,False,1.0116833236196054,0.475,0.0,0,proxy_only,40,9110,,,congestion_resource|seed=9110|method=proxy_only
0.09928485513530516,0.5458305933450504,shared_update_noise_by_environment_seed_round,congestion_resource,False,1.0049733883353547,0.45,0.0,0,global_value,40,9110,,,congestion_resource|seed=9110|method=global_value
0.07328299984810516,0.5928558693177888,shared_update_noise_by_environment_seed_round,congestion_resource,False,1.0069947781202704,0.5,2560.0,80,random_hf,40,9110,,,congestion_resource|seed=9110|method=random_hf
0.027216926511988593,0.6944484375718899,shared_update_noise_by_environment_seed_round,congestion_resource,False,1.0323601045177444,0.425,2560.0,80,top_proxy_hf,40,9110,,,congestion_resource|seed=9110|method=top_proxy_hf
0.0750983157056635,0.608397406632921,shared_update_noise_by_environment_seed_round,congestion_resource,False,1.0289973183310068,0.45,2560.0,80,uncertainty_hf,40,9110,,,congestion_resource|seed=9110|method=uncertainty_hf
0.16270307832617925,0.4708944143967011,shared_update_noise_by_environment_seed_round,congestion_resource,False,0.9478374952608949,0.475,2560.0,80,paired_lucb,40,9110,,,congestion_resource|seed=9110|method=paired_lucb
0.15086200614723178,0.5348929856002997,shared_update_noise_by_environment_seed_round,congestion_resource,False,0.9633737607716676,0.425,2560.0,80,global_voi,40,9110,,,congestion_resource|seed=9110|method=global_voi
0.09683193278621383,0.6075990560535318,shared_update_noise_by_environment_seed_round,congestion_resource,False,1.0309910327951082,0.475,2560.0,80,pivot_h,40,9110,,,congestion_resource|seed=9110|method=pivot_h
0.18156674140493612,0.6212936532620691,shared_update_noise_by_environment_seed_round,congestion_resource,False,1.030561870417711,0.425,2560.0,80,pivot_voi,40,9110,,,congestion_resource|seed=9110|method=pivot_voi
0.0,0.7121637421939274,shared_update_noise_by_environment_seed_round,congestion_resource,False,1.0335818792267493,0.425,10240.0,320,all_hf,40,9110,,,congestion_resource|seed=9110|method=all_hf
0.015236980730299887,0.6319181225418714,shared_update_noise_by_environment_seed_round,congestion_resource,False,1.0337275128717909,0.4,0.0,0,proxy_only,40,9111,,,congestion_resource|seed=9111|method=proxy_only
0.09096149654451224,0.530711342554923,shared_update_noise_by_environment_seed_round,congestion_resource,False,1.0303629487774062,0.475,0.0,0,global_value,40,9111,,,congestion_resource|seed=9111|method=global_value
0.09378609193915288,0.5306226006934887,shared_update_noise_by_environment_seed_round,congestion_resource,False,1.0305748815675169,0.425,2560.0,80,random_hf,40,9111,,,congestion_resource|seed=9111|method=random_hf
0.027562999024328905,0.5399027711679432,shared_update_noise_by_environment_seed_round,congestion_resource,False,1.0322128748575652,0.45,2560.0,80,top_proxy_hf,40,9111,,,congestion_resource|seed=9111|method=top_proxy_hf
0.10817360793895259,0.566218762849337,shared_update_noise_by_environment_seed_round,congestion_resource,False,1.0321186003856335,0.45,2560.0,80,uncertainty_hf,40,9111,,,congestion_resource|seed=9111|method=uncertainty_hf
0.13517461996424596,0.5140597658319385,shared_update_noise_by_environment_seed_round,congestion_resource,False,1.0351319809393835,0.45,2560.0,80,paired_lucb,40,9111,,,congestion_resource|seed=9111|method=paired_lucb
0.11033697163347178,0.42429978399771273,shared_update_noise_by_environment_seed_round,congestion_resource,False,0.959590829323294,0.475,2560.0,80,global_voi,40,9111,,,congestion_resource|seed=9111|method=global_voi
0.09998323904100226,0.5695975141449519,shared_update_noise_by_environment_seed_round,congestion_resource,False,1.034413864705422,0.45,2560.0,80,pivot_h,40,9111,,,congestion_resource|seed=9111|method=pivot_h
0.06898273059001303,0.445766901935566,shared_update_noise_by_environment_seed_round,congestion_resource,False,1.0332970014649483,0.475,2560.0,80,pivot_voi,40,9111,,,congestion_resource|seed=9111|method=pivot_voi
0.0,0.4128352974210474,shared_update_noise_by_environment_seed_round,congestion_resource,False,1.0150676421050282,0.525,10240.0,320,all_hf,40,9111,,,congestion_resource|seed=9111|method=all_hf
0.023861572986974444,0.5372512364278753,shared_update_noise_by_environment_seed_round,congestion_resource,False,1.0388482836090893,0.475,0.0,0,proxy_only,40,9112,,,congestion_resource|seed=9112|method=proxy_only
0.022555575215889134,0.5238335302698011,shared_update_noise_by_environment_seed_round,congestion_resource,False,0.971862498223767,0.5,0.0,0,global_value,40,9112,,,congestion_resource|seed=9112|method=global_value
0.10184145018108026,0.4375484265768722,shared_update_noise_by_environment_seed_round,congestion_resource,False,0.9976561216277255,0.475,2560.0,80,random_hf,40,9112,,,congestion_resource|seed=9112|method=random_hf
0.05279982597644195,0.4473612965028997,shared_update_noise_by_environment_seed_round,congestion_resource,False,1.008064954930423,0.475,2560.0,80,top_proxy_hf,40,9112,,,congestion_resource|seed=9112|method=top_proxy_hf
0.06794276894618034,0.5124776160110295,shared_update_noise_by_environment_seed_round,congestion_resource,False,0.987643291840463,0.475,2560.0,80,uncertainty_hf,40,9112,,,congestion_resource|seed=9112|method=uncertainty_hf
0.1479284312731819,0.5633242664758514,shared_update_noise_by_environment_seed_round,congestion_resource,False,0.9303556209395157,0.475,2560.0,80,paired_lucb,40,9112,,,congestion_resource|seed=9112|method=paired_lucb
0.08311015381679943,0.5533897453261866,shared_update_noise_by_environment_seed_round,congestion_resource,False,1.0011796630905112,0.45,2560.0,80,global_voi,40,9112,,,congestion_resource|seed=9112|method=global_voi
0.06799749910535946,0.5310903200650887,shared_update_noise_by_environment_seed_round,congestion_resource,False,0.9917351726860051,0.475,2560.0,80,pivot_h,40,9112,,,congestion_resource|seed=9112|method=pivot_h
0.08426882131331292,0.5051464831176777,shared_update_noise_by_environment_seed_round,congestion_resource,False,0.9922195152032097,0.475,2560.0,80,pivot_voi,40,9112,,,congestion_resource|seed=9112|method=pivot_voi
0.0,0.5101009136213607,shared_update_noise_by_environment_seed_round,congestion_resource,False,0.9988389386152876,0.475,10240.0,320,all_hf,40,9112,,,congestion_resource|seed=9112|method=all_hf
0.013380663956021666,0.5689761712564991,shared_update_noise_by_environment_seed_round,congestion_resource,False,1.0292264300475913,0.425,0.0,0,proxy_only,40,9113,,,congestion_resource|seed=9113|method=proxy_only
0.05753823830448257,0.6287738200004961,shared_update_noise_by_environment_seed_round,congestion_resource,False,1.0239325256415994,0.375,0.0,0,global_value,40,9113,,,congestion_resource|seed=9113|method=global_value
0.07863722829888187,0.5849974135877752,shared_update_noise_by_environment_seed_round,congestion_resource,False,1.0251963069028622,0.425,2560.0,80,random_hf,40,9113,,,congestion_resource|seed=9113|method=random_hf
0.06343735152199914,0.4566598584979217,shared_update_noise_by_environment_seed_round,congestion_resource,False,0.9973301893750346,0.475,2560.0,80,top_proxy_hf,40,9113,,,congestion_resource|seed=9113|method=top_proxy_hf
0.05424002689364016,0.5153690780937907,shared_update_noise_by_environment_seed_round,congestion_resource,False,1.0315587465771099,0.45,2560.0,80,uncertainty_hf,40,9113,,,congestion_resource|seed=9113|method=uncertainty_hf
0.16436665043939813,0.5329659578260065,shared_update_noise_by_environment_seed_round,congestion_resource,False,1.026206860521194,0.425,2560.0,80,paired_lucb,40,9113,,,congestion_resource|seed=9113|method=paired_lucb
0.10228847331050572,0.5390050859077151,shared_update_noise_by_environment_seed_round,congestion_resource,False,1.0138491504898979,0.45,2560.0,80,global_voi,40,9113,,,congestion_resource|seed=9113|method=global_voi
0.07497351789005391,0.4512069760008335,shared_update_noise_by_environment_seed_round,congestion_resource,False,1.0147308609701855,0.5,2560.0,80,pivot_h,40,9113,,,congestion_resource|seed=9113|method=pivot_h
0.11762354451942303,0.4159896791086235,shared_update_noise_by_environment_seed_round,congestion_resource,False,1.0048168007568996,0.475,2560.0,80,pivot_voi,40,9113,,,congestion_resource|seed=9113|method=pivot_voi
0.0,0.6122301473395816,shared_update_noise_by_environment_seed_round,congestion_resource,False,1.0293323146872482,0.425,10240.0,320,all_hf,40,9113,,,congestion_resource|seed=9113|method=all_hf
0.016056045714682776,0.5974955072220565,shared_update_noise_by_environment_seed_round,congestion_resource,False,1.0006137503320685,0.45,0.0,0,proxy_only,40,9114,,,congestion_resource|seed=9114|method=proxy_only
0.07482500428198224,0.6663437575714365,shared_update_noise_by_environment_seed_round,congestion_resource,False,1.0067811324585234,0.4,0.0,0,global_value,40,9114,,,congestion_resource|seed=9114|method=global_value
0.13297566483290357,0.5647141814767016,shared_update_noise_by_environment_seed_round,congestion_resource,False,1.0179226669552772,0.45,2560.0,80,random_hf,40,9114,,,congestion_resource|seed=9114|method=random_hf
0.03550877288337462,0.5835178870716969,shared_update_noise_by_environment_seed_round,congestion_resource,False,1.0157485777296038,0.475,2560.0,80,top_proxy_hf,40,9114,,,congestion_resource|seed=9114|method=top_proxy_hf
0.035238130915484,0.5745522454622322,shared_update_noise_by_environment_seed_round,congestion_resource,False,1.0142275051674368,0.5,2560.0,80,uncertainty_hf,40,9114,,,congestion_resource|seed=9114|method=uncertainty_hf
0.13308006048854437,0.5145770740721402,shared_update_noise_by_environment_seed_round,congestion_resource,False,1.0168090009674446,0.45,2560.0,80,paired_lucb,40,9114,,,congestion_resource|seed=9114|method=paired_lucb
0.0712642651283909,0.6061317156027544,shared_update_noise_by_environment_seed_round,congestion_resource,False,1.0255731291688288,0.475,2560.0,80,global_voi,40,9114,,,congestion_resource|seed=9114|method=global_voi
0.04747293444903977,0.5614357980333119,shared_update_noise_by_environment_seed_round,congestion_resource,False,1.003044277054389,0.525,2560.0,80,pivot_h,40,9114,,,congestion_resource|seed=9114|method=pivot_h
0.0802077863013756,0.5132850806590954,shared_update_noise_by_environment_seed_round,congestion_resource,False,1.0068382395546782,0.475,2560.0,80,pivot_voi,40,9114,,,congestion_resource|seed=9114|method=pivot_voi
0.0,0.6493478279708564,shared_update_noise_by_environment_seed_round,congestion_resource,False,1.020973280609074,0.45,10240.0,320,all_hf,40,9114,,,congestion_resource|seed=9114|method=all_hf
0.0078087532544341975,0.5738798315644448,shared_update_noise_by_environment_seed_round,congestion_resource,False,1.0263640876020272,0.425,0.0,0,proxy_only,40,9115,,,congestion_resource|seed=9115|method=proxy_only
0.04324299142364507,0.5615027505564217,shared_update_noise_by_environment_seed_round,congestion_resource,False,1.0169680809081305,0.425,0.0,0,global_value,40,9115,,,congestion_resource|seed=9115|method=global_value
0.06327670228625049,0.35741070418787146,shared_update_noise_by_environment_seed_round,congestion_resource,False,1.004533892765184,0.5,2560.0,80,random_hf,40,9115,,,congestion_resource|seed=9115|method=random_hf
0.03343511186636494,0.5322866845251311,shared_update_noise_by_environment_seed_round,congestion_resource,False,1.0345738078789224,0.475,2560.0,80,top_proxy_hf,40,9115,,,congestion_resource|seed=9115|method=top_proxy_hf
0.038881406899177406,0.3177191775942182,shared_update_noise_by_environment_seed_round,congestion_resource,False,1.0218109069841015,0.525,2560.0,80,uncertainty_hf,40,9115,,,congestion_resource|seed=9115|method=uncertainty_hf
0.1611127157283898,0.6269353214838057,shared_update_noise_by_environment_seed_round,congestion_resource,False,1.0344555079355806,0.45,2560.0,80,paired_lucb,40,9115,,,congestion_resource|seed=9115|method=paired_lucb
0.11391435580347342,0.6094884756814166,shared_update_noise_by_environment_seed_round,congestion_resource,False,1.0301289528656248,0.425,2560.0,80,global_voi,40,9115,,,congestion_resource|seed=9115|method=global_voi
0.030676774566507636,0.3340223796901245,shared_update_noise_by_environment_seed_round,congestion_resource,False,1.0252192454175604,0.525,2560.0,80,pivot_h,40,9115,,,congestion_resource|seed=9115|method=pivot_h
0.10010343402539812,0.42210836447964206,shared_update_noise_by_environment_seed_round,congestion_resource,False,1.0217606647486235,0.45,2560.0,80,pivot_voi,40,9115,,,congestion_resource|seed=9115|method=pivot_voi
0.0,0.38760435772236435,shared_update_noise_by_environment_seed_round,congestion_resource,False,1.0261447900906626,0.5,10240.0,320,all_hf,40,9115,,,congestion_resource|seed=9115|method=all_hf
0.02652917689439016,0.5377232703849188,shared_update_noise_by_environment_seed_round,congestion_resource,False,1.0244602127053606,0.45,0.0,0,proxy_only,40,9116,,,congestion_resource|seed=9116|method=proxy_only
0.10530868324303722,0.5147465224977819,shared_update_noise_by_environment_seed_round,congestion_resource,False,1.01733843485586,0.45,0.0,0,global_value,40,9116,,,congestion_resource|seed=9116|method=global_value
0.10347465141961909,0.507857097159357,shared_update_noise_by_environment_seed_round,congestion_resource,False,1.0259651472588807,0.45,2560.0,80,random_hf,40,9116,,,congestion_resource|seed=9116|method=random_hf
0.050742609157283125,0.4910799192497357,shared_update_noise_by_environment_seed_round,congestion_resource,False,1.01012575105827,0.475,2560.0,80,top_proxy_hf,40,9116,,,congestion_resource|seed=9116|method=top_proxy_hf
0.05541365822939048,0.5438525989664627,shared_update_noise_by_environment_seed_round,congestion_resource,False,1.0070396706911349,0.475,2560.0,80,uncertainty_hf,40,9116,,,congestion_resource|seed=9116|method=uncertainty_hf
0.1530251712467703,0.4137347323521713,shared_update_noise_by_environment_seed_round,congestion_resource,False,0.9555874811948324,0.45,2560.0,80,paired_lucb,40,9116,,,congestion_resource|seed=9116|method=paired_lucb
0.0907826124067338,0.4819785943611695,shared_update_noise_by_environment_seed_round,congestion_resource,False,1.0022417456975796,0.45,2560.0,80,global_voi,40,9116,,,congestion_resource|seed=9116|method=global_voi
0.056568982871400775,0.5445971186332178,shared_update_noise_by_environment_seed_round,congestion_resource,False,1.0073628973864086,0.475,2560.0,80,pivot_h,40,9116,,,congestion_resource|seed=9116|method=pivot_h
0.08221955575321149,0.5459453142187242,shared_update_noise_by_environment_seed_round,congestion_resource,False,1.0235834124625574,0.475,2560.0,80,pivot_voi,40,9116,,,congestion_resource|seed=9116|method=pivot_voi
0.0,0.5481469564072038,shared_update_noise_by_environment_seed_round,congestion_resource,False,1.0292606609596375,0.45,10240.0,320,all_hf,40,9116,,,congestion_resource|seed=9116|method=all_hf
0.01292741568536837,0.5285605095911261,shared_update_noise_by_environment_seed_round,congestion_resource,False,1.021198328122465,0.425,0.0,0,proxy_only,40,9117,,,congestion_resource|seed=9117|method=proxy_only
0.06270202936417602,0.4600326112271117,shared_update_noise_by_environment_seed_round,congestion_resource,False,1.0157206356748396,0.475,0.0,0,global_value,40,9117,,,congestion_resource|seed=9117|method=global_value
0.0825641602845596,0.6552692466569692,shared_update_noise_by_environment_seed_round,congestion_resource,False,1.0126770853421116,0.425,2560.0,80,random_hf,40,9117,,,congestion_resource|seed=9117|method=random_hf
0.027550044147698682,0.6227498471690321,shared_update_noise_by_environment_seed_round,congestion_resource,False,1.026090699521316,0.425,2560.0,80,top_proxy_hf,40,9117,,,congestion_resource|seed=9117|method=top_proxy_hf
0.06395839760503297,0.5817816507207959,shared_update_noise_by_environment_seed_round,congestion_resource,False,1.019651749305495,0.45,2560.0,80,uncertainty_hf,40,9117,,,congestion_resource|seed=9117|method=uncertainty_hf
0.14506346508363366,0.5073000397090863,shared_update_noise_by_environment_seed_round,congestion_resource,False,1.0310592985935287,0.425,2560.0,80,paired_lucb,40,9117,,,congestion_resource|seed=9117|method=paired_lucb
0.11475614053578975,0.4768709025450103,shared_update_noise_by_environment_seed_round,congestion_resource,False,1.0068644159396252,0.475,2560.0,80,global_voi,40,9117,,,congestion_resource|seed=9117|method=global_voi
0.07126416633000643,0.5686183511654241,shared_update_noise_by_environment_seed_round,congestion_resource,False,1.0184978604343085,0.475,2560.0,80,pivot_h,40,9117,,,congestion_resource|seed=9117|method=pivot_h
0.09333516231884875,0.4994175555267315,shared_update_noise_by_environment_seed_round,congestion_resource,False,1.0263822628152204,0.475,2560.0,80,pivot_voi,40,9117,,,congestion_resource|seed=9117|method=pivot_voi
0.0,0.44024864390336116,shared_update_noise_by_environment_seed_round,congestion_resource,False,1.030454512484749,0.5,10240.0,320,all_hf,40,9117,,,congestion_resource|seed=9117|method=all_hf
0.016782478483866825,0.49788955802679835,shared_update_noise_by_environment_seed_round,congestion_resource,False,1.0094768245516899,0.425,0.0,0,proxy_only,40,9118,,,congestion_resource|seed=9118|method=proxy_only
0.11067525956855973,0.4980250619612764,shared_update_noise_by_environment_seed_round,congestion_resource,False,1.0022952238177174,0.45,0.0,0,global_value,40,9118,,,congestion_resource|seed=9118|method=global_value
0.1332088175113072,0.5102334156387436,shared_update_noise_by_environment_seed_round,congestion_resource,False,1.0090947371061612,0.475,2560.0,80,random_hf,40,9118,,,congestion_resource|seed=9118|method=random_hf
0.07119945702515151,0.4228047472690766,shared_update_noise_by_environment_seed_round,congestion_resource,False,1.0207176420546757,0.425,2560.0,80,top_proxy_hf,40,9118,,,congestion_resource|seed=9118|method=top_proxy_hf
0.0692115540230328,0.5771925273276575,shared_update_noise_by_environment_seed_round,congestion_resource,False,1.014056759117847,0.425,2560.0,80,uncertainty_hf,40,9118,,,congestion_resource|seed=9118|method=uncertainty_hf
0.18851787696383548,0.4829319555258905,shared_update_noise_by_environment_seed_round,congestion_resource,False,1.009906790729187,0.425,2560.0,80,paired_lucb,40,9118,,,congestion_resource|seed=9118|method=paired_lucb
0.13052010548631932,0.4997957587312414,shared_update_noise_by_environment_seed_round,congestion_resource,False,1.0270423614096047,0.425,2560.0,80,global_voi,40,9118,,,congestion_resource|seed=9118|method=global_voi
0.07111758360782139,0.5756665796464295,shared_update_noise_by_environment_seed_round,congestion_resource,False,1.0123649992660457,0.425,2560.0,80,pivot_h,40,9118,,,congestion_resource|seed=9118|method=pivot_h
0.10731025251914739,0.4994754024168926,shared_update_noise_by_environment_seed_round,congestion_resource,False,1.0267485092176925,0.475,2560.0,80,pivot_voi,40,9118,,,congestion_resource|seed=9118|method=pivot_voi
0.0,0.5089487779998914,shared_update_noise_by_environment_seed_round,congestion_resource,False,1.0249044303708947,0.4,10240.0,320,all_hf,40,9118,,,congestion_resource|seed=9118|method=all_hf
0.028737323616878863,0.4251217127841773,shared_update_noise_by_environment_seed_round,congestion_resource,False,1.0124658817406822,0.5,0.0,0,proxy_only,40,9119,,,congestion_resource|seed=9119|method=proxy_only
0.08385801586577157,0.40905671901594454,shared_update_noise_by_environment_seed_round,congestion_resource,False,1.0244294782851295,0.45,0.0,0,global_value,40,9119,,,congestion_resource|seed=9119|method=global_value
0.090101408349894,0.4801653282488887,shared_update_noise_by_environment_seed_round,congestion_resource,False,1.027834008259168,0.45,2560.0,80,random_hf,40,9119,,,congestion_resource|seed=9119|method=random_hf
0.03807475552540396,0.4889682050138009,shared_update_noise_by_environment_seed_round,congestion_resource,False,1.0277817492291978,0.425,2560.0,80,top_proxy_hf,40,9119,,,congestion_resource|seed=9119|method=top_proxy_hf
0.07171720739634702,0.4317335264092911,shared_update_noise_by_environment_seed_round,congestion_resource,False,1.0269957258390128,0.5,2560.0,80,uncertainty_hf,40,9119,,,congestion_resource|seed=9119|method=uncertainty_hf
0.15843643661675644,0.5461772902212843,shared_update_noise_by_environment_seed_round,congestion_resource,False,1.0268768685241143,0.425,2560.0,80,paired_lucb,40,9119,,,congestion_resource|seed=9119|method=paired_lucb
0.12871039030926612,0.5338920381332417,shared_update_noise_by_environment_seed_round,congestion_resource,False,0.982480396643089,0.45,2560.0,80,global_voi,40,9119,,,congestion_resource|seed=9119|method=global_voi
0.0623582065508097,0.44407588473655835,shared_update_noise_by_environment_seed_round,congestion_resource,False,0.998070860119687,0.5,2560.0,80,pivot_h,40,9119,,,congestion_resource|seed=9119|method=pivot_h
0.10616273980587299,0.44254578828614755,shared_update_noise_by_environment_seed_round,congestion_resource,False,0.999886478350558,0.5,2560.0,80,pivot_voi,40,9119,,,congestion_resource|seed=9119|method=pivot_voi
0.0,0.5320529157737078,shared_update_noise_by_environment_seed_round,congestion_resource,False,1.0307125115897924,0.45,10240.0,320,all_hf,40,9119,,,congestion_resource|seed=9119|method=all_hf
0.014425452107380998,0.4241995483373734,shared_update_noise_by_environment_seed_round,congestion_resource,False,1.0074450533584185,0.5,0.0,0,proxy_only,40,9120,,,congestion_resource|seed=9120|method=proxy_only
0.055401122526484325,0.5588737679821801,shared_update_noise_by_environment_seed_round,congestion_resource,False,1.0108071143091675,0.425,0.0,0,global_value,40,9120,,,congestion_resource|seed=9120|method=global_value
0.11682013331801266,0.6219353882477455,shared_update_noise_by_environment_seed_round,congestion_resource,False,1.0307772077300532,0.45,2560.0,80,random_hf,40,9120,,,congestion_resource|seed=9120|method=random_hf
0.02859368132049056,0.5693499718641537,shared_update_noise_by_environment_seed_round,congestion_resource,False,0.9957754898383638,0.475,2560.0,80,top_proxy_hf,40,9120,,,congestion_resource|seed=9120|method=top_proxy_hf
0.07699067277434868,0.45261000035561616,shared_update_noise_by_environment_seed_round,congestion_resource,False,1.0229720299938958,0.475,2560.0,80,uncertainty_hf,40,9120,,,congestion_resource|seed=9120|method=uncertainty_hf
0.19245470460452752,0.33858385447959516,shared_update_noise_by_environment_seed_round,congestion_resource,False,0.9899659610346405,0.45,2560.0,80,paired_lucb,40,9120,,,congestion_resource|seed=9120|method=paired_lucb
0.12264425228817122,0.5855567581969723,shared_update_noise_by_environment_seed_round,congestion_resource,False,1.0223612435149607,0.425,2560.0,80,global_voi,40,9120,,,congestion_resource|seed=9120|method=global_voi
0.08017341523935173,0.4494272578906131,shared_update_noise_by_environment_seed_round,congestion_resource,False,1.0146640744614073,0.475,2560.0,80,pivot_h,40,9120,,,congestion_resource|seed=9120|method=pivot_h
0.0887556582176331,0.4521483208353073,shared_update_noise_by_environment_seed_round,congestion_resource,False,1.0072211786315606,0.5,2560.0,80,pivot_voi,40,9120,,,congestion_resource|seed=9120|method=pivot_voi
0.0,0.656347028350242,shared_update_noise_by_environment_seed_round,congestion_resource,False,1.032058028567219,0.425,10240.0,320,all_hf,40,9120,,,congestion_resource|seed=9120|method=all_hf
0.027391754486204345,0.5567137081776974,shared_update_noise_by_environment_seed_round,congestion_resource,False,1.0348639352129314,0.45,0.0,0,proxy_only,40,9121,,,congestion_resource|seed=9121|method=proxy_only
0.11680993579157473,0.5112699736454924,shared_update_noise_by_environment_seed_round,congestion_resource,False,1.0187554106055692,0.425,0.0,0,global_value,40,9121,,,congestion_resource|seed=9121|method=global_value
0.07139494072019603,0.5535831290512593,shared_update_noise_by_environment_seed_round,congestion_resource,False,1.035154019628858,0.425,2560.0,80,random_hf,40,9121,,,congestion_resource|seed=9121|method=random_hf
0.04023872720703092,0.44793704412008917,shared_update_noise_by_environment_seed_round,congestion_resource,False,1.0335268060393263,0.475,2560.0,80,top_proxy_hf,40,9121,,,congestion_resource|seed=9121|method=top_proxy_hf
0.07173517095433823,0.45999466407712286,shared_update_noise_by_environment_seed_round,congestion_resource,False,1.0340392857959788,0.425,2560.0,80,uncertainty_hf,40,9121,,,congestion_resource|seed=9121|method=uncertainty_hf
0.13449166336048168,0.47560071564296,shared_update_noise_by_environment_seed_round,congestion_resource,False,1.0328739082182306,0.45,2560.0,80,paired_lucb,40,9121,,,congestion_resource|seed=9121|method=paired_lucb
0.1677214750631023,0.2747449502994195,shared_update_noise_by_environment_seed_round,congestion_resource,False,0.9482455478010499,0.475,2560.0,80,global_voi,40,9121,,,congestion_resource|seed=9121|method=global_voi
0.06831975675180813,0.44729554907037494,shared_update_noise_by_environment_seed_round,congestion_resource,False,1.0346074690267129,0.45,2560.0,80,pivot_h,40,9121,,,congestion_resource|seed=9121|method=pivot_h
0.08922952405555962,0.379125447304024,shared_update_noise_by_environment_seed_round,congestion_resource,False,1.036555925679047,0.45,2560.0,80,pivot_voi,40,9121,,,congestion_resource|seed=9121|method=pivot_voi
0.0,0.46283764236970226,shared_update_noise_by_environment_seed_round,congestion_resource,False,1.0087753947467388,0.45,10240.0,320,all_hf,40,9121,,,congestion_resource|seed=9121|method=all_hf
0.027162680253483007,0.48984596767784105,shared_update_noise_by_environment_seed_round,congestion_resource,False,0.9931218797849252,0.425,0.0,0,proxy_only,40,9122,,,congestion_resource|seed=9122|method=proxy_only
0.07250125030011167,0.4762775475865897,shared_update_noise_by_environment_seed_round,congestion_resource,False,1.0190636636034036,0.475,0.0,0,global_value,40,9122,,,congestion_resource|seed=9122|method=global_value
0.044823430370733996,0.4670771312599461,shared_update_noise_by_environment_seed_round,congestion_resource,False,1.0280185026102313,0.425,2560.0,80,random_hf,40,9122,,,congestion_resource|seed=9122|method=random_hf
0.07654497019939088,0.4264615011387233,shared_update_noise_by_environment_seed_round,congestion_resource,False,1.0114402626041854,0.5,2560.0,80,top_proxy_hf,40,9122,,,congestion_resource|seed=9122|method=top_proxy_hf
0.03696255575676588,0.4951310810041606,shared_update_noise_by_environment_seed_round,congestion_resource,False,1.0197894804948067,0.425,2560.0,80,uncertainty_hf,40,9122,,,congestion_resource|seed=9122|method=uncertainty_hf
0.174250101024655,0.547849012027626,shared_update_noise_by_environment_seed_round,congestion_resource,False,1.0192313609061192,0.45,2560.0,80,paired_lucb,40,9122,,,congestion_resource|seed=9122|method=paired_lucb
0.0996812162381101,0.4267438543580041,shared_update_noise_by_environment_seed_round,congestion_resource,False,1.015313361888213,0.45,2560.0,80,global_voi,40,9122,,,congestion_resource|seed=9122|method=global_voi
0.06709051122436549,0.39740307783503626,shared_update_noise_by_environment_seed_round,congestion_resource,False,0.9996731668306532,0.475,2560.0,80,pivot_h,40,9122,,,congestion_resource|seed=9122|method=pivot_h
0.1239015237196468,0.577704128615947,shared_update_noise_by_environment_seed_round,congestion_resource,False,1.0219594467297264,0.45,2560.0,80,pivot_voi,40,9122,,,congestion_resource|seed=9122|method=pivot_voi
0.0,0.4912645631200615,shared_update_noise_by_environment_seed_round,congestion_resource,False,1.0119775092477383,0.45,10240.0,320,all_hf,40,9122,,,congestion_resource|seed=9122|method=all_hf
0.02212933545871021,0.5067017062581961,shared_update_noise_by_environment_seed_round,congestion_resource,False,1.0134433960126135,0.475,0.0,0,proxy_only,40,9123,,,congestion_resource|seed=9123|method=proxy_only
0.04213480281371462,0.4287894330634373,shared_update_noise_by_environment_seed_round,congestion_resource,False,0.9845098048965589,0.475,0.0,0,global_value,40,9123,,,congestion_resource|seed=9123|method=global_value
0.07612452761007327,0.5432279739773285,shared_update_noise_by_environment_seed_round,congestion_resource,False,1.0099147409192433,0.45,2560.0,80,random_hf,40,9123,,,congestion_resource|seed=9123|method=random_hf
0.017351936485222708,0.5253426433953233,shared_update_noise_by_environment_seed_round,congestion_resource,False,1.0209760839330522,0.45,2560.0,80,top_proxy_hf,40,9123,,,congestion_resource|seed=9123|method=top_proxy_hf
0.10533677693589216,0.375174723167092,shared_update_noise_by_environment_seed_round,congestion_resource,False,1.006460653871149,0.475,2560.0,80,uncertainty_hf,40,9123,,,congestion_resource|seed=9123|method=uncertainty_hf
0.1400595848084164,0.495687261451802,shared_update_noise_by_environment_seed_round,congestion_resource,False,1.0100569461346025,0.45,2560.0,80,paired_lucb,40,9123,,,congestion_resource|seed=9123|method=paired_lucb
0.135131957926375,0.44996908385104994,shared_update_noise_by_environment_seed_round,congestion_resource,False,0.9853405772505062,0.475,2560.0,80,global_voi,40,9123,,,congestion_resource|seed=9123|method=global_voi
0.10469561727689858,0.33627688202420614,shared_update_noise_by_environment_seed_round,congestion_resource,False,0.9958634408857165,0.475,2560.0,80,pivot_h,40,9123,,,congestion_resource|seed=9123|method=pivot_h
0.05928972018938239,0.5070274939486799,shared_update_noise_by_environment_seed_round,congestion_resource,False,1.019780668589814,0.475,2560.0,80,pivot_voi,40,9123,,,congestion_resource|seed=9123|method=pivot_voi
0.0,0.5048965744408259,shared_update_noise_by_environment_seed_round,congestion_resource,False,1.0153175848962976,0.475,10240.0,320,all_hf,40,9123,,,congestion_resource|seed=9123|method=all_hf
0.02855358397626495,0.37959274363977824,shared_update_noise_by_environment_seed_round,congestion_resource,False,0.9875588639641864,0.5,0.0,0,proxy_only,40,9124,,,congestion_resource|seed=9124|method=proxy_only
0.05430173745016653,0.45203973491231186,shared_update_noise_by_environment_seed_round,congestion_resource,False,1.0323685023376095,0.45,0.0,0,global_value,40,9124,,,congestion_resource|seed=9124|method=global_value
0.11402102581061657,0.4924697005148898,shared_update_noise_by_environment_seed_round,congestion_resource,False,1.0294495090212543,0.45,2560.0,80,random_hf,40,9124,,,congestion_resource|seed=9124|method=random_hf
0.06656547538619251,0.4281012020131929,shared_update_noise_by_environment_seed_round,congestion_resource,False,0.9917993834790106,0.45,2560.0,80,top_proxy_hf,40,9124,,,congestion_resource|seed=9124|method=top_proxy_hf
0.05364489529591143,0.5632279315215997,shared_update_noise_by_environment_seed_round,congestion_resource,False,1.030399438671786,0.4,2560.0,80,uncertainty_hf,40,9124,,,congestion_resource|seed=9124|method=uncertainty_hf
0.15626319110514508,0.6158460654051253,shared_update_noise_by_environment_seed_round,congestion_resource,False,1.0273822149499354,0.45,2560.0,80,paired_lucb,40,9124,,,congestion_resource|seed=9124|method=paired_lucb
0.10157399756953023,0.5111038840658424,shared_update_noise_by_environment_seed_round,congestion_resource,False,1.017384086216616,0.475,2560.0,80,global_voi,40,9124,,,congestion_resource|seed=9124|method=global_voi
0.07477448847527168,0.5871996149552653,shared_update_noise_by_environment_seed_round,congestion_resource,False,1.0112874746938594,0.4,2560.0,80,pivot_h,40,9124,,,congestion_resource|seed=9124|method=pivot_h
0.08012230633523976,0.5168276454967903,shared_update_noise_by_environment_seed_round,congestion_resource,False,1.0286065723851672,0.45,2560.0,80,pivot_voi,40,9124,,,congestion_resource|seed=9124|method=pivot_voi
0.0,0.5407756310586357,shared_update_noise_by_environment_seed_round,congestion_resource,False,1.010816559377042,0.45,10240.0,320,all_hf,40,9124,,,congestion_resource|seed=9124|method=all_hf
0.030000668884437087,0.5877692608060084,shared_update_noise_by_environment_seed_round,congestion_resource,False,0.9979840433683954,0.425,0.0,0,proxy_only,40,9125,,,congestion_resource|seed=9125|method=proxy_only
0.09830617928465668,0.5280171452879043,shared_update_noise_by_environment_seed_round,congestion_resource,False,0.9500247372312618,0.45,0.0,0,global_value,40,9125,,,congestion_resource|seed=9125|method=global_value
0.1362023529267966,0.39144661024794614,shared_update_noise_by_environment_seed_round,congestion_resource,False,0.9837696925585928,0.475,2560.0,80,random_hf,40,9125,,,congestion_resource|seed=9125|method=random_hf
0.05082428216146284,0.4450843853782409,shared_update_noise_by_environment_seed_round,congestion_resource,False,1.0045738036520213,0.45,2560.0,80,top_proxy_hf,40,9125,,,congestion_resource|seed=9125|method=top_proxy_hf
0.061167555582830935,0.4938921411596868,shared_update_noise_by_environment_seed_round,congestion_resource,False,0.9990351078106294,0.475,2560.0,80,uncertainty_hf,40,9125,,,congestion_resource|seed=9125|method=uncertainty_hf
0.16980840746482395,0.5269762226200886,shared_update_noise_by_environment_seed_round,congestion_resource,False,1.0051599131810183,0.45,2560.0,80,paired_lucb,40,9125,,,congestion_resource|seed=9125|method=paired_lucb
0.1183686807937735,0.47959418060224457,shared_update_noise_by_environment_seed_round,congestion_resource,False,1.0032461304468312,0.475,2560.0,80,global_voi,40,9125,,,congestion_resource|seed=9125|method=global_voi
0.09624143893378878,0.5892834137392231,shared_update_noise_by_environment_seed_round,congestion_resource,False,1.0113473008449438,0.325,2560.0,80,pivot_h,40,9125,,,congestion_resource|seed=9125|method=pivot_h
0.10205120796006084,0.4147345130684278,shared_update_noise_by_environment_seed_round,congestion_resource,False,0.9985568916827625,0.475,2560.0,80,pivot_voi,40,9125,,,congestion_resource|seed=9125|method=pivot_voi
0.0,0.4557023505954675,shared_update_noise_by_environment_seed_round,congestion_resource,False,0.9827476070943935,0.475,10240.0,320,all_hf,40,9125,,,congestion_resource|seed=9125|method=all_hf
0.011796704411296544,0.42800730376886154,shared_update_noise_by_environment_seed_round,congestion_resource,False,1.035339394719365,0.525,0.0,0,proxy_only,40,9126,,,congestion_resource|seed=9126|method=proxy_only
0.038556465414887886,0.4690461411085579,shared_update_noise_by_environment_seed_round,congestion_resource,False,1.0191620587589507,0.475,0.0,0,global_value,40,9126,,,congestion_resource|seed=9126|method=global_value
0.08662889184719469,0.44945183581467696,shared_update_noise_by_environment_seed_round,congestion_resource,False,1.033231299361194,0.475,2560.0,80,random_hf,40,9126,,,congestion_resource|seed=9126|method=random_hf
0.0578456386263867,0.39995354064881083,shared_update_noise_by_environment_seed_round,congestion_resource,False,1.0083178519552507,0.475,2560.0,80,top_proxy_hf,40,9126,,,congestion_resource|seed=9126|method=top_proxy_hf
0.053607213011396926,0.45692362548717724,shared_update_noise_by_environment_seed_round,congestion_resource,False,1.0285461093354697,0.5,2560.0,80,uncertainty_hf,40,9126,,,congestion_resource|seed=9126|method=uncertainty_hf
0.1348582837715646,0.4923876255969305,shared_update_noise_by_environment_seed_round,congestion_resource,False,1.0201075478406527,0.475,2560.0,80,paired_lucb,40,9126,,,congestion_resource|seed=9126|method=paired_lucb
0.11690306847921617,0.5360815839486889,shared_update_noise_by_environment_seed_round,congestion_resource,False,0.9599060623127225,0.425,2560.0,80,global_voi,40,9126,,,congestion_resource|seed=9126|method=global_voi
0.05880686224498799,0.44587055130947306,shared_update_noise_by_environment_seed_round,congestion_resource,False,1.0160096268117853,0.5,2560.0,80,pivot_h,40,9126,,,congestion_resource|seed=9126|method=pivot_h
0.09008012358089978,0.5493680412440088,shared_update_noise_by_environment_seed_round,congestion_resource,False,1.034341267329463,0.45,2560.0,80,pivot_voi,40,9126,,,congestion_resource|seed=9126|method=pivot_voi
0.0,0.5117556728828013,shared_update_noise_by_environment_seed_round,congestion_resource,False,1.0340226928777794,0.45,10240.0,320,all_hf,40,9126,,,congestion_resource|seed=9126|method=all_hf
0.0053511377025027285,0.619426951897046,shared_update_noise_by_environment_seed_round,congestion_resource,False,1.029173853153756,0.45,0.0,0,proxy_only,40,9127,,,congestion_resource|seed=9127|method=proxy_only
0.07171673190230476,0.566834546998697,shared_update_noise_by_environment_seed_round,congestion_resource,False,1.0272429615691994,0.4,0.0,0,global_value,40,9127,,,congestion_resource|seed=9127|method=global_value
0.054742744445901215,0.6299974188238722,shared_update_noise_by_environment_seed_round,congestion_resource,False,1.0256860479448087,0.45,2560.0,80,random_hf,40,9127,,,congestion_resource|seed=9127|method=random_hf
0.05319496153844527,0.4165780386143242,shared_update_noise_by_environment_seed_round,congestion_resource,False,1.02840887218899,0.475,2560.0,80,top_proxy_hf,40,9127,,,congestion_resource|seed=9127|method=top_proxy_hf
0.09655390244349515,0.5062789360420186,shared_update_noise_by_environment_seed_round,congestion_resource,False,1.017354809512337,0.45,2560.0,80,uncertainty_hf,40,9127,,,congestion_resource|seed=9127|method=uncertainty_hf
0.20209748442990771,0.45072689045082326,shared_update_noise_by_environment_seed_round,congestion_resource,False,0.9781385597481745,0.45,2560.0,80,paired_lucb,40,9127,,,congestion_resource|seed=9127|method=paired_lucb
0.11024571375729975,0.45091286420538745,shared_update_noise_by_environment_seed_round,congestion_resource,False,1.0230073027145379,0.475,2560.0,80,global_voi,40,9127,,,congestion_resource|seed=9127|method=global_voi
0.060988483557325224,0.4538940938870185,shared_update_noise_by_environment_seed_round,congestion_resource,False,1.021868675195039,0.475,2560.0,80,pivot_h,40,9127,,,congestion_resource|seed=9127|method=pivot_h
0.06789841204657932,0.5346646573670675,shared_update_noise_by_environment_seed_round,congestion_resource,False,1.0326149374672815,0.45,2560.0,80,pivot_voi,40,9127,,,congestion_resource|seed=9127|method=pivot_voi
0.0,0.3720955265976218,shared_update_noise_by_environment_seed_round,congestion_resource,False,1.0050260182740431,0.475,10240.0,320,all_hf,40,9127,,,congestion_resource|seed=9127|method=all_hf
0.020985721279952463,0.532517147962955,shared_update_noise_by_environment_seed_round,congestion_resource,False,1.0044843649749284,0.45,0.0,0,proxy_only,40,9128,,,congestion_resource|seed=9128|method=proxy_only
0.08513715790407428,0.5032969406110595,shared_update_noise_by_environment_seed_round,congestion_resource,False,1.0196508705075338,0.4,0.0,0,global_value,40,9128,,,congestion_resource|seed=9128|method=global_value
0.18272370363149681,0.5796297691875554,shared_update_noise_by_environment_seed_round,congestion_resource,False,1.0097877430797342,0.425,2560.0,80,random_hf,40,9128,,,congestion_resource|seed=9128|method=random_hf
0.03208856306573338,0.5073569636168705,shared_update_noise_by_environment_seed_round,congestion_resource,False,0.9989483214984864,0.425,2560.0,80,top_proxy_hf,40,9128,,,congestion_resource|seed=9128|method=top_proxy_hf
0.041202230194430145,0.5997690350106143,shared_update_noise_by_environment_seed_round,congestion_resource,False,1.0105628708862004,0.375,2560.0,80,uncertainty_hf,40,9128,,,congestion_resource|seed=9128|method=uncertainty_hf
0.12222023320833697,0.5820177156612556,shared_update_noise_by_environment_seed_round,congestion_resource,False,1.0229793206428208,0.375,2560.0,80,paired_lucb,40,9128,,,congestion_resource|seed=9128|method=paired_lucb
0.09314127388723292,0.48449998836526664,shared_update_noise_by_environment_seed_round,congestion_resource,False,1.001055616861656,0.475,2560.0,80,global_voi,40,9128,,,congestion_resource|seed=9128|method=global_voi
0.05051550761010537,0.6049432528011814,shared_update_noise_by_environment_seed_round,congestion_resource,False,1.0184069424546585,0.375,2560.0,80,pivot_h,40,9128,,,congestion_resource|seed=9128|method=pivot_h
0.11919870304434221,0.5116849576168205,shared_update_noise_by_environment_seed_round,congestion_resource,False,1.0209764028888846,0.45,2560.0,80,pivot_voi,40,9128,,,congestion_resource|seed=9128|method=pivot_voi
0.0,0.5826754283095336,shared_update_noise_by_environment_seed_round,congestion_resource,False,1.0146833562545734,0.375,10240.0,320,all_hf,40,9128,,,congestion_resource|seed=9128|method=all_hf
0.03087746107017142,0.3225649904492407,shared_update_noise_by_environment_seed_round,congestion_resource,False,1.026145467659512,0.55,0.0,0,proxy_only,40,9129,,,congestion_resource|seed=9129|method=proxy_only
0.07428854218481451,0.4373930146464331,shared_update_noise_by_environment_seed_round,congestion_resource,False,1.0183487673374065,0.475,0.0,0,global_value,40,9129,,,congestion_resource|seed=9129|method=global_value
0.10019776035048189,0.3520196724195145,shared_update_noise_by_environment_seed_round,congestion_resource,False,1.0320229026220908,0.475,2560.0,80,random_hf,40,9129,,,congestion_resource|seed=9129|method=random_hf
0.043986072497407824,0.3819560589983917,shared_update_noise_by_environment_seed_round,congestion_resource,False,1.0164723178769257,0.475,2560.0,80,top_proxy_hf,40,9129,,,congestion_resource|seed=9129|method=top_proxy_hf
0.05683797647460875,0.40317421776631557,shared_update_noise_by_environment_seed_round,congestion_resource,False,1.026603334781039,0.475,2560.0,80,uncertainty_hf,40,9129,,,congestion_resource|seed=9129|method=uncertainty_hf
0.1338112871979129,0.49882511720279343,shared_update_noise_by_environment_seed_round,congestion_resource,False,1.0343191752381802,0.4,2560.0,80,paired_lucb,40,9129,,,congestion_resource|seed=9129|method=paired_lucb
0.13856676857562267,0.37053670941347705,shared_update_noise_by_environment_seed_round,congestion_resource,False,1.0247729778855745,0.5,2560.0,80,global_voi,40,9129,,,congestion_resource|seed=9129|method=global_voi
0.07771612695208696,0.400365061379244,shared_update_noise_by_environment_seed_round,congestion_resource,False,1.0301484477103549,0.5,2560.0,80,pivot_h,40,9129,,,congestion_resource|seed=9129|method=pivot_h
0.08630098359374427,0.48191894797740586,shared_update_noise_by_environment_seed_round,congestion_resource,False,0.9952530663102989,0.475,2560.0,80,pivot_voi,40,9129,,,congestion_resource|seed=9129|method=pivot_voi
0.0,0.35909502052113085,shared_update_noise_by_environment_seed_round,congestion_resource,False,1.0343710322941044,0.45,10240.0,320,all_hf,40,9129,,,congestion_resource|seed=9129|method=all_hf
0.028156310771085602,0.5231289321278872,shared_update_noise_by_environment_seed_round,congestion_resource,False,1.0023503039711676,0.425,0.0,0,proxy_only,40,9130,,,congestion_resource|seed=9130|method=proxy_only
0.11288094361643597,0.45260466213830275,shared_update_noise_by_environment_seed_round,congestion_resource,False,1.021557281466838,0.525,0.0,0,global_value,40,9130,,,congestion_resource|seed=9130|method=global_value
0.07701993393799444,0.3922500303621004,shared_update_noise_by_environment_seed_round,congestion_resource,False,1.0048306677147154,0.5,2560.0,80,random_hf,40,9130,,,congestion_resource|seed=9130|method=random_hf
0.05228186447345162,0.5581650800004235,shared_update_noise_by_environment_seed_round,congestion_resource,False,1.034210106967098,0.4,2560.0,80,top_proxy_hf,40,9130,,,congestion_resource|seed=9130|method=top_proxy_hf
0.06501756552153648,0.5814350470747295,shared_update_noise_by_environment_seed_round,congestion_resource,False,0.9986620324933511,0.425,2560.0,80,uncertainty_hf,40,9130,,,congestion_resource|seed=9130|method=uncertainty_hf
0.13465576830494708,0.44749490414382354,shared_update_noise_by_environment_seed_round,congestion_resource,False,1.0283708058489978,0.475,2560.0,80,paired_lucb,40,9130,,,congestion_resource|seed=9130|method=paired_lucb
0.10282754840780739,0.5381340989741208,shared_update_noise_by_environment_seed_round,congestion_resource,False,1.0131863105785952,0.425,2560.0,80,global_voi,40,9130,,,congestion_resource|seed=9130|method=global_voi
0.06830972973743554,0.5365761898600935,shared_update_noise_by_environment_seed_round,congestion_resource,False,1.00399142014708,0.45,2560.0,80,pivot_h,40,9130,,,congestion_resource|seed=9130|method=pivot_h
0.07943770281111018,0.6415893005112037,shared_update_noise_by_environment_seed_round,congestion_resource,False,1.0328933192005625,0.375,2560.0,80,pivot_voi,40,9130,,,congestion_resource|seed=9130|method=pivot_voi
0.0,0.6043480160193703,shared_update_noise_by_environment_seed_round,congestion_resource,False,1.0352184639138498,0.4,10240.0,320,all_hf,40,9130,,,congestion_resource|seed=9130|method=all_hf
0.0,75.23001623597885,,mpe2_frozen_external_null,True,,,,,proxy_only,,,HYPOTHESIS_NOT_SUPPORTED,772,
0.0,71.36279896224768,,mpe2_frozen_external_null,True,,,,,pivot_voi,,,HYPOTHESIS_NOT_SUPPORTED,772,
