root,type,adaptation,cap,method,selected,hf_queries,hf_episode_cost,gain,isr,stop_reason,queried
93100,equilibrator,1,8192,pivot_kg,8,1,8192.0,0.32705117370194914,0.0,budget_exhausted,[4]
93100,equilibrator,1,8192,pivot_kg_stop,8,1,8192.0,0.32705117370194914,0.0,budget_exhausted,[4]
93100,equilibrator,1,8192,uniform_v2,8,1,8192.0,0.32705117370194914,0.0,budget_exhausted,[6]
93100,equilibrator,1,8192,ivr_v2,8,1,8192.0,0.32705117370194914,0.0,budget_exhausted,[8]
93100,equilibrator,1,8192,lucb_v2,8,1,8192.0,0.32705117370194914,0.0,budget_exhausted,[8]
93100,equilibrator,1,,no_hf_v2,8,0,0.0,0.32705117370194914,0.0,no_hf_method,[]
93100,equilibrator,1,,proxy_only,8,0,0.0,0.32705117370194914,0.0,no_hf_method,[]
93100,equilibrator,1,8192,author_random_hf,8,1,8192.0,0.32705117370194914,0.0,batch,[1]
93100,equilibrator,1,8192,author_paired_lucb,8,1,8192.0,0.32705117370194914,0.0,batch,[8]
93100,equilibrator,1,8192,author_global_voi,8,1,8192.0,0.32705117370194914,0.0,batch,[0]
93100,equilibrator,1,8192,author_pivot_voi,8,1,8192.0,0.32705117370194914,0.0,batch,[0]
93100,equilibrator,1,16384,pivot_kg,8,2,16384.0,0.32705117370194914,0.0,budget_exhausted,"[4, 2]"
93100,equilibrator,1,16384,pivot_kg_stop,8,2,16384.0,0.32705117370194914,0.0,budget_exhausted,"[4, 7]"
93100,equilibrator,1,16384,uniform_v2,8,2,16384.0,0.32705117370194914,0.0,budget_exhausted,"[6, 4]"
93100,equilibrator,1,16384,ivr_v2,8,2,16384.0,0.32705117370194914,0.0,budget_exhausted,"[8, 7]"
93100,equilibrator,1,16384,lucb_v2,8,2,16384.0,0.32705117370194914,0.0,budget_exhausted,"[8, 7]"
93100,equilibrator,1,16384,author_random_hf,8,2,16384.0,0.32705117370194914,0.0,batch,"[1, 5]"
93100,equilibrator,1,16384,author_paired_lucb,8,2,16384.0,0.32705117370194914,0.0,batch,"[8, 7]"
93100,equilibrator,1,16384,author_global_voi,8,2,16384.0,0.32705117370194914,0.0,batch,"[0, 1]"
93100,equilibrator,1,16384,author_pivot_voi,8,2,16384.0,0.32705117370194914,0.0,batch,"[0, 1]"
93100,equilibrator,1,32768,pivot_kg,8,4,32768.0,0.32705117370194914,0.0,budget_exhausted,"[4, 2, 0, 8]"
93100,equilibrator,1,32768,pivot_kg_stop,8,4,32768.0,0.32705117370194914,0.0,budget_exhausted,"[4, 7, 1, 5]"
93100,equilibrator,1,32768,uniform_v2,8,4,32768.0,0.32705117370194914,0.0,budget_exhausted,"[6, 4, 5, 2]"
93100,equilibrator,1,32768,ivr_v2,8,4,32768.0,0.32705117370194914,0.0,budget_exhausted,"[8, 7, 6, 5]"
93100,equilibrator,1,32768,lucb_v2,8,4,32768.0,0.32705117370194914,0.0,budget_exhausted,"[8, 7, 6, 5]"
93100,equilibrator,1,32768,author_random_hf,8,4,32768.0,0.32705117370194914,0.0,batch,"[1, 5, 0, 7]"
93100,equilibrator,1,32768,author_paired_lucb,8,4,32768.0,0.32705117370194914,0.0,batch,"[8, 7, 6, 5]"
93100,equilibrator,1,32768,author_global_voi,8,4,32768.0,0.32705117370194914,0.0,batch,"[0, 1, 2, 3]"
93100,equilibrator,1,32768,author_pivot_voi,8,4,32768.0,0.32705117370194914,0.0,batch,"[0, 1, 2, 3]"
93100,equilibrator,1,,all_hf_reference,8,9,73728.0,0.32705117370194914,0.0,all,"[0, 1, 2, 3, 4, 5, 6, 7, 8]"
93100,equilibrator,8,8192,pivot_kg,8,1,8192.0,0.06708027866171773,0.0,budget_exhausted,[8]
93100,equilibrator,8,8192,pivot_kg_stop,8,1,8192.0,0.06708027866171773,0.0,budget_exhausted,[8]
93100,equilibrator,8,8192,uniform_v2,8,1,8192.0,0.06708027866171773,0.0,budget_exhausted,[6]
93100,equilibrator,8,8192,ivr_v2,8,1,8192.0,0.06708027866171773,0.0,budget_exhausted,[8]
93100,equilibrator,8,8192,lucb_v2,8,1,8192.0,0.06708027866171773,0.0,budget_exhausted,[8]
93100,equilibrator,8,,no_hf_v2,8,0,0.0,0.06708027866171773,0.0,no_hf_method,[]
93100,equilibrator,8,,proxy_only,8,0,0.0,0.06708027866171773,0.0,no_hf_method,[]
93100,equilibrator,8,8192,author_random_hf,8,1,8192.0,0.06708027866171773,0.0,batch,[1]
93100,equilibrator,8,8192,author_paired_lucb,5,1,8192.0,0.04811390841502444,0.018966370246693287,batch,[4]
93100,equilibrator,8,8192,author_global_voi,4,1,8192.0,0.040141455865739806,0.026938822795977924,batch,[0]
93100,equilibrator,8,8192,author_pivot_voi,4,1,8192.0,0.040141455865739806,0.026938822795977924,batch,[0]
93100,equilibrator,8,16384,pivot_kg,8,2,16384.0,0.06708027866171773,0.0,budget_exhausted,"[8, 7]"
93100,equilibrator,8,16384,pivot_kg_stop,8,2,16384.0,0.06708027866171773,0.0,budget_exhausted,"[8, 7]"
93100,equilibrator,8,16384,uniform_v2,8,2,16384.0,0.06708027866171773,0.0,budget_exhausted,"[6, 4]"
93100,equilibrator,8,16384,ivr_v2,8,2,16384.0,0.06708027866171773,0.0,budget_exhausted,"[8, 7]"
93100,equilibrator,8,16384,lucb_v2,8,2,16384.0,0.06708027866171773,0.0,budget_exhausted,"[8, 7]"
93100,equilibrator,8,16384,author_random_hf,8,2,16384.0,0.06708027866171773,0.0,batch,"[1, 5]"
93100,equilibrator,8,16384,author_paired_lucb,6,2,16384.0,0.05526119639744903,0.011819082264268699,batch,"[4, 5]"
93100,equilibrator,8,16384,author_global_voi,4,2,16384.0,0.040141455865739806,0.026938822795977924,batch,"[0, 1]"
93100,equilibrator,8,16384,author_pivot_voi,4,2,16384.0,0.040141455865739806,0.026938822795977924,batch,"[0, 1]"
93100,equilibrator,8,32768,pivot_kg,8,4,32768.0,0.06708027866171773,0.0,budget_exhausted,"[8, 7, 6, 5]"
93100,equilibrator,8,32768,pivot_kg_stop,8,4,32768.0,0.06708027866171773,0.0,budget_exhausted,"[8, 7, 6, 3]"
93100,equilibrator,8,32768,uniform_v2,8,4,32768.0,0.06708027866171773,0.0,budget_exhausted,"[6, 4, 5, 2]"
93100,equilibrator,8,32768,ivr_v2,8,4,32768.0,0.06708027866171773,0.0,budget_exhausted,"[8, 7, 6, 5]"
93100,equilibrator,8,32768,lucb_v2,8,4,32768.0,0.06708027866171773,0.0,budget_exhausted,"[8, 7, 6, 5]"
93100,equilibrator,8,32768,author_random_hf,8,4,32768.0,0.06708027866171773,0.0,batch,"[1, 5, 0, 7]"
93100,equilibrator,8,32768,author_paired_lucb,3,4,32768.0,0.031343838749595065,0.035736439912122664,batch,"[4, 5, 6, 7]"
93100,equilibrator,8,32768,author_global_voi,4,4,32768.0,0.040141455865739806,0.026938822795977924,batch,"[0, 1, 2, 3]"
93100,equilibrator,8,32768,author_pivot_voi,4,4,32768.0,0.040141455865739806,0.026938822795977924,batch,"[0, 1, 2, 3]"
93100,equilibrator,8,,all_hf_reference,5,9,73728.0,0.04811390841502444,0.018966370246693287,all,"[0, 1, 2, 3, 4, 5, 6, 7, 8]"
93101,exploiter,1,8192,pivot_kg,8,1,8192.0,0.29882935401511856,0.0,budget_exhausted,[1]
93101,exploiter,1,8192,pivot_kg_stop,8,0,0.0,0.29882935401511856,0.0,selection_probability,[]
93101,exploiter,1,8192,uniform_v2,8,1,8192.0,0.29882935401511856,0.0,budget_exhausted,[8]
93101,exploiter,1,8192,ivr_v2,8,1,8192.0,0.29882935401511856,0.0,budget_exhausted,[8]
93101,exploiter,1,8192,lucb_v2,8,1,8192.0,0.29882935401511856,0.0,budget_exhausted,[8]
93101,exploiter,1,,no_hf_v2,8,0,0.0,0.29882935401511856,0.0,no_hf_method,[]
93101,exploiter,1,,proxy_only,8,0,0.0,0.29882935401511856,0.0,no_hf_method,[]
93101,exploiter,1,8192,author_random_hf,7,1,8192.0,0.2652467205231814,0.033582633491937186,batch,[8]
93101,exploiter,1,8192,author_paired_lucb,7,1,8192.0,0.2652467205231814,0.033582633491937186,batch,[8]
93101,exploiter,1,8192,author_global_voi,8,1,8192.0,0.29882935401511856,0.0,batch,[0]
93101,exploiter,1,8192,author_pivot_voi,8,1,8192.0,0.29882935401511856,0.0,batch,[0]
93101,exploiter,1,16384,pivot_kg,8,2,16384.0,0.29882935401511856,0.0,budget_exhausted,"[1, 4]"
93101,exploiter,1,16384,pivot_kg_stop,8,0,0.0,0.29882935401511856,0.0,selection_probability,[]
93101,exploiter,1,16384,uniform_v2,8,2,16384.0,0.29882935401511856,0.0,budget_exhausted,"[8, 4]"
93101,exploiter,1,16384,ivr_v2,8,2,16384.0,0.29882935401511856,0.0,budget_exhausted,"[8, 7]"
93101,exploiter,1,16384,lucb_v2,8,2,16384.0,0.29882935401511856,0.0,budget_exhausted,"[8, 7]"
93101,exploiter,1,16384,author_random_hf,7,2,16384.0,0.2652467205231814,0.033582633491937186,batch,"[8, 0]"
93101,exploiter,1,16384,author_paired_lucb,8,2,16384.0,0.29882935401511856,0.0,batch,"[8, 7]"
93101,exploiter,1,16384,author_global_voi,8,2,16384.0,0.29882935401511856,0.0,batch,"[0, 1]"
93101,exploiter,1,16384,author_pivot_voi,8,2,16384.0,0.29882935401511856,0.0,batch,"[0, 1]"
93101,exploiter,1,32768,pivot_kg,8,4,32768.0,0.29882935401511856,0.0,budget_exhausted,"[1, 4, 8, 0]"
93101,exploiter,1,32768,pivot_kg_stop,8,0,0.0,0.29882935401511856,0.0,selection_probability,[]
93101,exploiter,1,32768,uniform_v2,8,4,32768.0,0.29882935401511856,0.0,budget_exhausted,"[8, 4, 0, 7]"
93101,exploiter,1,32768,ivr_v2,8,4,32768.0,0.29882935401511856,0.0,budget_exhausted,"[8, 7, 6, 5]"
93101,exploiter,1,32768,lucb_v2,8,4,32768.0,0.29882935401511856,0.0,budget_exhausted,"[8, 7, 6, 5]"
93101,exploiter,1,32768,author_random_hf,7,4,32768.0,0.2652467205231814,0.033582633491937186,batch,"[8, 0, 6, 3]"
93101,exploiter,1,32768,author_paired_lucb,8,4,32768.0,0.29882935401511856,0.0,batch,"[8, 7, 6, 5]"
93101,exploiter,1,32768,author_global_voi,8,4,32768.0,0.29882935401511856,0.0,batch,"[0, 1, 2, 3]"
93101,exploiter,1,32768,author_pivot_voi,8,4,32768.0,0.29882935401511856,0.0,batch,"[0, 1, 2, 3]"
93101,exploiter,1,,all_hf_reference,8,9,73728.0,0.29882935401511856,0.0,all,"[0, 1, 2, 3, 4, 5, 6, 7, 8]"
93101,exploiter,8,8192,pivot_kg,8,1,8192.0,-0.20614117891829925,0.20614117891829925,budget_exhausted,[8]
93101,exploiter,8,8192,pivot_kg_stop,8,1,8192.0,-0.20614117891829925,0.20614117891829925,budget_exhausted,[8]
93101,exploiter,8,8192,uniform_v2,8,1,8192.0,-0.20614117891829925,0.20614117891829925,budget_exhausted,[8]
93101,exploiter,8,8192,ivr_v2,8,1,8192.0,-0.20614117891829925,0.20614117891829925,budget_exhausted,[8]
93101,exploiter,8,8192,lucb_v2,8,1,8192.0,-0.20614117891829925,0.20614117891829925,budget_exhausted,[8]
93101,exploiter,8,,no_hf_v2,8,0,0.0,-0.20614117891829925,0.20614117891829925,no_hf_method,[]
93101,exploiter,8,,proxy_only,8,0,0.0,-0.20614117891829925,0.20614117891829925,no_hf_method,[]
93101,exploiter,8,8192,author_random_hf,7,1,8192.0,-0.18466001262367848,0.18466001262367848,batch,[8]
93101,exploiter,8,8192,author_paired_lucb,5,1,8192.0,-0.13801657248605897,0.13801657248605897,batch,[4]
93101,exploiter,8,8192,author_global_voi,4,1,8192.0,-0.11285429864306046,0.11285429864306046,batch,[0]
93101,exploiter,8,8192,author_pivot_voi,4,1,8192.0,-0.11285429864306046,0.11285429864306046,batch,[0]
93101,exploiter,8,16384,pivot_kg,8,2,16384.0,-0.20614117891829925,0.20614117891829925,budget_exhausted,"[8, 7]"
93101,exploiter,8,16384,pivot_kg_stop,8,2,16384.0,-0.20614117891829925,0.20614117891829925,budget_exhausted,"[8, 7]"
93101,exploiter,8,16384,uniform_v2,8,2,16384.0,-0.20614117891829925,0.20614117891829925,budget_exhausted,"[8, 4]"
93101,exploiter,8,16384,ivr_v2,8,2,16384.0,-0.20614117891829925,0.20614117891829925,budget_exhausted,"[8, 7]"
93101,exploiter,8,16384,lucb_v2,8,2,16384.0,-0.20614117891829925,0.20614117891829925,budget_exhausted,"[8, 7]"
93101,exploiter,8,16384,author_random_hf,7,2,16384.0,-0.18466001262367848,0.18466001262367848,batch,"[8, 0]"
93101,exploiter,8,16384,author_paired_lucb,6,2,16384.0,-0.16195181047959845,0.16195181047959845,batch,"[4, 5]"
93101,exploiter,8,16384,author_global_voi,4,2,16384.0,-0.11285429864306046,0.11285429864306046,batch,"[0, 1]"
93101,exploiter,8,16384,author_pivot_voi,4,2,16384.0,-0.11285429864306046,0.11285429864306046,batch,"[0, 1]"
93101,exploiter,8,32768,pivot_kg,8,4,32768.0,-0.20614117891829925,0.20614117891829925,budget_exhausted,"[8, 7, 6, 0]"
93101,exploiter,8,32768,pivot_kg_stop,8,4,32768.0,-0.20614117891829925,0.20614117891829925,budget_exhausted,"[8, 7, 6, 4]"
93101,exploiter,8,32768,uniform_v2,8,4,32768.0,-0.20614117891829925,0.20614117891829925,budget_exhausted,"[8, 4, 0, 7]"
93101,exploiter,8,32768,ivr_v2,8,4,32768.0,-0.20614117891829925,0.20614117891829925,budget_exhausted,"[8, 7, 6, 5]"
93101,exploiter,8,32768,lucb_v2,8,4,32768.0,-0.20614117891829925,0.20614117891829925,budget_exhausted,"[8, 7, 6, 5]"
93101,exploiter,8,32768,author_random_hf,7,4,32768.0,-0.18466001262367848,0.18466001262367848,batch,"[8, 0, 6, 3]"
93101,exploiter,8,32768,author_paired_lucb,8,4,32768.0,-0.20614117891829925,0.20614117891829925,batch,"[4, 5, 6, 7]"
93101,exploiter,8,32768,author_global_voi,4,4,32768.0,-0.11285429864306046,0.11285429864306046,batch,"[0, 1, 2, 3]"
93101,exploiter,8,32768,author_pivot_voi,4,4,32768.0,-0.11285429864306046,0.11285429864306046,batch,"[0, 1, 2, 3]"
93101,exploiter,8,,all_hf_reference,0,9,73728.0,0.0,0.0,all,"[0, 1, 2, 3, 4, 5, 6, 7, 8]"
93102,equilibrator,1,8192,pivot_kg,8,1,8192.0,0.3209921573230414,0.0,budget_exhausted,[1]
93102,equilibrator,1,8192,pivot_kg_stop,8,1,8192.0,0.3209921573230414,0.0,budget_exhausted,[1]
93102,equilibrator,1,8192,uniform_v2,8,1,8192.0,0.3209921573230414,0.0,budget_exhausted,[2]
93102,equilibrator,1,8192,ivr_v2,8,1,8192.0,0.3209921573230414,0.0,budget_exhausted,[8]
93102,equilibrator,1,8192,lucb_v2,8,1,8192.0,0.3209921573230414,0.0,budget_exhausted,[8]
93102,equilibrator,1,,no_hf_v2,8,0,0.0,0.3209921573230414,0.0,no_hf_method,[]
93102,equilibrator,1,,proxy_only,8,0,0.0,0.3209921573230414,0.0,no_hf_method,[]
93102,equilibrator,1,8192,author_random_hf,8,1,8192.0,0.3209921573230414,0.0,batch,[1]
93102,equilibrator,1,8192,author_paired_lucb,8,1,8192.0,0.3209921573230414,0.0,batch,[8]
93102,equilibrator,1,8192,author_global_voi,8,1,8192.0,0.3209921573230414,0.0,batch,[0]
93102,equilibrator,1,8192,author_pivot_voi,8,1,8192.0,0.3209921573230414,0.0,batch,[0]
93102,equilibrator,1,16384,pivot_kg,8,2,16384.0,0.3209921573230414,0.0,budget_exhausted,"[1, 3]"
93102,equilibrator,1,16384,pivot_kg_stop,8,2,16384.0,0.3209921573230414,0.0,budget_exhausted,"[1, 4]"
93102,equilibrator,1,16384,uniform_v2,8,2,16384.0,0.3209921573230414,0.0,budget_exhausted,"[2, 5]"
93102,equilibrator,1,16384,ivr_v2,8,2,16384.0,0.3209921573230414,0.0,budget_exhausted,"[8, 7]"
93102,equilibrator,1,16384,lucb_v2,8,2,16384.0,0.3209921573230414,0.0,budget_exhausted,"[8, 7]"
93102,equilibrator,1,16384,author_random_hf,8,2,16384.0,0.3209921573230414,0.0,batch,"[1, 7]"
93102,equilibrator,1,16384,author_paired_lucb,8,2,16384.0,0.3209921573230414,0.0,batch,"[8, 7]"
93102,equilibrator,1,16384,author_global_voi,8,2,16384.0,0.3209921573230414,0.0,batch,"[0, 1]"
93102,equilibrator,1,16384,author_pivot_voi,8,2,16384.0,0.3209921573230414,0.0,batch,"[0, 1]"
93102,equilibrator,1,32768,pivot_kg,8,4,32768.0,0.3209921573230414,0.0,budget_exhausted,"[1, 3, 8, 0]"
93102,equilibrator,1,32768,pivot_kg_stop,8,4,32768.0,0.3209921573230414,0.0,budget_exhausted,"[1, 4, 2, 6]"
93102,equilibrator,1,32768,uniform_v2,8,4,32768.0,0.3209921573230414,0.0,budget_exhausted,"[2, 5, 7, 8]"
93102,equilibrator,1,32768,ivr_v2,8,4,32768.0,0.3209921573230414,0.0,budget_exhausted,"[8, 7, 6, 5]"
93102,equilibrator,1,32768,lucb_v2,8,4,32768.0,0.3209921573230414,0.0,budget_exhausted,"[8, 7, 6, 5]"
93102,equilibrator,1,32768,author_random_hf,8,4,32768.0,0.3209921573230414,0.0,batch,"[1, 7, 2, 8]"
93102,equilibrator,1,32768,author_paired_lucb,8,4,32768.0,0.3209921573230414,0.0,batch,"[8, 7, 6, 5]"
93102,equilibrator,1,32768,author_global_voi,8,4,32768.0,0.3209921573230414,0.0,batch,"[0, 1, 2, 3]"
93102,equilibrator,1,32768,author_pivot_voi,8,4,32768.0,0.3209921573230414,0.0,batch,"[0, 1, 2, 3]"
93102,equilibrator,1,,all_hf_reference,8,9,73728.0,0.3209921573230414,0.0,all,"[0, 1, 2, 3, 4, 5, 6, 7, 8]"
93102,equilibrator,8,8192,pivot_kg,8,1,8192.0,0.06513789683311916,0.0,budget_exhausted,[8]
93102,equilibrator,8,8192,pivot_kg_stop,8,1,8192.0,0.06513789683311916,0.0,budget_exhausted,[8]
93102,equilibrator,8,8192,uniform_v2,8,1,8192.0,0.06513789683311916,0.0,budget_exhausted,[2]
93102,equilibrator,8,8192,ivr_v2,8,1,8192.0,0.06513789683311916,0.0,budget_exhausted,[8]
93102,equilibrator,8,8192,lucb_v2,8,1,8192.0,0.06513789683311916,0.0,budget_exhausted,[8]
93102,equilibrator,8,,no_hf_v2,8,0,0.0,0.06513789683311916,0.0,no_hf_method,[]
93102,equilibrator,8,,proxy_only,8,0,0.0,0.06513789683311916,0.0,no_hf_method,[]
93102,equilibrator,8,8192,author_random_hf,8,1,8192.0,0.06513789683311916,0.0,batch,[1]
93102,equilibrator,8,8192,author_paired_lucb,5,1,8192.0,0.04373291630630727,0.02140498052681189,batch,[4]
93102,equilibrator,8,8192,author_global_voi,4,1,8192.0,0.035792127921207784,0.029345768911911374,batch,[0]
93102,equilibrator,8,8192,author_pivot_voi,4,1,8192.0,0.035792127921207784,0.029345768911911374,batch,[0]
93102,equilibrator,8,16384,pivot_kg,8,2,16384.0,0.06513789683311916,0.0,budget_exhausted,"[8, 7]"
93102,equilibrator,8,16384,pivot_kg_stop,8,2,16384.0,0.06513789683311916,0.0,budget_exhausted,"[8, 7]"
93102,equilibrator,8,16384,uniform_v2,8,2,16384.0,0.06513789683311916,0.0,budget_exhausted,"[2, 5]"
93102,equilibrator,8,16384,ivr_v2,8,2,16384.0,0.06513789683311916,0.0,budget_exhausted,"[8, 7]"
93102,equilibrator,8,16384,lucb_v2,8,2,16384.0,0.06513789683311916,0.0,budget_exhausted,"[8, 7]"
93102,equilibrator,8,16384,author_random_hf,8,2,16384.0,0.06513789683311916,0.0,batch,"[1, 7]"
93102,equilibrator,8,16384,author_paired_lucb,6,2,16384.0,0.05127080725332572,0.013867089579793435,batch,"[4, 5]"
93102,equilibrator,8,16384,author_global_voi,4,2,16384.0,0.035792127921207784,0.029345768911911374,batch,"[0, 1]"
93102,equilibrator,8,16384,author_pivot_voi,4,2,16384.0,0.035792127921207784,0.029345768911911374,batch,"[0, 1]"
93102,equilibrator,8,32768,pivot_kg,8,4,32768.0,0.06513789683311916,0.0,budget_exhausted,"[8, 7, 6, 0]"
93102,equilibrator,8,32768,pivot_kg_stop,8,4,32768.0,0.06513789683311916,0.0,budget_exhausted,"[8, 7, 6, 3]"
93102,equilibrator,8,32768,uniform_v2,8,4,32768.0,0.06513789683311916,0.0,budget_exhausted,"[2, 5, 7, 8]"
93102,equilibrator,8,32768,ivr_v2,8,4,32768.0,0.06513789683311916,0.0,budget_exhausted,"[8, 7, 6, 5]"
93102,equilibrator,8,32768,lucb_v2,8,4,32768.0,0.06513789683311916,0.0,budget_exhausted,"[8, 7, 6, 5]"
93102,equilibrator,8,32768,author_random_hf,6,4,32768.0,0.05127080725332572,0.013867089579793435,batch,"[1, 7, 2, 8]"
93102,equilibrator,8,32768,author_paired_lucb,3,4,32768.0,0.027448442098027492,0.037689454735091665,batch,"[4, 5, 6, 7]"
93102,equilibrator,8,32768,author_global_voi,4,4,32768.0,0.035792127921207784,0.029345768911911374,batch,"[0, 1, 2, 3]"
93102,equilibrator,8,32768,author_pivot_voi,4,4,32768.0,0.035792127921207784,0.029345768911911374,batch,"[0, 1, 2, 3]"
93102,equilibrator,8,,all_hf_reference,8,9,73728.0,0.06513789683311916,0.0,all,"[0, 1, 2, 3, 4, 5, 6, 7, 8]"
93103,exploiter,1,8192,pivot_kg,8,1,8192.0,0.6778735111456542,0.0,budget_exhausted,[0]
93103,exploiter,1,8192,pivot_kg_stop,8,0,0.0,0.6778735111456542,0.0,selection_probability,[]
93103,exploiter,1,8192,uniform_v2,8,1,8192.0,0.6778735111456542,0.0,budget_exhausted,[0]
93103,exploiter,1,8192,ivr_v2,8,1,8192.0,0.6778735111456542,0.0,budget_exhausted,[8]
93103,exploiter,1,8192,lucb_v2,8,1,8192.0,0.6778735111456542,0.0,budget_exhausted,[8]
93103,exploiter,1,,no_hf_v2,8,0,0.0,0.6778735111456542,0.0,no_hf_method,[]
93103,exploiter,1,,proxy_only,8,0,0.0,0.6778735111456542,0.0,no_hf_method,[]
93103,exploiter,1,8192,author_random_hf,8,1,8192.0,0.6778735111456542,0.0,batch,[0]
93103,exploiter,1,8192,author_paired_lucb,7,1,8192.0,0.5962440098355299,0.08162950131012425,batch,[8]
93103,exploiter,1,8192,author_global_voi,8,1,8192.0,0.6778735111456542,0.0,batch,[0]
93103,exploiter,1,8192,author_pivot_voi,8,1,8192.0,0.6778735111456542,0.0,batch,[0]
93103,exploiter,1,16384,pivot_kg,8,2,16384.0,0.6778735111456542,0.0,budget_exhausted,"[0, 3]"
93103,exploiter,1,16384,pivot_kg_stop,8,0,0.0,0.6778735111456542,0.0,selection_probability,[]
93103,exploiter,1,16384,uniform_v2,8,2,16384.0,0.6778735111456542,0.0,budget_exhausted,"[0, 7]"
93103,exploiter,1,16384,ivr_v2,8,2,16384.0,0.6778735111456542,0.0,budget_exhausted,"[8, 7]"
93103,exploiter,1,16384,lucb_v2,8,2,16384.0,0.6778735111456542,0.0,budget_exhausted,"[8, 7]"
93103,exploiter,1,16384,author_random_hf,7,2,16384.0,0.5962440098355299,0.08162950131012425,batch,"[0, 8]"
93103,exploiter,1,16384,author_paired_lucb,8,2,16384.0,0.6778735111456542,0.0,batch,"[8, 7]"
93103,exploiter,1,16384,author_global_voi,8,2,16384.0,0.6778735111456542,0.0,batch,"[0, 1]"
93103,exploiter,1,16384,author_pivot_voi,8,2,16384.0,0.6778735111456542,0.0,batch,"[0, 1]"
93103,exploiter,1,32768,pivot_kg,8,4,32768.0,0.6778735111456542,0.0,budget_exhausted,"[0, 3, 7, 4]"
93103,exploiter,1,32768,pivot_kg_stop,8,0,0.0,0.6778735111456542,0.0,selection_probability,[]
93103,exploiter,1,32768,uniform_v2,8,4,32768.0,0.6778735111456542,0.0,budget_exhausted,"[0, 7, 5, 4]"
93103,exploiter,1,32768,ivr_v2,8,4,32768.0,0.6778735111456542,0.0,budget_exhausted,"[8, 7, 6, 5]"
93103,exploiter,1,32768,lucb_v2,8,4,32768.0,0.6778735111456542,0.0,budget_exhausted,"[8, 7, 6, 5]"
93103,exploiter,1,32768,author_random_hf,8,4,32768.0,0.6778735111456542,0.0,batch,"[0, 8, 7, 3]"
93103,exploiter,1,32768,author_paired_lucb,8,4,32768.0,0.6778735111456542,0.0,batch,"[8, 7, 6, 5]"
93103,exploiter,1,32768,author_global_voi,8,4,32768.0,0.6778735111456542,0.0,batch,"[0, 1, 2, 3]"
93103,exploiter,1,32768,author_pivot_voi,8,4,32768.0,0.6778735111456542,0.0,batch,"[0, 1, 2, 3]"
93103,exploiter,1,,all_hf_reference,8,9,73728.0,0.6778735111456542,0.0,all,"[0, 1, 2, 3, 4, 5, 6, 7, 8]"
93103,exploiter,8,8192,pivot_kg,8,1,8192.0,0.028608845257753368,0.0,budget_exhausted,[8]
93103,exploiter,8,8192,pivot_kg_stop,8,1,8192.0,0.028608845257753368,0.0,budget_exhausted,[8]
93103,exploiter,8,8192,uniform_v2,8,1,8192.0,0.028608845257753368,0.0,budget_exhausted,[0]
93103,exploiter,8,8192,ivr_v2,8,1,8192.0,0.028608845257753368,0.0,budget_exhausted,[8]
93103,exploiter,8,8192,lucb_v2,8,1,8192.0,0.028608845257753368,0.0,budget_exhausted,[8]
93103,exploiter,8,,no_hf_v2,8,0,0.0,0.028608845257753368,0.0,no_hf_method,[]
93103,exploiter,8,,proxy_only,8,0,0.0,0.028608845257753368,0.0,no_hf_method,[]
93103,exploiter,8,8192,author_random_hf,8,1,8192.0,0.028608845257753368,0.0,batch,[0]
93103,exploiter,8,8192,author_paired_lucb,7,1,8192.0,0.020532642572045068,0.0080762026857083,batch,[8]
93103,exploiter,8,8192,author_global_voi,8,1,8192.0,0.028608845257753368,0.0,batch,[0]
93103,exploiter,8,8192,author_pivot_voi,8,1,8192.0,0.028608845257753368,0.0,batch,[0]
93103,exploiter,8,16384,pivot_kg,8,2,16384.0,0.028608845257753368,0.0,budget_exhausted,"[8, 7]"
93103,exploiter,8,16384,pivot_kg_stop,8,2,16384.0,0.028608845257753368,0.0,budget_exhausted,"[8, 7]"
93103,exploiter,8,16384,uniform_v2,8,2,16384.0,0.028608845257753368,0.0,budget_exhausted,"[0, 7]"
93103,exploiter,8,16384,ivr_v2,8,2,16384.0,0.028608845257753368,0.0,budget_exhausted,"[8, 7]"
93103,exploiter,8,16384,lucb_v2,8,2,16384.0,0.028608845257753368,0.0,budget_exhausted,"[8, 7]"
93103,exploiter,8,16384,author_random_hf,7,2,16384.0,0.020532642572045068,0.0080762026857083,batch,"[0, 8]"
93103,exploiter,8,16384,author_paired_lucb,6,2,16384.0,0.013744508866745386,0.014864336391007982,batch,"[8, 7]"
93103,exploiter,8,16384,author_global_voi,8,2,16384.0,0.028608845257753368,0.0,batch,"[0, 1]"
93103,exploiter,8,16384,author_pivot_voi,8,2,16384.0,0.028608845257753368,0.0,batch,"[0, 1]"
93103,exploiter,8,32768,pivot_kg,8,4,32768.0,0.028608845257753368,0.0,budget_exhausted,"[8, 7, 5, 2]"
93103,exploiter,8,32768,pivot_kg_stop,8,4,32768.0,0.028608845257753368,0.0,budget_exhausted,"[8, 7, 1, 6]"
93103,exploiter,8,32768,uniform_v2,8,4,32768.0,0.028608845257753368,0.0,budget_exhausted,"[0, 7, 5, 4]"
93103,exploiter,8,32768,ivr_v2,8,4,32768.0,0.028608845257753368,0.0,budget_exhausted,"[8, 7, 6, 5]"
93103,exploiter,8,32768,lucb_v2,8,4,32768.0,0.028608845257753368,0.0,budget_exhausted,"[8, 7, 6, 5]"
93103,exploiter,8,32768,author_random_hf,6,4,32768.0,0.013744508866745386,0.014864336391007982,batch,"[0, 8, 7, 3]"
93103,exploiter,8,32768,author_paired_lucb,4,4,32768.0,0.004032448397371657,0.02457639686038171,batch,"[8, 7, 6, 5]"
93103,exploiter,8,32768,author_global_voi,8,4,32768.0,0.028608845257753368,0.0,batch,"[0, 1, 2, 3]"
93103,exploiter,8,32768,author_pivot_voi,8,4,32768.0,0.028608845257753368,0.0,batch,"[0, 1, 2, 3]"
93103,exploiter,8,,all_hf_reference,8,9,73728.0,0.028608845257753368,0.0,all,"[0, 1, 2, 3, 4, 5, 6, 7, 8]"
93104,equilibrator,1,8192,pivot_kg,8,1,8192.0,0.28229404352038684,0.0,budget_exhausted,[8]
93104,equilibrator,1,8192,pivot_kg_stop,8,1,8192.0,0.28229404352038684,0.0,budget_exhausted,[8]
93104,equilibrator,1,8192,uniform_v2,8,1,8192.0,0.28229404352038684,0.0,budget_exhausted,[0]
93104,equilibrator,1,8192,ivr_v2,8,1,8192.0,0.28229404352038684,0.0,budget_exhausted,[8]
93104,equilibrator,1,8192,lucb_v2,8,1,8192.0,0.28229404352038684,0.0,budget_exhausted,[8]
93104,equilibrator,1,,no_hf_v2,8,0,0.0,0.28229404352038684,0.0,no_hf_method,[]
93104,equilibrator,1,,proxy_only,8,0,0.0,0.28229404352038684,0.0,no_hf_method,[]
93104,equilibrator,1,8192,author_random_hf,8,1,8192.0,0.28229404352038684,0.0,batch,[7]
93104,equilibrator,1,8192,author_paired_lucb,8,1,8192.0,0.28229404352038684,0.0,batch,[8]
93104,equilibrator,1,8192,author_global_voi,8,1,8192.0,0.28229404352038684,0.0,batch,[0]
93104,equilibrator,1,8192,author_pivot_voi,8,1,8192.0,0.28229404352038684,0.0,batch,[0]
93104,equilibrator,1,16384,pivot_kg,8,2,16384.0,0.28229404352038684,0.0,budget_exhausted,"[8, 4]"
93104,equilibrator,1,16384,pivot_kg_stop,8,2,16384.0,0.28229404352038684,0.0,budget_exhausted,"[8, 7]"
93104,equilibrator,1,16384,uniform_v2,8,2,16384.0,0.28229404352038684,0.0,budget_exhausted,"[0, 4]"
93104,equilibrator,1,16384,ivr_v2,8,2,16384.0,0.28229404352038684,0.0,budget_exhausted,"[8, 7]"
93104,equilibrator,1,16384,lucb_v2,8,2,16384.0,0.28229404352038684,0.0,budget_exhausted,"[8, 7]"
93104,equilibrator,1,16384,author_random_hf,8,2,16384.0,0.28229404352038684,0.0,batch,"[7, 6]"
93104,equilibrator,1,16384,author_paired_lucb,8,2,16384.0,0.28229404352038684,0.0,batch,"[8, 7]"
93104,equilibrator,1,16384,author_global_voi,8,2,16384.0,0.28229404352038684,0.0,batch,"[0, 1]"
93104,equilibrator,1,16384,author_pivot_voi,8,2,16384.0,0.28229404352038684,0.0,batch,"[0, 1]"
93104,equilibrator,1,32768,pivot_kg,8,4,32768.0,0.28229404352038684,0.0,budget_exhausted,"[8, 4, 2, 0]"
93104,equilibrator,1,32768,pivot_kg_stop,8,4,32768.0,0.28229404352038684,0.0,budget_exhausted,"[8, 7, 0, 5]"
93104,equilibrator,1,32768,uniform_v2,8,4,32768.0,0.28229404352038684,0.0,budget_exhausted,"[0, 4, 3, 7]"
93104,equilibrator,1,32768,ivr_v2,8,4,32768.0,0.28229404352038684,0.0,budget_exhausted,"[8, 7, 6, 5]"
93104,equilibrator,1,32768,lucb_v2,8,4,32768.0,0.28229404352038684,0.0,budget_exhausted,"[8, 7, 6, 5]"
93104,equilibrator,1,32768,author_random_hf,8,4,32768.0,0.28229404352038684,0.0,batch,"[7, 6, 0, 8]"
93104,equilibrator,1,32768,author_paired_lucb,8,4,32768.0,0.28229404352038684,0.0,batch,"[8, 7, 6, 5]"
93104,equilibrator,1,32768,author_global_voi,8,4,32768.0,0.28229404352038684,0.0,batch,"[0, 1, 2, 3]"
93104,equilibrator,1,32768,author_pivot_voi,8,4,32768.0,0.28229404352038684,0.0,batch,"[0, 1, 2, 3]"
93104,equilibrator,1,,all_hf_reference,8,9,73728.0,0.28229404352038684,0.0,all,"[0, 1, 2, 3, 4, 5, 6, 7, 8]"
93104,equilibrator,8,8192,pivot_kg,8,1,8192.0,0.09047517908613611,0.0,budget_exhausted,[8]
93104,equilibrator,8,8192,pivot_kg_stop,8,1,8192.0,0.09047517908613611,0.0,budget_exhausted,[8]
93104,equilibrator,8,8192,uniform_v2,8,1,8192.0,0.09047517908613611,0.0,budget_exhausted,[0]
93104,equilibrator,8,8192,ivr_v2,8,1,8192.0,0.09047517908613611,0.0,budget_exhausted,[8]
93104,equilibrator,8,8192,lucb_v2,8,1,8192.0,0.09047517908613611,0.0,budget_exhausted,[8]
93104,equilibrator,8,,no_hf_v2,8,0,0.0,0.09047517908613611,0.0,no_hf_method,[]
93104,equilibrator,8,,proxy_only,8,0,0.0,0.09047517908613611,0.0,no_hf_method,[]
93104,equilibrator,8,8192,author_random_hf,8,1,8192.0,0.09047517908613611,0.0,batch,[7]
93104,equilibrator,8,8192,author_paired_lucb,5,1,8192.0,0.05654697438283279,0.03392820470330332,batch,[4]
93104,equilibrator,8,8192,author_global_voi,4,1,8192.0,0.04523757616066554,0.04523760292547058,batch,[0]
93104,equilibrator,8,8192,author_pivot_voi,4,1,8192.0,0.04523757616066554,0.04523760292547058,batch,[0]
93104,equilibrator,8,16384,pivot_kg,8,2,16384.0,0.09047517908613611,0.0,budget_exhausted,"[8, 7]"
93104,equilibrator,8,16384,pivot_kg_stop,8,2,16384.0,0.09047517908613611,0.0,budget_exhausted,"[8, 7]"
93104,equilibrator,8,16384,uniform_v2,8,2,16384.0,0.09047517908613611,0.0,budget_exhausted,"[0, 4]"
93104,equilibrator,8,16384,ivr_v2,8,2,16384.0,0.09047517908613611,0.0,budget_exhausted,"[8, 7]"
93104,equilibrator,8,16384,lucb_v2,8,2,16384.0,0.09047517908613611,0.0,budget_exhausted,"[8, 7]"
93104,equilibrator,8,16384,author_random_hf,8,2,16384.0,0.09047517908613611,0.0,batch,"[7, 6]"
93104,equilibrator,8,16384,author_paired_lucb,6,2,16384.0,0.06785637427780022,0.02261880480833589,batch,"[4, 5]"
93104,equilibrator,8,16384,author_global_voi,4,2,16384.0,0.04523757616066554,0.04523760292547058,batch,"[0, 1]"
93104,equilibrator,8,16384,author_pivot_voi,4,2,16384.0,0.04523757616066554,0.04523760292547058,batch,"[0, 1]"
93104,equilibrator,8,32768,pivot_kg,8,4,32768.0,0.09047517908613611,0.0,budget_exhausted,"[8, 7, 6, 0]"
93104,equilibrator,8,32768,pivot_kg_stop,8,4,32768.0,0.09047517908613611,0.0,budget_exhausted,"[8, 7, 6, 4]"
93104,equilibrator,8,32768,uniform_v2,8,4,32768.0,0.09047517908613611,0.0,budget_exhausted,"[0, 4, 3, 7]"
93104,equilibrator,8,32768,ivr_v2,8,4,32768.0,0.09047517908613611,0.0,budget_exhausted,"[8, 7, 6, 5]"
93104,equilibrator,8,32768,lucb_v2,8,4,32768.0,0.09047517908613611,0.0,budget_exhausted,"[8, 7, 6, 5]"
93104,equilibrator,8,32768,author_random_hf,5,4,32768.0,0.05654697438283279,0.03392820470330332,batch,"[7, 6, 0, 8]"
93104,equilibrator,8,32768,author_paired_lucb,7,4,32768.0,0.07916577584556789,0.011309403240568228,batch,"[4, 5, 6, 3]"
93104,equilibrator,8,32768,author_global_voi,4,4,32768.0,0.04523757616066554,0.04523760292547058,batch,"[0, 1, 2, 3]"
93104,equilibrator,8,32768,author_pivot_voi,4,4,32768.0,0.04523757616066554,0.04523760292547058,batch,"[0, 1, 2, 3]"
93104,equilibrator,8,,all_hf_reference,8,9,73728.0,0.09047517908613611,0.0,all,"[0, 1, 2, 3, 4, 5, 6, 7, 8]"
93105,exploiter,1,8192,pivot_kg,8,1,8192.0,0.11732500374007682,0.0,budget_exhausted,[2]
93105,exploiter,1,8192,pivot_kg_stop,8,1,8192.0,0.11732500374007682,0.0,budget_exhausted,[2]
93105,exploiter,1,8192,uniform_v2,8,1,8192.0,0.11732500374007682,0.0,budget_exhausted,[7]
93105,exploiter,1,8192,ivr_v2,8,1,8192.0,0.11732500374007682,0.0,budget_exhausted,[8]
93105,exploiter,1,8192,lucb_v2,8,1,8192.0,0.11732500374007682,0.0,budget_exhausted,[8]
93105,exploiter,1,,no_hf_v2,8,0,0.0,0.11732500374007682,0.0,no_hf_method,[]
93105,exploiter,1,,proxy_only,8,0,0.0,0.11732500374007682,0.0,no_hf_method,[]
93105,exploiter,1,8192,author_random_hf,8,1,8192.0,0.11732500374007682,0.0,batch,[1]
93105,exploiter,1,8192,author_paired_lucb,7,1,8192.0,0.10266104956301803,0.014663954177058791,batch,[8]
93105,exploiter,1,8192,author_global_voi,8,1,8192.0,0.11732500374007682,0.0,batch,[0]
93105,exploiter,1,8192,author_pivot_voi,8,1,8192.0,0.11732500374007682,0.0,batch,[0]
93105,exploiter,1,16384,pivot_kg,8,2,16384.0,0.11732500374007682,0.0,budget_exhausted,"[2, 3]"
93105,exploiter,1,16384,pivot_kg_stop,8,2,16384.0,0.11732500374007682,0.0,budget_exhausted,"[2, 1]"
93105,exploiter,1,16384,uniform_v2,8,2,16384.0,0.11732500374007682,0.0,budget_exhausted,"[7, 1]"
93105,exploiter,1,16384,ivr_v2,8,2,16384.0,0.11732500374007682,0.0,budget_exhausted,"[8, 7]"
93105,exploiter,1,16384,lucb_v2,8,2,16384.0,0.11732500374007682,0.0,budget_exhausted,"[8, 7]"
93105,exploiter,1,16384,author_random_hf,8,2,16384.0,0.11732500374007682,0.0,batch,"[1, 6]"
93105,exploiter,1,16384,author_paired_lucb,6,2,16384.0,0.08799709765624986,0.02932790608382696,batch,"[8, 7]"
93105,exploiter,1,16384,author_global_voi,8,2,16384.0,0.11732500374007682,0.0,batch,"[0, 1]"
93105,exploiter,1,16384,author_pivot_voi,8,2,16384.0,0.11732500374007682,0.0,batch,"[0, 1]"
93105,exploiter,1,32768,pivot_kg,8,4,32768.0,0.11732500374007682,0.0,budget_exhausted,"[2, 3, 5, 1]"
93105,exploiter,1,32768,pivot_kg_stop,8,4,32768.0,0.11732500374007682,0.0,budget_exhausted,"[2, 1, 0, 3]"
93105,exploiter,1,32768,uniform_v2,8,4,32768.0,0.11732500374007682,0.0,budget_exhausted,"[7, 1, 6, 4]"
93105,exploiter,1,32768,ivr_v2,8,4,32768.0,0.11732500374007682,0.0,budget_exhausted,"[8, 7, 6, 5]"
93105,exploiter,1,32768,lucb_v2,8,4,32768.0,0.11732500374007682,0.0,budget_exhausted,"[8, 7, 6, 5]"
93105,exploiter,1,32768,author_random_hf,7,4,32768.0,0.10266104956301803,0.014663954177058791,batch,"[1, 6, 8, 4]"
93105,exploiter,1,32768,author_paired_lucb,8,4,32768.0,0.11732500374007682,0.0,batch,"[8, 7, 6, 5]"
93105,exploiter,1,32768,author_global_voi,8,4,32768.0,0.11732500374007682,0.0,batch,"[0, 1, 2, 3]"
93105,exploiter,1,32768,author_pivot_voi,8,4,32768.0,0.11732500374007682,0.0,batch,"[0, 1, 2, 3]"
93105,exploiter,1,,all_hf_reference,8,9,73728.0,0.11732500374007682,0.0,all,"[0, 1, 2, 3, 4, 5, 6, 7, 8]"
93105,exploiter,8,8192,pivot_kg,0,1,8192.0,0.0,0.0,budget_exhausted,[8]
93105,exploiter,8,8192,pivot_kg_stop,0,1,8192.0,0.0,0.0,budget_exhausted,[8]
93105,exploiter,8,8192,uniform_v2,0,1,8192.0,0.0,0.0,budget_exhausted,[7]
93105,exploiter,8,8192,ivr_v2,0,1,8192.0,0.0,0.0,budget_exhausted,[8]
93105,exploiter,8,8192,lucb_v2,0,1,8192.0,0.0,0.0,budget_exhausted,[8]
93105,exploiter,8,,no_hf_v2,8,0,0.0,-0.2643273150398524,0.2643273150398524,no_hf_method,[]
93105,exploiter,8,,proxy_only,8,0,0.0,-0.2643273150398524,0.2643273150398524,no_hf_method,[]
93105,exploiter,8,8192,author_random_hf,8,1,8192.0,-0.2643273150398524,0.2643273150398524,batch,[1]
93105,exploiter,8,8192,author_paired_lucb,5,1,8192.0,-0.16518013301415296,0.16518013301415296,batch,[4]
93105,exploiter,8,8192,author_global_voi,4,1,8192.0,-0.1321310738527685,0.1321310738527685,batch,[0]
93105,exploiter,8,8192,author_pivot_voi,4,1,8192.0,-0.1321310738527685,0.1321310738527685,batch,[0]
93105,exploiter,8,16384,pivot_kg,0,2,16384.0,0.0,0.0,budget_exhausted,"[8, 7]"
93105,exploiter,8,16384,pivot_kg_stop,0,2,16384.0,0.0,0.0,budget_exhausted,"[8, 7]"
93105,exploiter,8,16384,uniform_v2,0,2,16384.0,0.0,0.0,budget_exhausted,"[7, 1]"
93105,exploiter,8,16384,ivr_v2,0,2,16384.0,0.0,0.0,budget_exhausted,"[8, 7]"
93105,exploiter,8,16384,lucb_v2,0,2,16384.0,0.0,0.0,budget_exhausted,"[8, 0]"
93105,exploiter,8,16384,author_random_hf,8,2,16384.0,-0.2643273150398524,0.2643273150398524,batch,"[1, 6]"
93105,exploiter,8,16384,author_paired_lucb,3,2,16384.0,-0.09908201544830819,0.09908201544830819,batch,"[4, 5]"
93105,exploiter,8,16384,author_global_voi,4,2,16384.0,-0.1321310738527685,0.1321310738527685,batch,"[0, 1]"
93105,exploiter,8,16384,author_pivot_voi,4,2,16384.0,-0.1321310738527685,0.1321310738527685,batch,"[0, 1]"
93105,exploiter,8,32768,pivot_kg,0,4,32768.0,0.0,0.0,budget_exhausted,"[8, 7, 6, 5]"
93105,exploiter,8,32768,pivot_kg_stop,0,4,32768.0,0.0,0.0,budget_exhausted,"[8, 7, 6, 5]"
93105,exploiter,8,32768,uniform_v2,0,4,32768.0,0.0,0.0,budget_exhausted,"[7, 1, 6, 4]"
93105,exploiter,8,32768,ivr_v2,0,4,32768.0,0.0,0.0,budget_exhausted,"[8, 7, 6, 5]"
93105,exploiter,8,32768,lucb_v2,0,4,32768.0,0.0,0.0,budget_exhausted,"[8, 0, 7, 6]"
93105,exploiter,8,32768,author_random_hf,7,4,32768.0,-0.23127825360769494,0.23127825360769494,batch,"[1, 6, 8, 4]"
93105,exploiter,8,32768,author_paired_lucb,2,4,32768.0,-0.06603295780077223,0.06603295780077223,batch,"[4, 5, 3, 6]"
93105,exploiter,8,32768,author_global_voi,4,4,32768.0,-0.1321310738527685,0.1321310738527685,batch,"[0, 1, 2, 3]"
93105,exploiter,8,32768,author_pivot_voi,4,4,32768.0,-0.1321310738527685,0.1321310738527685,batch,"[0, 1, 2, 3]"
93105,exploiter,8,,all_hf_reference,0,9,73728.0,0.0,0.0,all,"[0, 1, 2, 3, 4, 5, 6, 7, 8]"
93106,equilibrator,1,8192,pivot_kg,8,1,8192.0,0.2515408190234668,0.0,budget_exhausted,[3]
93106,equilibrator,1,8192,pivot_kg_stop,8,1,8192.0,0.2515408190234668,0.0,budget_exhausted,[3]
93106,equilibrator,1,8192,uniform_v2,8,1,8192.0,0.2515408190234668,0.0,budget_exhausted,[6]
93106,equilibrator,1,8192,ivr_v2,8,1,8192.0,0.2515408190234668,0.0,budget_exhausted,[8]
93106,equilibrator,1,8192,lucb_v2,8,1,8192.0,0.2515408190234668,0.0,budget_exhausted,[8]
93106,equilibrator,1,,no_hf_v2,8,0,0.0,0.2515408190234668,0.0,no_hf_method,[]
93106,equilibrator,1,,proxy_only,8,0,0.0,0.2515408190234668,0.0,no_hf_method,[]
93106,equilibrator,1,8192,author_random_hf,8,1,8192.0,0.2515408190234668,0.0,batch,[2]
93106,equilibrator,1,8192,author_paired_lucb,8,1,8192.0,0.2515408190234668,0.0,batch,[8]
93106,equilibrator,1,8192,author_global_voi,8,1,8192.0,0.2515408190234668,0.0,batch,[0]
93106,equilibrator,1,8192,author_pivot_voi,8,1,8192.0,0.2515408190234668,0.0,batch,[0]
93106,equilibrator,1,16384,pivot_kg,8,2,16384.0,0.2515408190234668,0.0,budget_exhausted,"[3, 0]"
93106,equilibrator,1,16384,pivot_kg_stop,8,2,16384.0,0.2515408190234668,0.0,budget_exhausted,"[3, 4]"
93106,equilibrator,1,16384,uniform_v2,8,2,16384.0,0.2515408190234668,0.0,budget_exhausted,"[6, 0]"
93106,equilibrator,1,16384,ivr_v2,8,2,16384.0,0.2515408190234668,0.0,budget_exhausted,"[8, 7]"
93106,equilibrator,1,16384,lucb_v2,8,2,16384.0,0.2515408190234668,0.0,budget_exhausted,"[8, 7]"
93106,equilibrator,1,16384,author_random_hf,8,2,16384.0,0.2515408190234668,0.0,batch,"[2, 1]"
93106,equilibrator,1,16384,author_paired_lucb,8,2,16384.0,0.2515408190234668,0.0,batch,"[8, 7]"
93106,equilibrator,1,16384,author_global_voi,8,2,16384.0,0.2515408190234668,0.0,batch,"[0, 1]"
93106,equilibrator,1,16384,author_pivot_voi,8,2,16384.0,0.2515408190234668,0.0,batch,"[0, 1]"
93106,equilibrator,1,32768,pivot_kg,8,4,32768.0,0.2515408190234668,0.0,budget_exhausted,"[3, 0, 2, 5]"
93106,equilibrator,1,32768,pivot_kg_stop,8,4,32768.0,0.2515408190234668,0.0,budget_exhausted,"[3, 4, 1, 2]"
93106,equilibrator,1,32768,uniform_v2,8,4,32768.0,0.2515408190234668,0.0,budget_exhausted,"[6, 0, 7, 2]"
93106,equilibrator,1,32768,ivr_v2,8,4,32768.0,0.2515408190234668,0.0,budget_exhausted,"[8, 7, 6, 5]"
93106,equilibrator,1,32768,lucb_v2,8,4,32768.0,0.2515408190234668,0.0,budget_exhausted,"[8, 7, 6, 5]"
93106,equilibrator,1,32768,author_random_hf,8,4,32768.0,0.2515408190234668,0.0,batch,"[2, 1, 7, 4]"
93106,equilibrator,1,32768,author_paired_lucb,8,4,32768.0,0.2515408190234668,0.0,batch,"[8, 7, 6, 5]"
93106,equilibrator,1,32768,author_global_voi,8,4,32768.0,0.2515408190234668,0.0,batch,"[0, 1, 2, 3]"
93106,equilibrator,1,32768,author_pivot_voi,8,4,32768.0,0.2515408190234668,0.0,batch,"[0, 1, 2, 3]"
93106,equilibrator,1,,all_hf_reference,8,9,73728.0,0.2515408190234668,0.0,all,"[0, 1, 2, 3, 4, 5, 6, 7, 8]"
93106,equilibrator,8,8192,pivot_kg,8,1,8192.0,0.042873389023805275,0.0,budget_exhausted,[8]
93106,equilibrator,8,8192,pivot_kg_stop,8,1,8192.0,0.042873389023805275,0.0,budget_exhausted,[8]
93106,equilibrator,8,8192,uniform_v2,8,1,8192.0,0.042873389023805275,0.0,budget_exhausted,[6]
93106,equilibrator,8,8192,ivr_v2,8,1,8192.0,0.042873389023805275,0.0,budget_exhausted,[8]
93106,equilibrator,8,8192,lucb_v2,8,1,8192.0,0.042873389023805275,0.0,budget_exhausted,[8]
93106,equilibrator,8,,no_hf_v2,8,0,0.0,0.042873389023805275,0.0,no_hf_method,[]
93106,equilibrator,8,,proxy_only,8,0,0.0,0.042873389023805275,0.0,no_hf_method,[]
93106,equilibrator,8,8192,author_random_hf,8,1,8192.0,0.042873389023805275,0.0,batch,[2]
93106,equilibrator,8,8192,author_paired_lucb,5,1,8192.0,0.027482624286353008,0.015390764737452267,batch,[4]
93106,equilibrator,8,8192,author_global_voi,4,1,8192.0,0.022169234401475613,0.020704154622329662,batch,[0]
93106,equilibrator,8,8192,author_pivot_voi,4,1,8192.0,0.022169234401475613,0.020704154622329662,batch,[0]
93106,equilibrator,8,16384,pivot_kg,8,2,16384.0,0.042873389023805275,0.0,budget_exhausted,"[8, 7]"
93106,equilibrator,8,16384,pivot_kg_stop,8,2,16384.0,0.042873389023805275,0.0,budget_exhausted,"[8, 7]"
93106,equilibrator,8,16384,uniform_v2,8,2,16384.0,0.042873389023805275,0.0,budget_exhausted,"[6, 0]"
93106,equilibrator,8,16384,ivr_v2,8,2,16384.0,0.042873389023805275,0.0,budget_exhausted,"[8, 7]"
93106,equilibrator,8,16384,lucb_v2,8,2,16384.0,0.042873389023805275,0.0,budget_exhausted,"[8, 7]"
93106,equilibrator,8,16384,author_random_hf,8,2,16384.0,0.042873389023805275,0.0,batch,"[2, 1]"
93106,equilibrator,8,16384,author_paired_lucb,3,2,16384.0,0.01676427703040173,0.026109111993403544,batch,"[4, 5]"
93106,equilibrator,8,16384,author_global_voi,4,2,16384.0,0.022169234401475613,0.020704154622329662,batch,"[0, 1]"
93106,equilibrator,8,16384,author_pivot_voi,4,2,16384.0,0.022169234401475613,0.020704154622329662,batch,"[0, 1]"
93106,equilibrator,8,32768,pivot_kg,8,4,32768.0,0.042873389023805275,0.0,budget_exhausted,"[8, 7, 6, 5]"
93106,equilibrator,8,32768,pivot_kg_stop,8,4,32768.0,0.042873389023805275,0.0,budget_exhausted,"[8, 7, 6, 5]"
93106,equilibrator,8,32768,uniform_v2,8,4,32768.0,0.042873389023805275,0.0,budget_exhausted,"[6, 0, 7, 2]"
93106,equilibrator,8,32768,ivr_v2,8,4,32768.0,0.042873389023805275,0.0,budget_exhausted,"[8, 7, 6, 5]"
93106,equilibrator,8,32768,lucb_v2,8,4,32768.0,0.042873389023805275,0.0,budget_exhausted,"[8, 7, 6, 5]"
93106,equilibrator,8,32768,author_random_hf,8,4,32768.0,0.042873389023805275,0.0,batch,"[2, 1, 7, 4]"
93106,equilibrator,8,32768,author_paired_lucb,7,4,32768.0,0.03783470159751767,0.0050386874262876025,batch,"[4, 5, 3, 6]"
93106,equilibrator,8,32768,author_global_voi,4,4,32768.0,0.022169234401475613,0.020704154622329662,batch,"[0, 1, 2, 3]"
93106,equilibrator,8,32768,author_pivot_voi,4,4,32768.0,0.022169234401475613,0.020704154622329662,batch,"[0, 1, 2, 3]"
93106,equilibrator,8,,all_hf_reference,7,9,73728.0,0.03783470159751767,0.0050386874262876025,all,"[0, 1, 2, 3, 4, 5, 6, 7, 8]"
93107,exploiter,1,8192,pivot_kg,8,1,8192.0,0.4920875446131444,0.0,budget_exhausted,[7]
93107,exploiter,1,8192,pivot_kg_stop,8,0,0.0,0.4920875446131444,0.0,selection_probability,[]
93107,exploiter,1,8192,uniform_v2,8,1,8192.0,0.4920875446131444,0.0,budget_exhausted,[1]
93107,exploiter,1,8192,ivr_v2,8,1,8192.0,0.4920875446131444,0.0,budget_exhausted,[8]
93107,exploiter,1,8192,lucb_v2,8,1,8192.0,0.4920875446131444,0.0,budget_exhausted,[8]
93107,exploiter,1,,no_hf_v2,8,0,0.0,0.4920875446131444,0.0,no_hf_method,[]
93107,exploiter,1,,proxy_only,8,0,0.0,0.4920875446131444,0.0,no_hf_method,[]
93107,exploiter,1,8192,author_random_hf,8,1,8192.0,0.4920875446131444,0.0,batch,[7]
93107,exploiter,1,8192,author_paired_lucb,7,1,8192.0,0.43677498594872044,0.05531255866442397,batch,[8]
93107,exploiter,1,8192,author_global_voi,8,1,8192.0,0.4920875446131444,0.0,batch,[0]
93107,exploiter,1,8192,author_pivot_voi,8,1,8192.0,0.4920875446131444,0.0,batch,[0]
93107,exploiter,1,16384,pivot_kg,8,2,16384.0,0.4920875446131444,0.0,budget_exhausted,"[7, 4]"
93107,exploiter,1,16384,pivot_kg_stop,8,0,0.0,0.4920875446131444,0.0,selection_probability,[]
93107,exploiter,1,16384,uniform_v2,8,2,16384.0,0.4920875446131444,0.0,budget_exhausted,"[1, 0]"
93107,exploiter,1,16384,ivr_v2,8,2,16384.0,0.4920875446131444,0.0,budget_exhausted,"[8, 7]"
93107,exploiter,1,16384,lucb_v2,8,2,16384.0,0.4920875446131444,0.0,budget_exhausted,"[8, 7]"
93107,exploiter,1,16384,author_random_hf,8,2,16384.0,0.4920875446131444,0.0,batch,"[7, 6]"
93107,exploiter,1,16384,author_paired_lucb,6,2,16384.0,0.3796919400912247,0.11239560452191971,batch,"[8, 7]"
93107,exploiter,1,16384,author_global_voi,8,2,16384.0,0.4920875446131444,0.0,batch,"[0, 1]"
93107,exploiter,1,16384,author_pivot_voi,8,2,16384.0,0.4920875446131444,0.0,batch,"[0, 1]"
93107,exploiter,1,32768,pivot_kg,8,4,32768.0,0.4920875446131444,0.0,budget_exhausted,"[7, 4, 0, 6]"
93107,exploiter,1,32768,pivot_kg_stop,8,0,0.0,0.4920875446131444,0.0,selection_probability,[]
93107,exploiter,1,32768,uniform_v2,8,4,32768.0,0.4920875446131444,0.0,budget_exhausted,"[1, 0, 2, 6]"
93107,exploiter,1,32768,ivr_v2,8,4,32768.0,0.4920875446131444,0.0,budget_exhausted,"[8, 7, 6, 5]"
93107,exploiter,1,32768,lucb_v2,8,4,32768.0,0.4920875446131444,0.0,budget_exhausted,"[8, 7, 6, 5]"
93107,exploiter,1,32768,author_random_hf,8,4,32768.0,0.4920875446131444,0.0,batch,"[7, 6, 8, 3]"
93107,exploiter,1,32768,author_paired_lucb,8,4,32768.0,0.4920875446131444,0.0,batch,"[8, 7, 6, 5]"
93107,exploiter,1,32768,author_global_voi,8,4,32768.0,0.4920875446131444,0.0,batch,"[0, 1, 2, 3]"
93107,exploiter,1,32768,author_pivot_voi,8,4,32768.0,0.4920875446131444,0.0,batch,"[0, 1, 2, 3]"
93107,exploiter,1,,all_hf_reference,8,9,73728.0,0.4920875446131444,0.0,all,"[0, 1, 2, 3, 4, 5, 6, 7, 8]"
93107,exploiter,8,8192,pivot_kg,8,1,8192.0,-0.14418703088988144,0.14418703088988144,budget_exhausted,[8]
93107,exploiter,8,8192,pivot_kg_stop,8,1,8192.0,-0.14418703088988144,0.14418703088988144,budget_exhausted,[8]
93107,exploiter,8,8192,uniform_v2,8,1,8192.0,-0.14418703088988144,0.14418703088988144,budget_exhausted,[1]
93107,exploiter,8,8192,ivr_v2,8,1,8192.0,-0.14418703088988144,0.14418703088988144,budget_exhausted,[8]
93107,exploiter,8,8192,lucb_v2,8,1,8192.0,-0.14418703088988144,0.14418703088988144,budget_exhausted,[8]
93107,exploiter,8,,no_hf_v2,8,0,0.0,-0.14418703088988144,0.14418703088988144,no_hf_method,[]
93107,exploiter,8,,proxy_only,8,0,0.0,-0.14418703088988144,0.14418703088988144,no_hf_method,[]
93107,exploiter,8,8192,author_random_hf,8,1,8192.0,-0.14418703088988144,0.14418703088988144,batch,[7]
93107,exploiter,8,8192,author_paired_lucb,7,1,8192.0,-0.1296719807356259,0.1296719807356259,batch,[8]
93107,exploiter,8,8192,author_global_voi,8,1,8192.0,-0.14418703088988144,0.14418703088988144,batch,[0]
93107,exploiter,8,8192,author_pivot_voi,8,1,8192.0,-0.14418703088988144,0.14418703088988144,batch,[0]
93107,exploiter,8,16384,pivot_kg,8,2,16384.0,-0.14418703088988144,0.14418703088988144,budget_exhausted,"[8, 7]"
93107,exploiter,8,16384,pivot_kg_stop,8,2,16384.0,-0.14418703088988144,0.14418703088988144,budget_exhausted,"[8, 7]"
93107,exploiter,8,16384,uniform_v2,8,2,16384.0,-0.14418703088988144,0.14418703088988144,budget_exhausted,"[1, 0]"
93107,exploiter,8,16384,ivr_v2,8,2,16384.0,-0.14418703088988144,0.14418703088988144,budget_exhausted,"[8, 7]"
93107,exploiter,8,16384,lucb_v2,8,2,16384.0,-0.14418703088988144,0.14418703088988144,budget_exhausted,"[8, 7]"
93107,exploiter,8,16384,author_random_hf,8,2,16384.0,-0.14418703088988144,0.14418703088988144,batch,"[7, 6]"
93107,exploiter,8,16384,author_paired_lucb,6,2,16384.0,-0.11415222397853575,0.11415222397853575,batch,"[8, 7]"
93107,exploiter,8,16384,author_global_voi,8,2,16384.0,-0.14418703088988144,0.14418703088988144,batch,"[0, 1]"
93107,exploiter,8,16384,author_pivot_voi,8,2,16384.0,-0.14418703088988144,0.14418703088988144,batch,"[0, 1]"
93107,exploiter,8,32768,pivot_kg,8,4,32768.0,-0.14418703088988144,0.14418703088988144,budget_exhausted,"[8, 7, 0, 5]"
93107,exploiter,8,32768,pivot_kg_stop,8,4,32768.0,-0.14418703088988144,0.14418703088988144,budget_exhausted,"[8, 7, 6, 0]"
93107,exploiter,8,32768,uniform_v2,8,4,32768.0,-0.14418703088988144,0.14418703088988144,budget_exhausted,"[1, 0, 2, 6]"
93107,exploiter,8,32768,ivr_v2,8,4,32768.0,-0.14418703088988144,0.14418703088988144,budget_exhausted,"[8, 7, 6, 5]"
93107,exploiter,8,32768,lucb_v2,8,4,32768.0,-0.14418703088988144,0.14418703088988144,budget_exhausted,"[8, 7, 6, 5]"
93107,exploiter,8,32768,author_random_hf,5,4,32768.0,-0.09762776061861134,0.09762776061861134,batch,"[7, 6, 8, 3]"
93107,exploiter,8,32768,author_paired_lucb,4,4,32768.0,-0.08009859065585262,0.08009859065585262,batch,"[8, 7, 6, 5]"
93107,exploiter,8,32768,author_global_voi,8,4,32768.0,-0.14418703088988144,0.14418703088988144,batch,"[0, 1, 2, 3]"
93107,exploiter,8,32768,author_pivot_voi,8,4,32768.0,-0.14418703088988144,0.14418703088988144,batch,"[0, 1, 2, 3]"
93107,exploiter,8,,all_hf_reference,0,9,73728.0,0.0,0.0,all,"[0, 1, 2, 3, 4, 5, 6, 7, 8]"
93108,equilibrator,1,8192,pivot_kg,8,1,8192.0,0.16664263249680833,0.0,budget_exhausted,[5]
93108,equilibrator,1,8192,pivot_kg_stop,8,1,8192.0,0.16664263249680833,0.0,budget_exhausted,[5]
93108,equilibrator,1,8192,uniform_v2,8,1,8192.0,0.16664263249680833,0.0,budget_exhausted,[7]
93108,equilibrator,1,8192,ivr_v2,8,1,8192.0,0.16664263249680833,0.0,budget_exhausted,[8]
93108,equilibrator,1,8192,lucb_v2,8,1,8192.0,0.16664263249680833,0.0,budget_exhausted,[8]
93108,equilibrator,1,,no_hf_v2,8,0,0.0,0.16664263249680833,0.0,no_hf_method,[]
93108,equilibrator,1,,proxy_only,8,0,0.0,0.16664263249680833,0.0,no_hf_method,[]
93108,equilibrator,1,8192,author_random_hf,8,1,8192.0,0.16664263249680833,0.0,batch,[6]
93108,equilibrator,1,8192,author_paired_lucb,8,1,8192.0,0.16664263249680833,0.0,batch,[8]
93108,equilibrator,1,8192,author_global_voi,8,1,8192.0,0.16664263249680833,0.0,batch,[0]
93108,equilibrator,1,8192,author_pivot_voi,8,1,8192.0,0.16664263249680833,0.0,batch,[0]
93108,equilibrator,1,16384,pivot_kg,8,2,16384.0,0.16664263249680833,0.0,budget_exhausted,"[5, 4]"
93108,equilibrator,1,16384,pivot_kg_stop,8,2,16384.0,0.16664263249680833,0.0,budget_exhausted,"[5, 6]"
93108,equilibrator,1,16384,uniform_v2,8,2,16384.0,0.16664263249680833,0.0,budget_exhausted,"[7, 6]"
93108,equilibrator,1,16384,ivr_v2,8,2,16384.0,0.16664263249680833,0.0,budget_exhausted,"[8, 7]"
93108,equilibrator,1,16384,lucb_v2,8,2,16384.0,0.16664263249680833,0.0,budget_exhausted,"[8, 7]"
93108,equilibrator,1,16384,author_random_hf,7,2,16384.0,0.1458122963872987,0.02083033610950963,batch,"[6, 8]"
93108,equilibrator,1,16384,author_paired_lucb,8,2,16384.0,0.16664263249680833,0.0,batch,"[8, 7]"
93108,equilibrator,1,16384,author_global_voi,8,2,16384.0,0.16664263249680833,0.0,batch,"[0, 1]"
93108,equilibrator,1,16384,author_pivot_voi,8,2,16384.0,0.16664263249680833,0.0,batch,"[0, 1]"
93108,equilibrator,1,32768,pivot_kg,8,4,32768.0,0.16664263249680833,0.0,budget_exhausted,"[5, 4, 3, 7]"
93108,equilibrator,1,32768,pivot_kg_stop,8,4,32768.0,0.16664263249680833,0.0,budget_exhausted,"[5, 6, 7, 2]"
93108,equilibrator,1,32768,uniform_v2,8,4,32768.0,0.16664263249680833,0.0,budget_exhausted,"[7, 6, 3, 2]"
93108,equilibrator,1,32768,ivr_v2,8,4,32768.0,0.16664263249680833,0.0,budget_exhausted,"[8, 7, 6, 5]"
93108,equilibrator,1,32768,lucb_v2,8,4,32768.0,0.16664263249680833,0.0,budget_exhausted,"[8, 7, 6, 5]"
93108,equilibrator,1,32768,author_random_hf,7,4,32768.0,0.1458122963872987,0.02083033610950963,batch,"[6, 8, 5, 3]"
93108,equilibrator,1,32768,author_paired_lucb,8,4,32768.0,0.16664263249680833,0.0,batch,"[8, 7, 6, 5]"
93108,equilibrator,1,32768,author_global_voi,8,4,32768.0,0.16664263249680833,0.0,batch,"[0, 1, 2, 3]"
93108,equilibrator,1,32768,author_pivot_voi,8,4,32768.0,0.16664263249680833,0.0,batch,"[0, 1, 2, 3]"
93108,equilibrator,1,,all_hf_reference,8,9,73728.0,0.16664263249680833,0.0,all,"[0, 1, 2, 3, 4, 5, 6, 7, 8]"
93108,equilibrator,8,8192,pivot_kg,0,1,8192.0,0.0,0.05339998648457939,budget_exhausted,[8]
93108,equilibrator,8,8192,pivot_kg_stop,0,1,8192.0,0.0,0.05339998648457939,budget_exhausted,[8]
93108,equilibrator,8,8192,uniform_v2,0,1,8192.0,0.0,0.05339998648457939,budget_exhausted,[7]
93108,equilibrator,8,8192,ivr_v2,0,1,8192.0,0.0,0.05339998648457939,budget_exhausted,[8]
93108,equilibrator,8,8192,lucb_v2,0,1,8192.0,0.0,0.05339998648457939,budget_exhausted,[8]
93108,equilibrator,8,,no_hf_v2,0,0,0.0,0.0,0.05339998648457939,no_hf_method,[]
93108,equilibrator,8,,proxy_only,8,0,0.0,0.05339998648457939,0.0,no_hf_method,[]
93108,equilibrator,8,8192,author_random_hf,8,1,8192.0,0.05339998648457939,0.0,batch,[6]
93108,equilibrator,8,8192,author_paired_lucb,3,1,8192.0,0.020024989559608186,0.0333749969249712,batch,[4]
93108,equilibrator,8,8192,author_global_voi,4,1,8192.0,0.026699987512040113,0.026699998972539274,batch,[0]
93108,equilibrator,8,8192,author_pivot_voi,4,1,8192.0,0.026699987512040113,0.026699998972539274,batch,[0]
93108,equilibrator,8,16384,pivot_kg,0,2,16384.0,0.0,0.05339998648457939,budget_exhausted,"[8, 7]"
93108,equilibrator,8,16384,pivot_kg_stop,0,2,16384.0,0.0,0.05339998648457939,budget_exhausted,"[8, 7]"
93108,equilibrator,8,16384,uniform_v2,0,2,16384.0,0.0,0.05339998648457939,budget_exhausted,"[7, 6]"
93108,equilibrator,8,16384,ivr_v2,0,2,16384.0,0.0,0.05339998648457939,budget_exhausted,"[8, 7]"
93108,equilibrator,8,16384,lucb_v2,0,2,16384.0,0.0,0.05339998648457939,budget_exhausted,"[8, 0]"
93108,equilibrator,8,16384,author_random_hf,7,2,16384.0,0.04672498566702277,0.00667500081755662,batch,"[6, 8]"
93108,equilibrator,8,16384,author_paired_lucb,5,2,16384.0,0.033374986180753075,0.020025000303826312,batch,"[4, 3]"
93108,equilibrator,8,16384,author_global_voi,4,2,16384.0,0.026699987512040113,0.026699998972539274,batch,"[0, 1]"
93108,equilibrator,8,16384,author_pivot_voi,4,2,16384.0,0.026699987512040113,0.026699998972539274,batch,"[0, 1]"
93108,equilibrator,8,32768,pivot_kg,0,4,32768.0,0.0,0.05339998648457939,budget_exhausted,"[8, 7, 6, 5]"
93108,equilibrator,8,32768,pivot_kg_stop,0,4,32768.0,0.0,0.05339998648457939,budget_exhausted,"[8, 7, 6, 5]"
93108,equilibrator,8,32768,uniform_v2,0,4,32768.0,0.0,0.05339998648457939,budget_exhausted,"[7, 6, 3, 2]"
93108,equilibrator,8,32768,ivr_v2,0,4,32768.0,0.0,0.05339998648457939,budget_exhausted,"[8, 7, 6, 5]"
93108,equilibrator,8,32768,lucb_v2,0,4,32768.0,0.0,0.05339998648457939,budget_exhausted,"[8, 0, 7, 6]"
93108,equilibrator,8,32768,author_random_hf,7,4,32768.0,0.04672498566702277,0.00667500081755662,batch,"[6, 8, 5, 3]"
93108,equilibrator,8,32768,author_paired_lucb,5,4,32768.0,0.033374986180753075,0.020025000303826312,batch,"[4, 3, 5, 2]"
93108,equilibrator,8,32768,author_global_voi,4,4,32768.0,0.026699987512040113,0.026699998972539274,batch,"[0, 1, 2, 3]"
93108,equilibrator,8,32768,author_pivot_voi,4,4,32768.0,0.026699987512040113,0.026699998972539274,batch,"[0, 1, 2, 3]"
93108,equilibrator,8,,all_hf_reference,8,9,73728.0,0.05339998648457939,0.0,all,"[0, 1, 2, 3, 4, 5, 6, 7, 8]"
93109,exploiter,1,8192,pivot_kg,8,1,8192.0,0.01931069718352818,0.0,budget_exhausted,[8]
93109,exploiter,1,8192,pivot_kg_stop,8,1,8192.0,0.01931069718352818,0.0,budget_exhausted,[8]
93109,exploiter,1,8192,uniform_v2,8,1,8192.0,0.01931069718352818,0.0,budget_exhausted,[0]
93109,exploiter,1,8192,ivr_v2,8,1,8192.0,0.01931069718352818,0.0,budget_exhausted,[8]
93109,exploiter,1,8192,lucb_v2,8,1,8192.0,0.01931069718352818,0.0,budget_exhausted,[8]
93109,exploiter,1,,no_hf_v2,8,0,0.0,0.01931069718352818,0.0,no_hf_method,[]
93109,exploiter,1,,proxy_only,8,0,0.0,0.01931069718352818,0.0,no_hf_method,[]
93109,exploiter,1,8192,author_random_hf,8,1,8192.0,0.01931069718352818,0.0,batch,[4]
93109,exploiter,1,8192,author_paired_lucb,5,1,8192.0,0.012070777093488028,0.007239920090040153,batch,[4]
93109,exploiter,1,8192,author_global_voi,4,1,8192.0,0.009657469532283858,0.009653227651244323,batch,[0]
93109,exploiter,1,8192,author_pivot_voi,4,1,8192.0,0.009657469532283858,0.009653227651244323,batch,[0]
93109,exploiter,1,16384,pivot_kg,8,2,16384.0,0.01931069718352818,0.0,budget_exhausted,"[8, 7]"
93109,exploiter,1,16384,pivot_kg_stop,8,2,16384.0,0.01931069718352818,0.0,budget_exhausted,"[8, 7]"
93109,exploiter,1,16384,uniform_v2,8,2,16384.0,0.01931069718352818,0.0,budget_exhausted,"[0, 2]"
93109,exploiter,1,16384,ivr_v2,8,2,16384.0,0.01931069718352818,0.0,budget_exhausted,"[8, 7]"
93109,exploiter,1,16384,lucb_v2,8,2,16384.0,0.01931069718352818,0.0,budget_exhausted,"[8, 7]"
93109,exploiter,1,16384,author_random_hf,8,2,16384.0,0.01931069718352818,0.0,batch,"[4, 6]"
93109,exploiter,1,16384,author_paired_lucb,6,2,16384.0,0.014484084222430194,0.004826612961097987,batch,"[4, 5]"
93109,exploiter,1,16384,author_global_voi,4,2,16384.0,0.009657469532283858,0.009653227651244323,batch,"[0, 1]"
93109,exploiter,1,16384,author_pivot_voi,4,2,16384.0,0.009657469532283858,0.009653227651244323,batch,"[0, 1]"
93109,exploiter,1,32768,pivot_kg,8,4,32768.0,0.01931069718352818,0.0,budget_exhausted,"[8, 7, 1, 5]"
93109,exploiter,1,32768,pivot_kg_stop,8,4,32768.0,0.01931069718352818,0.0,budget_exhausted,"[8, 7, 3, 4]"
93109,exploiter,1,32768,uniform_v2,8,4,32768.0,0.01931069718352818,0.0,budget_exhausted,"[0, 2, 1, 8]"
93109,exploiter,1,32768,ivr_v2,8,4,32768.0,0.01931069718352818,0.0,budget_exhausted,"[8, 7, 6, 5]"
93109,exploiter,1,32768,lucb_v2,8,4,32768.0,0.01931069718352818,0.0,budget_exhausted,"[8, 7, 6, 5]"
93109,exploiter,1,32768,author_random_hf,8,4,32768.0,0.01931069718352818,0.0,batch,"[4, 6, 1, 2]"
93109,exploiter,1,32768,author_paired_lucb,7,4,32768.0,0.0168973909191103,0.0024133062644178804,batch,"[4, 5, 6, 3]"
93109,exploiter,1,32768,author_global_voi,4,4,32768.0,0.009657469532283858,0.009653227651244323,batch,"[0, 1, 2, 3]"
93109,exploiter,1,32768,author_pivot_voi,4,4,32768.0,0.009657469532283858,0.009653227651244323,batch,"[0, 1, 2, 3]"
93109,exploiter,1,,all_hf_reference,7,9,73728.0,0.0168973909191103,0.0024133062644178804,all,"[0, 1, 2, 3, 4, 5, 6, 7, 8]"
93109,exploiter,8,8192,pivot_kg,0,1,8192.0,0.0,0.0,budget_exhausted,[8]
93109,exploiter,8,8192,pivot_kg_stop,0,1,8192.0,0.0,0.0,budget_exhausted,[8]
93109,exploiter,8,8192,uniform_v2,0,1,8192.0,0.0,0.0,budget_exhausted,[0]
93109,exploiter,8,8192,ivr_v2,0,1,8192.0,0.0,0.0,budget_exhausted,[8]
93109,exploiter,8,8192,lucb_v2,0,1,8192.0,0.0,0.0,budget_exhausted,[8]
93109,exploiter,8,,no_hf_v2,0,0,0.0,0.0,0.0,no_hf_method,[]
93109,exploiter,8,,proxy_only,8,0,0.0,-0.18251130409253147,0.18251130409253147,no_hf_method,[]
93109,exploiter,8,8192,author_random_hf,8,1,8192.0,-0.18251130409253147,0.18251130409253147,batch,[4]
93109,exploiter,8,8192,author_paired_lucb,3,1,8192.0,-0.06842887262483005,0.06842887262483005,batch,[4]
93109,exploiter,8,8192,author_global_voi,4,1,8192.0,-0.09124535118357358,0.09124535118357358,batch,[0]
93109,exploiter,8,8192,author_pivot_voi,4,1,8192.0,-0.09124535118357358,0.09124535118357358,batch,[0]
93109,exploiter,8,16384,pivot_kg,0,2,16384.0,0.0,0.0,budget_exhausted,"[8, 7]"
93109,exploiter,8,16384,pivot_kg_stop,0,2,16384.0,0.0,0.0,budget_exhausted,"[8, 7]"
93109,exploiter,8,16384,uniform_v2,0,2,16384.0,0.0,0.0,budget_exhausted,"[0, 2]"
93109,exploiter,8,16384,ivr_v2,0,2,16384.0,0.0,0.0,budget_exhausted,"[8, 7]"
93109,exploiter,8,16384,lucb_v2,0,2,16384.0,0.0,0.0,budget_exhausted,"[8, 0]"
93109,exploiter,8,16384,author_random_hf,8,2,16384.0,-0.18251130409253147,0.18251130409253147,batch,"[4, 6]"
93109,exploiter,8,16384,author_paired_lucb,9,2,16384.0,0.0,0.0,batch,"[4, 3]"
93109,exploiter,8,16384,author_global_voi,4,2,16384.0,-0.09124535118357358,0.09124535118357358,batch,"[0, 1]"
93109,exploiter,8,16384,author_pivot_voi,4,2,16384.0,-0.09124535118357358,0.09124535118357358,batch,"[0, 1]"
93109,exploiter,8,32768,pivot_kg,0,4,32768.0,0.0,0.0,budget_exhausted,"[8, 7, 0, 6]"
93109,exploiter,8,32768,pivot_kg_stop,0,4,32768.0,0.0,0.0,budget_exhausted,"[8, 7, 0, 6]"
93109,exploiter,8,32768,uniform_v2,0,4,32768.0,0.0,0.0,budget_exhausted,"[0, 2, 1, 8]"
93109,exploiter,8,32768,ivr_v2,0,4,32768.0,0.0,0.0,budget_exhausted,"[8, 7, 6, 5]"
93109,exploiter,8,32768,lucb_v2,0,4,32768.0,0.0,0.0,budget_exhausted,"[8, 0, 7, 6]"
93109,exploiter,8,32768,author_random_hf,8,4,32768.0,-0.18251130409253147,0.18251130409253147,batch,"[4, 6, 1, 2]"
93109,exploiter,8,32768,author_paired_lucb,9,4,32768.0,0.0,0.0,batch,"[4, 3, 2, 5]"
93109,exploiter,8,32768,author_global_voi,4,4,32768.0,-0.09124535118357358,0.09124535118357358,batch,"[0, 1, 2, 3]"
93109,exploiter,8,32768,author_pivot_voi,4,4,32768.0,-0.09124535118357358,0.09124535118357358,batch,"[0, 1, 2, 3]"
93109,exploiter,8,,all_hf_reference,0,9,73728.0,0.0,0.0,all,"[0, 1, 2, 3, 4, 5, 6, 7, 8]"
93110,equilibrator,1,8192,pivot_kg,8,1,8192.0,0.1733904673829287,0.0,budget_exhausted,[8]
93110,equilibrator,1,8192,pivot_kg_stop,8,1,8192.0,0.1733904673829287,0.0,budget_exhausted,[8]
93110,equilibrator,1,8192,uniform_v2,8,1,8192.0,0.1733904673829287,0.0,budget_exhausted,[8]
93110,equilibrator,1,8192,ivr_v2,8,1,8192.0,0.1733904673829287,0.0,budget_exhausted,[8]
93110,equilibrator,1,8192,lucb_v2,8,1,8192.0,0.1733904673829287,0.0,budget_exhausted,[8]
93110,equilibrator,1,,no_hf_v2,8,0,0.0,0.1733904673829287,0.0,no_hf_method,[]
93110,equilibrator,1,,proxy_only,8,0,0.0,0.1733904673829287,0.0,no_hf_method,[]
93110,equilibrator,1,8192,author_random_hf,8,1,8192.0,0.1733904673829287,0.0,batch,[7]
93110,equilibrator,1,8192,author_paired_lucb,8,1,8192.0,0.1733904673829287,0.0,batch,[8]
93110,equilibrator,1,8192,author_global_voi,8,1,8192.0,0.1733904673829287,0.0,batch,[0]
93110,equilibrator,1,8192,author_pivot_voi,8,1,8192.0,0.1733904673829287,0.0,batch,[0]
93110,equilibrator,1,16384,pivot_kg,8,2,16384.0,0.1733904673829287,0.0,budget_exhausted,"[8, 4]"
93110,equilibrator,1,16384,pivot_kg_stop,8,2,16384.0,0.1733904673829287,0.0,budget_exhausted,"[8, 6]"
93110,equilibrator,1,16384,uniform_v2,8,2,16384.0,0.1733904673829287,0.0,budget_exhausted,"[8, 0]"
93110,equilibrator,1,16384,ivr_v2,8,2,16384.0,0.1733904673829287,0.0,budget_exhausted,"[8, 7]"
93110,equilibrator,1,16384,lucb_v2,8,2,16384.0,0.1733904673829287,0.0,budget_exhausted,"[8, 7]"
93110,equilibrator,1,16384,author_random_hf,8,2,16384.0,0.1733904673829287,0.0,batch,"[7, 1]"
93110,equilibrator,1,16384,author_paired_lucb,8,2,16384.0,0.1733904673829287,0.0,batch,"[8, 7]"
93110,equilibrator,1,16384,author_global_voi,8,2,16384.0,0.1733904673829287,0.0,batch,"[0, 1]"
93110,equilibrator,1,16384,author_pivot_voi,8,2,16384.0,0.1733904673829287,0.0,batch,"[0, 1]"
93110,equilibrator,1,32768,pivot_kg,8,4,32768.0,0.1733904673829287,0.0,budget_exhausted,"[8, 4, 7, 3]"
93110,equilibrator,1,32768,pivot_kg_stop,8,4,32768.0,0.1733904673829287,0.0,budget_exhausted,"[8, 6, 0, 7]"
93110,equilibrator,1,32768,uniform_v2,8,4,32768.0,0.1733904673829287,0.0,budget_exhausted,"[8, 0, 5, 1]"
93110,equilibrator,1,32768,ivr_v2,8,4,32768.0,0.1733904673829287,0.0,budget_exhausted,"[8, 7, 6, 5]"
93110,equilibrator,1,32768,lucb_v2,8,4,32768.0,0.1733904673829287,0.0,budget_exhausted,"[8, 7, 6, 5]"
93110,equilibrator,1,32768,author_random_hf,8,4,32768.0,0.1733904673829287,0.0,batch,"[7, 1, 2, 8]"
93110,equilibrator,1,32768,author_paired_lucb,8,4,32768.0,0.1733904673829287,0.0,batch,"[8, 7, 6, 5]"
93110,equilibrator,1,32768,author_global_voi,8,4,32768.0,0.1733904673829287,0.0,batch,"[0, 1, 2, 3]"
93110,equilibrator,1,32768,author_pivot_voi,8,4,32768.0,0.1733904673829287,0.0,batch,"[0, 1, 2, 3]"
93110,equilibrator,1,,all_hf_reference,8,9,73728.0,0.1733904673829287,0.0,all,"[0, 1, 2, 3, 4, 5, 6, 7, 8]"
93110,equilibrator,8,8192,pivot_kg,1,1,8192.0,0.0032332664663808908,0.014586910380344986,budget_exhausted,[8]
93110,equilibrator,8,8192,pivot_kg_stop,1,1,8192.0,0.0032332664663808908,0.014586910380344986,budget_exhausted,[8]
93110,equilibrator,8,8192,uniform_v2,1,1,8192.0,0.0032332664663808908,0.014586910380344986,budget_exhausted,[8]
93110,equilibrator,8,8192,ivr_v2,1,1,8192.0,0.0032332664663808908,0.014586910380344986,budget_exhausted,[8]
93110,equilibrator,8,8192,lucb_v2,1,1,8192.0,0.0032332664663808908,0.014586910380344986,budget_exhausted,[8]
93110,equilibrator,8,,no_hf_v2,0,0,0.0,0.0,0.017820176846725877,no_hf_method,[]
93110,equilibrator,8,,proxy_only,8,0,0.0,0.017820176846725877,0.0,no_hf_method,[]
93110,equilibrator,8,8192,author_random_hf,8,1,8192.0,0.017820176846725877,0.0,batch,[7]
93110,equilibrator,8,8192,author_paired_lucb,3,1,8192.0,0.008837732804393983,0.008982444042331894,batch,[4]
93110,equilibrator,8,8192,author_global_voi,4,1,8192.0,0.011208932676026073,0.006611244170699804,batch,[0]
93110,equilibrator,8,8192,author_pivot_voi,4,1,8192.0,0.011208932676026073,0.006611244170699804,batch,[0]
93110,equilibrator,8,16384,pivot_kg,2,2,16384.0,0.006179177401178848,0.011640999445547029,budget_exhausted,"[8, 7]"
93110,equilibrator,8,16384,pivot_kg_stop,2,2,16384.0,0.006179177401178848,0.011640999445547029,budget_exhausted,"[8, 7]"
93110,equilibrator,8,16384,uniform_v2,1,2,16384.0,0.0032332664663808908,0.014586910380344986,budget_exhausted,"[8, 0]"
93110,equilibrator,8,16384,ivr_v2,2,2,16384.0,0.006179177401178848,0.011640999445547029,budget_exhausted,"[8, 7]"
93110,equilibrator,8,16384,lucb_v2,1,2,16384.0,0.0032332664663808908,0.014586910380344986,budget_exhausted,"[8, 1]"
93110,equilibrator,8,16384,author_random_hf,8,2,16384.0,0.017820176846725877,0.0,batch,"[7, 1]"
93110,equilibrator,8,16384,author_paired_lucb,5,2,16384.0,0.013292777016075452,0.004527399830650425,batch,"[4, 3]"
93110,equilibrator,8,16384,author_global_voi,4,2,16384.0,0.011208932676026073,0.006611244170699804,batch,"[0, 1]"
93110,equilibrator,8,16384,author_pivot_voi,4,2,16384.0,0.011208932676026073,0.006611244170699804,batch,"[0, 1]"
93110,equilibrator,8,32768,pivot_kg,5,4,32768.0,0.013292777016075452,0.004527399830650425,budget_exhausted,"[8, 7, 6, 5]"
93110,equilibrator,8,32768,pivot_kg_stop,5,4,32768.0,0.013292777016075452,0.004527399830650425,budget_exhausted,"[8, 7, 6, 5]"
93110,equilibrator,8,32768,uniform_v2,5,4,32768.0,0.013292777016075452,0.004527399830650425,budget_exhausted,"[8, 0, 5, 1]"
93110,equilibrator,8,32768,ivr_v2,5,4,32768.0,0.013292777016075452,0.004527399830650425,budget_exhausted,"[8, 7, 6, 5]"
93110,equilibrator,8,32768,lucb_v2,3,4,32768.0,0.008837732804393983,0.008982444042331894,budget_exhausted,"[8, 1, 7, 2]"
93110,equilibrator,8,32768,author_random_hf,6,4,32768.0,0.015089265824541842,0.002730911022184035,batch,"[7, 1, 2, 8]"
93110,equilibrator,8,32768,author_paired_lucb,6,4,32768.0,0.015089265824541842,0.002730911022184035,batch,"[4, 3, 5, 2]"
93110,equilibrator,8,32768,author_global_voi,4,4,32768.0,0.011208932676026073,0.006611244170699804,batch,"[0, 1, 2, 3]"
93110,equilibrator,8,32768,author_pivot_voi,4,4,32768.0,0.011208932676026073,0.006611244170699804,batch,"[0, 1, 2, 3]"
93110,equilibrator,8,,all_hf_reference,5,9,73728.0,0.013292777016075452,0.004527399830650425,all,"[0, 1, 2, 3, 4, 5, 6, 7, 8]"
93111,exploiter,1,8192,pivot_kg,8,1,8192.0,-0.022272230777706403,0.022272230777706403,budget_exhausted,[8]
93111,exploiter,1,8192,pivot_kg_stop,8,1,8192.0,-0.022272230777706403,0.022272230777706403,budget_exhausted,[8]
93111,exploiter,1,8192,uniform_v2,8,1,8192.0,-0.022272230777706403,0.022272230777706403,budget_exhausted,[1]
93111,exploiter,1,8192,ivr_v2,8,1,8192.0,-0.022272230777706403,0.022272230777706403,budget_exhausted,[8]
93111,exploiter,1,8192,lucb_v2,8,1,8192.0,-0.022272230777706403,0.022272230777706403,budget_exhausted,[8]
93111,exploiter,1,,no_hf_v2,8,0,0.0,-0.022272230777706403,0.022272230777706403,no_hf_method,[]
93111,exploiter,1,,proxy_only,8,0,0.0,-0.022272230777706403,0.022272230777706403,no_hf_method,[]
93111,exploiter,1,8192,author_random_hf,8,1,8192.0,-0.022272230777706403,0.022272230777706403,batch,[4]
93111,exploiter,1,8192,author_paired_lucb,5,1,8192.0,-0.013913510645369664,0.013913510645369664,batch,[4]
93111,exploiter,1,8192,author_global_voi,4,1,8192.0,-0.011127272673117694,0.011127272673117694,batch,[0]
93111,exploiter,1,8192,author_pivot_voi,4,1,8192.0,-0.011127272673117694,0.011127272673117694,batch,[0]
93111,exploiter,1,16384,pivot_kg,8,2,16384.0,-0.022272230777706403,0.022272230777706403,budget_exhausted,"[8, 7]"
93111,exploiter,1,16384,pivot_kg_stop,8,2,16384.0,-0.022272230777706403,0.022272230777706403,budget_exhausted,"[8, 7]"
93111,exploiter,1,16384,uniform_v2,8,2,16384.0,-0.022272230777706403,0.022272230777706403,budget_exhausted,"[1, 5]"
93111,exploiter,1,16384,ivr_v2,8,2,16384.0,-0.022272230777706403,0.022272230777706403,budget_exhausted,"[8, 7]"
93111,exploiter,1,16384,lucb_v2,8,2,16384.0,-0.022272230777706403,0.022272230777706403,budget_exhausted,"[8, 7]"
93111,exploiter,1,16384,author_random_hf,8,2,16384.0,-0.022272230777706403,0.022272230777706403,batch,"[4, 6]"
93111,exploiter,1,16384,author_paired_lucb,3,2,16384.0,-0.008341035736795732,0.008341035736795732,batch,"[4, 5]"
93111,exploiter,1,16384,author_global_voi,4,2,16384.0,-0.011127272673117694,0.011127272673117694,batch,"[0, 1]"
93111,exploiter,1,16384,author_pivot_voi,4,2,16384.0,-0.011127272673117694,0.011127272673117694,batch,"[0, 1]"
93111,exploiter,1,32768,pivot_kg,8,4,32768.0,-0.022272230777706403,0.022272230777706403,budget_exhausted,"[8, 7, 3, 2]"
93111,exploiter,1,32768,pivot_kg_stop,8,4,32768.0,-0.022272230777706403,0.022272230777706403,budget_exhausted,"[8, 7, 0, 4]"
93111,exploiter,1,32768,uniform_v2,8,4,32768.0,-0.022272230777706403,0.022272230777706403,budget_exhausted,"[1, 5, 3, 4]"
93111,exploiter,1,32768,ivr_v2,8,4,32768.0,-0.022272230777706403,0.022272230777706403,budget_exhausted,"[8, 7, 6, 5]"
93111,exploiter,1,32768,lucb_v2,8,4,32768.0,-0.022272230777706403,0.022272230777706403,budget_exhausted,"[8, 7, 6, 5]"
93111,exploiter,1,32768,author_random_hf,8,4,32768.0,-0.022272230777706403,0.022272230777706403,batch,"[4, 6, 1, 3]"
93111,exploiter,1,32768,author_paired_lucb,2,4,32768.0,-0.005554799836403834,0.005554799836403834,batch,"[4, 5, 3, 6]"
93111,exploiter,1,32768,author_global_voi,4,4,32768.0,-0.011127272673117694,0.011127272673117694,batch,"[0, 1, 2, 3]"
93111,exploiter,1,32768,author_pivot_voi,4,4,32768.0,-0.011127272673117694,0.011127272673117694,batch,"[0, 1, 2, 3]"
93111,exploiter,1,,all_hf_reference,1,9,73728.0,-0.0027685649719421113,0.0027685649719421113,all,"[0, 1, 2, 3, 4, 5, 6, 7, 8]"
93111,exploiter,8,8192,pivot_kg,0,1,8192.0,0.0,0.0,budget_exhausted,[8]
93111,exploiter,8,8192,pivot_kg_stop,0,1,8192.0,0.0,0.0,budget_exhausted,[8]
93111,exploiter,8,8192,uniform_v2,0,1,8192.0,0.0,0.0,budget_exhausted,[1]
93111,exploiter,8,8192,ivr_v2,0,1,8192.0,0.0,0.0,budget_exhausted,[8]
93111,exploiter,8,8192,lucb_v2,0,1,8192.0,0.0,0.0,budget_exhausted,[8]
93111,exploiter,8,,no_hf_v2,0,0,0.0,0.0,0.0,no_hf_method,[]
93111,exploiter,8,,proxy_only,8,0,0.0,-0.30907899001367806,0.30907899001367806,no_hf_method,[]
93111,exploiter,8,8192,author_random_hf,8,1,8192.0,-0.30907899001367806,0.30907899001367806,batch,[4]
93111,exploiter,8,8192,author_paired_lucb,3,1,8192.0,-0.11585103069691421,0.11585103069691421,batch,[4]
93111,exploiter,8,8192,author_global_voi,4,1,8192.0,-0.1544966142564992,0.1544966142564992,batch,[0]
93111,exploiter,8,8192,author_pivot_voi,4,1,8192.0,-0.1544966142564992,0.1544966142564992,batch,[0]
93111,exploiter,8,16384,pivot_kg,0,2,16384.0,0.0,0.0,budget_exhausted,"[8, 0]"
93111,exploiter,8,16384,pivot_kg_stop,0,2,16384.0,0.0,0.0,budget_exhausted,"[8, 0]"
93111,exploiter,8,16384,uniform_v2,0,2,16384.0,0.0,0.0,budget_exhausted,"[1, 5]"
93111,exploiter,8,16384,ivr_v2,0,2,16384.0,0.0,0.0,budget_exhausted,"[8, 7]"
93111,exploiter,8,16384,lucb_v2,0,2,16384.0,0.0,0.0,budget_exhausted,"[8, 7]"
93111,exploiter,8,16384,author_random_hf,8,2,16384.0,-0.30907899001367806,0.30907899001367806,batch,"[4, 6]"
93111,exploiter,8,16384,author_paired_lucb,9,2,16384.0,0.0,0.0,batch,"[4, 3]"
93111,exploiter,8,16384,author_global_voi,4,2,16384.0,-0.1544966142564992,0.1544966142564992,batch,"[0, 1]"
93111,exploiter,8,16384,author_pivot_voi,4,2,16384.0,-0.1544966142564992,0.1544966142564992,batch,"[0, 1]"
93111,exploiter,8,32768,pivot_kg,0,4,32768.0,0.0,0.0,budget_exhausted,"[8, 0, 7, 6]"
93111,exploiter,8,32768,pivot_kg_stop,0,4,32768.0,0.0,0.0,budget_exhausted,"[8, 0, 7, 6]"
93111,exploiter,8,32768,uniform_v2,0,4,32768.0,0.0,0.0,budget_exhausted,"[1, 5, 3, 4]"
93111,exploiter,8,32768,ivr_v2,0,4,32768.0,0.0,0.0,budget_exhausted,"[8, 7, 6, 5]"
93111,exploiter,8,32768,lucb_v2,0,4,32768.0,0.0,0.0,budget_exhausted,"[8, 7, 0, 6]"
93111,exploiter,8,32768,author_random_hf,8,4,32768.0,-0.30907899001367806,0.30907899001367806,batch,"[4, 6, 1, 3]"
93111,exploiter,8,32768,author_paired_lucb,9,4,32768.0,0.0,0.0,batch,"[4, 3, 2, 1]"
93111,exploiter,8,32768,author_global_voi,4,4,32768.0,-0.1544966142564992,0.1544966142564992,batch,"[0, 1, 2, 3]"
93111,exploiter,8,32768,author_pivot_voi,4,4,32768.0,-0.1544966142564992,0.1544966142564992,batch,"[0, 1, 2, 3]"
93111,exploiter,8,,all_hf_reference,0,9,73728.0,0.0,0.0,all,"[0, 1, 2, 3, 4, 5, 6, 7, 8]"
93112,equilibrator,1,8192,pivot_kg,0,1,8192.0,0.0,0.03311588368487434,budget_exhausted,[8]
93112,equilibrator,1,8192,pivot_kg_stop,0,1,8192.0,0.0,0.03311588368487434,budget_exhausted,[8]
93112,equilibrator,1,8192,uniform_v2,0,1,8192.0,0.0,0.03311588368487434,budget_exhausted,[7]
93112,equilibrator,1,8192,ivr_v2,0,1,8192.0,0.0,0.03311588368487434,budget_exhausted,[8]
93112,equilibrator,1,8192,lucb_v2,0,1,8192.0,0.0,0.03311588368487434,budget_exhausted,[8]
93112,equilibrator,1,,no_hf_v2,0,0,0.0,0.0,0.03311588368487434,no_hf_method,[]
93112,equilibrator,1,,proxy_only,8,0,0.0,0.03311588368487434,0.0,no_hf_method,[]
93112,equilibrator,1,8192,author_random_hf,7,1,8192.0,0.028976398430248296,0.004139485254626041,batch,[8]
93112,equilibrator,1,8192,author_paired_lucb,4,1,8192.0,0.016557942313256024,0.016557941371618312,batch,[4]
93112,equilibrator,1,8192,author_global_voi,4,1,8192.0,0.016557942313256024,0.016557941371618312,batch,[0]
93112,equilibrator,1,8192,author_pivot_voi,4,1,8192.0,0.016557942313256024,0.016557941371618312,batch,[0]
93112,equilibrator,1,16384,pivot_kg,0,2,16384.0,0.0,0.03311588368487434,budget_exhausted,"[8, 0]"
93112,equilibrator,1,16384,pivot_kg_stop,0,2,16384.0,0.0,0.03311588368487434,budget_exhausted,"[8, 0]"
93112,equilibrator,1,16384,uniform_v2,0,2,16384.0,0.0,0.03311588368487434,budget_exhausted,"[7, 5]"
93112,equilibrator,1,16384,ivr_v2,0,2,16384.0,0.0,0.03311588368487434,budget_exhausted,"[8, 7]"
93112,equilibrator,1,16384,lucb_v2,0,2,16384.0,0.0,0.03311588368487434,budget_exhausted,"[8, 0]"
93112,equilibrator,1,16384,author_random_hf,7,2,16384.0,0.028976398430248296,0.004139485254626041,batch,"[8, 0]"
93112,equilibrator,1,16384,author_paired_lucb,3,2,16384.0,0.012418456823220625,0.02069742686165371,batch,"[4, 3]"
93112,equilibrator,1,16384,author_global_voi,4,2,16384.0,0.016557942313256024,0.016557941371618312,batch,"[0, 1]"
93112,equilibrator,1,16384,author_pivot_voi,4,2,16384.0,0.016557942313256024,0.016557941371618312,batch,"[0, 1]"
93112,equilibrator,1,32768,pivot_kg,0,4,32768.0,0.0,0.03311588368487434,budget_exhausted,"[8, 0, 7, 6]"
93112,equilibrator,1,32768,pivot_kg_stop,0,4,32768.0,0.0,0.03311588368487434,budget_exhausted,"[8, 0, 7, 6]"
93112,equilibrator,1,32768,uniform_v2,0,4,32768.0,0.0,0.03311588368487434,budget_exhausted,"[7, 5, 3, 1]"
93112,equilibrator,1,32768,ivr_v2,0,4,32768.0,0.0,0.03311588368487434,budget_exhausted,"[8, 7, 6, 5]"
93112,equilibrator,1,32768,lucb_v2,0,4,32768.0,0.0,0.03311588368487434,budget_exhausted,"[8, 0, 7, 6]"
93112,equilibrator,1,32768,author_random_hf,6,4,32768.0,0.024836913116769943,0.008278970568104393,batch,"[8, 0, 3, 7]"
93112,equilibrator,1,32768,author_paired_lucb,5,4,32768.0,0.020697427744439167,0.012418455940435169,batch,"[4, 3, 5, 2]"
93112,equilibrator,1,32768,author_global_voi,4,4,32768.0,0.016557942313256024,0.016557941371618312,batch,"[0, 1, 2, 3]"
93112,equilibrator,1,32768,author_pivot_voi,4,4,32768.0,0.016557942313256024,0.016557941371618312,batch,"[0, 1, 2, 3]"
93112,equilibrator,1,,all_hf_reference,6,9,73728.0,0.024836913116769943,0.008278970568104393,all,"[0, 1, 2, 3, 4, 5, 6, 7, 8]"
93112,equilibrator,8,8192,pivot_kg,0,1,8192.0,0.0,0.010627108983043532,budget_exhausted,[0]
93112,equilibrator,8,8192,pivot_kg_stop,0,1,8192.0,0.0,0.010627108983043532,budget_exhausted,[0]
93112,equilibrator,8,8192,uniform_v2,0,1,8192.0,0.0,0.010627108983043532,budget_exhausted,[7]
93112,equilibrator,8,8192,ivr_v2,0,1,8192.0,0.0,0.010627108983043532,budget_exhausted,[8]
93112,equilibrator,8,8192,lucb_v2,0,1,8192.0,0.0,0.010627108983043532,budget_exhausted,[8]
93112,equilibrator,8,,no_hf_v2,0,0,0.0,0.0,0.010627108983043532,no_hf_method,[]
93112,equilibrator,8,,proxy_only,8,0,0.0,0.010627108983043532,0.0,no_hf_method,[]
93112,equilibrator,8,8192,author_random_hf,7,1,8192.0,0.009298720602678667,0.0013283883803648644,batch,[8]
93112,equilibrator,8,8192,author_paired_lucb,3,1,8192.0,0.003985166388317474,0.006641942594726058,batch,[4]
93112,equilibrator,8,8192,author_global_voi,4,1,8192.0,0.00531355504584291,0.005313553937200621,batch,[0]
93112,equilibrator,8,8192,author_pivot_voi,4,1,8192.0,0.00531355504584291,0.005313553937200621,batch,[3]
93112,equilibrator,8,16384,pivot_kg,0,2,16384.0,0.0,0.010627108983043532,budget_exhausted,"[0, 8]"
93112,equilibrator,8,16384,pivot_kg_stop,0,2,16384.0,0.0,0.010627108983043532,budget_exhausted,"[0, 8]"
93112,equilibrator,8,16384,uniform_v2,0,2,16384.0,0.0,0.010627108983043532,budget_exhausted,"[7, 5]"
93112,equilibrator,8,16384,ivr_v2,0,2,16384.0,0.0,0.010627108983043532,budget_exhausted,"[8, 7]"
93112,equilibrator,8,16384,lucb_v2,0,2,16384.0,0.0,0.010627108983043532,budget_exhausted,"[8, 0]"
93112,equilibrator,8,16384,author_random_hf,7,2,16384.0,0.009298720602678667,0.0013283883803648644,batch,"[8, 0]"
93112,equilibrator,8,16384,author_paired_lucb,4,2,16384.0,0.00531355504584291,0.005313553937200621,batch,"[4, 3]"
93112,equilibrator,8,16384,author_global_voi,4,2,16384.0,0.00531355504584291,0.005313553937200621,batch,"[0, 1]"
93112,equilibrator,8,16384,author_pivot_voi,4,2,16384.0,0.00531355504584291,0.005313553937200621,batch,"[3, 4]"
93112,equilibrator,8,32768,pivot_kg,0,4,32768.0,0.0,0.010627108983043532,budget_exhausted,"[0, 8, 7, 6]"
93112,equilibrator,8,32768,pivot_kg_stop,0,4,32768.0,0.0,0.010627108983043532,budget_exhausted,"[0, 8, 7, 6]"
93112,equilibrator,8,32768,uniform_v2,0,4,32768.0,0.0,0.010627108983043532,budget_exhausted,"[7, 5, 3, 1]"
93112,equilibrator,8,32768,ivr_v2,0,4,32768.0,0.0,0.010627108983043532,budget_exhausted,"[8, 7, 6, 5]"
93112,equilibrator,8,32768,lucb_v2,0,4,32768.0,0.0,0.010627108983043532,budget_exhausted,"[8, 0, 7, 6]"
93112,equilibrator,8,32768,author_random_hf,6,4,32768.0,0.007970332153023452,0.00265677683002008,batch,"[8, 0, 3, 7]"
93112,equilibrator,8,32768,author_paired_lucb,1,4,32768.0,0.0013283888653958242,0.009298720117647707,batch,"[4, 3, 2, 1]"
93112,equilibrator,8,32768,author_global_voi,4,4,32768.0,0.00531355504584291,0.005313553937200621,batch,"[0, 1, 2, 3]"
93112,equilibrator,8,32768,author_pivot_voi,4,4,32768.0,0.00531355504584291,0.005313553937200621,batch,"[3, 4, 6, 7]"
93112,equilibrator,8,,all_hf_reference,5,9,73728.0,0.006641943634078273,0.003985165348965258,all,"[0, 1, 2, 3, 4, 5, 6, 7, 8]"
93113,exploiter,1,8192,pivot_kg,8,1,8192.0,0.3777037266580527,0.0,budget_exhausted,[6]
93113,exploiter,1,8192,pivot_kg_stop,8,0,0.0,0.3777037266580527,0.0,selection_probability,[]
93113,exploiter,1,8192,uniform_v2,8,1,8192.0,0.3777037266580527,0.0,budget_exhausted,[6]
93113,exploiter,1,8192,ivr_v2,8,1,8192.0,0.3777037266580527,0.0,budget_exhausted,[8]
93113,exploiter,1,8192,lucb_v2,8,1,8192.0,0.3777037266580527,0.0,budget_exhausted,[8]
93113,exploiter,1,,no_hf_v2,8,0,0.0,0.3777037266580527,0.0,no_hf_method,[]
93113,exploiter,1,,proxy_only,8,0,0.0,0.3777037266580527,0.0,no_hf_method,[]
93113,exploiter,1,8192,author_random_hf,8,1,8192.0,0.3777037266580527,0.0,batch,[5]
93113,exploiter,1,8192,author_paired_lucb,7,1,8192.0,0.33500009110899054,0.04270363554906215,batch,[8]
93113,exploiter,1,8192,author_global_voi,8,1,8192.0,0.3777037266580527,0.0,batch,[0]
93113,exploiter,1,8192,author_pivot_voi,8,1,8192.0,0.3777037266580527,0.0,batch,[0]
93113,exploiter,1,16384,pivot_kg,8,2,16384.0,0.3777037266580527,0.0,budget_exhausted,"[6, 2]"
93113,exploiter,1,16384,pivot_kg_stop,8,0,0.0,0.3777037266580527,0.0,selection_probability,[]
93113,exploiter,1,16384,uniform_v2,8,2,16384.0,0.3777037266580527,0.0,budget_exhausted,"[6, 1]"
93113,exploiter,1,16384,ivr_v2,8,2,16384.0,0.3777037266580527,0.0,budget_exhausted,"[8, 7]"
93113,exploiter,1,16384,lucb_v2,8,2,16384.0,0.3777037266580527,0.0,budget_exhausted,"[8, 7]"
93113,exploiter,1,16384,author_random_hf,8,2,16384.0,0.3777037266580527,0.0,batch,"[5, 0]"
93113,exploiter,1,16384,author_paired_lucb,8,2,16384.0,0.3777037266580527,0.0,batch,"[8, 7]"
93113,exploiter,1,16384,author_global_voi,8,2,16384.0,0.3777037266580527,0.0,batch,"[0, 1]"
93113,exploiter,1,16384,author_pivot_voi,8,2,16384.0,0.3777037266580527,0.0,batch,"[0, 1]"
93113,exploiter,1,32768,pivot_kg,8,4,32768.0,0.3777037266580527,0.0,budget_exhausted,"[6, 2, 3, 4]"
93113,exploiter,1,32768,pivot_kg_stop,8,0,0.0,0.3777037266580527,0.0,selection_probability,[]
93113,exploiter,1,32768,uniform_v2,8,4,32768.0,0.3777037266580527,0.0,budget_exhausted,"[6, 1, 7, 0]"
93113,exploiter,1,32768,ivr_v2,8,4,32768.0,0.3777037266580527,0.0,budget_exhausted,"[8, 7, 6, 5]"
93113,exploiter,1,32768,lucb_v2,8,4,32768.0,0.3777037266580527,0.0,budget_exhausted,"[8, 7, 6, 5]"
93113,exploiter,1,32768,author_random_hf,8,4,32768.0,0.3777037266580527,0.0,batch,"[5, 0, 4, 2]"
93113,exploiter,1,32768,author_paired_lucb,8,4,32768.0,0.3777037266580527,0.0,batch,"[8, 7, 6, 5]"
93113,exploiter,1,32768,author_global_voi,8,4,32768.0,0.3777037266580527,0.0,batch,"[0, 1, 2, 3]"
93113,exploiter,1,32768,author_pivot_voi,8,4,32768.0,0.3777037266580527,0.0,batch,"[0, 1, 2, 3]"
93113,exploiter,1,,all_hf_reference,8,9,73728.0,0.3777037266580527,0.0,all,"[0, 1, 2, 3, 4, 5, 6, 7, 8]"
93113,exploiter,8,8192,pivot_kg,8,1,8192.0,-0.18085586219641708,0.18085586219641708,budget_exhausted,[8]
93113,exploiter,8,8192,pivot_kg_stop,8,1,8192.0,-0.18085586219641708,0.18085586219641708,budget_exhausted,[8]
93113,exploiter,8,8192,uniform_v2,8,1,8192.0,-0.18085586219641708,0.18085586219641708,budget_exhausted,[6]
93113,exploiter,8,8192,ivr_v2,8,1,8192.0,-0.18085586219641708,0.18085586219641708,budget_exhausted,[8]
93113,exploiter,8,8192,lucb_v2,8,1,8192.0,-0.18085586219641708,0.18085586219641708,budget_exhausted,[8]
93113,exploiter,8,,no_hf_v2,8,0,0.0,-0.18085586219641708,0.18085586219641708,no_hf_method,[]
93113,exploiter,8,,proxy_only,8,0,0.0,-0.18085586219641708,0.18085586219641708,no_hf_method,[]
93113,exploiter,8,8192,author_random_hf,8,1,8192.0,-0.18085586219641708,0.18085586219641708,batch,[5]
93113,exploiter,8,8192,author_paired_lucb,6,1,8192.0,-0.12135013836923403,0.12135013836923403,batch,[5]
93113,exploiter,8,8192,author_global_voi,5,1,8192.0,-0.09516614382369176,0.09516614382369176,batch,[0]
93113,exploiter,8,8192,author_pivot_voi,5,1,8192.0,-0.09516614382369176,0.09516614382369176,batch,[8]
93113,exploiter,8,16384,pivot_kg,8,2,16384.0,-0.18085586219641708,0.18085586219641708,budget_exhausted,"[8, 7]"
93113,exploiter,8,16384,pivot_kg_stop,8,2,16384.0,-0.18085586219641708,0.18085586219641708,budget_exhausted,"[8, 7]"
93113,exploiter,8,16384,uniform_v2,8,2,16384.0,-0.18085586219641708,0.18085586219641708,budget_exhausted,"[6, 1]"
93113,exploiter,8,16384,ivr_v2,8,2,16384.0,-0.18085586219641708,0.18085586219641708,budget_exhausted,"[8, 7]"
93113,exploiter,8,16384,lucb_v2,8,2,16384.0,-0.18085586219641708,0.18085586219641708,budget_exhausted,"[8, 7]"
93113,exploiter,8,16384,author_random_hf,8,2,16384.0,-0.18085586219641708,0.18085586219641708,batch,"[5, 0]"
93113,exploiter,8,16384,author_paired_lucb,4,2,16384.0,-0.07136139419018228,0.07136139419018228,batch,"[5, 6]"
93113,exploiter,8,16384,author_global_voi,5,2,16384.0,-0.09516614382369176,0.09516614382369176,batch,"[0, 1]"
93113,exploiter,8,16384,author_pivot_voi,5,2,16384.0,-0.09516614382369176,0.09516614382369176,batch,"[8, 7]"
93113,exploiter,8,32768,pivot_kg,8,4,32768.0,-0.18085586219641708,0.18085586219641708,budget_exhausted,"[8, 7, 6, 2]"
93113,exploiter,8,32768,pivot_kg_stop,8,4,32768.0,-0.18085586219641708,0.18085586219641708,budget_exhausted,"[8, 7, 6, 3]"
93113,exploiter,8,32768,uniform_v2,8,4,32768.0,-0.18085586219641708,0.18085586219641708,budget_exhausted,"[6, 1, 7, 0]"
93113,exploiter,8,32768,ivr_v2,8,4,32768.0,-0.18085586219641708,0.18085586219641708,budget_exhausted,"[8, 7, 6, 5]"
93113,exploiter,8,32768,lucb_v2,8,4,32768.0,-0.18085586219641708,0.18085586219641708,budget_exhausted,"[8, 7, 6, 5]"
93113,exploiter,8,32768,author_random_hf,8,4,32768.0,-0.18085586219641708,0.18085586219641708,batch,"[5, 0, 4, 2]"
93113,exploiter,8,32768,author_paired_lucb,8,4,32768.0,-0.18085586219641708,0.18085586219641708,batch,"[5, 6, 4, 7]"
93113,exploiter,8,32768,author_global_voi,5,4,32768.0,-0.09516614382369176,0.09516614382369176,batch,"[0, 1, 2, 3]"
93113,exploiter,8,32768,author_pivot_voi,5,4,32768.0,-0.09516614382369176,0.09516614382369176,batch,"[8, 7, 0, 1]"
93113,exploiter,8,,all_hf_reference,0,9,73728.0,0.0,0.0,all,"[0, 1, 2, 3, 4, 5, 6, 7, 8]"
93114,equilibrator,1,8192,pivot_kg,8,1,8192.0,0.15785117551573707,0.0,budget_exhausted,[8]
93114,equilibrator,1,8192,pivot_kg_stop,8,1,8192.0,0.15785117551573707,0.0,budget_exhausted,[8]
93114,equilibrator,1,8192,uniform_v2,8,1,8192.0,0.15785117551573707,0.0,budget_exhausted,[5]
93114,equilibrator,1,8192,ivr_v2,8,1,8192.0,0.15785117551573707,0.0,budget_exhausted,[8]
93114,equilibrator,1,8192,lucb_v2,8,1,8192.0,0.15785117551573707,0.0,budget_exhausted,[8]
93114,equilibrator,1,,no_hf_v2,8,0,0.0,0.15785117551573707,0.0,no_hf_method,[]
93114,equilibrator,1,,proxy_only,8,0,0.0,0.15785117551573707,0.0,no_hf_method,[]
93114,equilibrator,1,8192,author_random_hf,8,1,8192.0,0.15785117551573707,0.0,batch,[0]
93114,equilibrator,1,8192,author_paired_lucb,8,1,8192.0,0.15785117551573707,0.0,batch,[8]
93114,equilibrator,1,8192,author_global_voi,8,1,8192.0,0.15785117551573707,0.0,batch,[0]
93114,equilibrator,1,8192,author_pivot_voi,8,1,8192.0,0.15785117551573707,0.0,batch,[0]
93114,equilibrator,1,16384,pivot_kg,8,2,16384.0,0.15785117551573707,0.0,budget_exhausted,"[8, 7]"
93114,equilibrator,1,16384,pivot_kg_stop,8,2,16384.0,0.15785117551573707,0.0,budget_exhausted,"[8, 6]"
93114,equilibrator,1,16384,uniform_v2,8,2,16384.0,0.15785117551573707,0.0,budget_exhausted,"[5, 3]"
93114,equilibrator,1,16384,ivr_v2,8,2,16384.0,0.15785117551573707,0.0,budget_exhausted,"[8, 7]"
93114,equilibrator,1,16384,lucb_v2,8,2,16384.0,0.15785117551573707,0.0,budget_exhausted,"[8, 7]"
93114,equilibrator,1,16384,author_random_hf,8,2,16384.0,0.15785117551573707,0.0,batch,"[0, 5]"
93114,equilibrator,1,16384,author_paired_lucb,7,2,16384.0,0.14052866851193482,0.01732250700380225,batch,"[8, 7]"
93114,equilibrator,1,16384,author_global_voi,8,2,16384.0,0.15785117551573707,0.0,batch,"[0, 1]"
93114,equilibrator,1,16384,author_pivot_voi,8,2,16384.0,0.15785117551573707,0.0,batch,"[0, 1]"
93114,equilibrator,1,32768,pivot_kg,8,4,32768.0,0.15785117551573707,0.0,budget_exhausted,"[8, 7, 2, 5]"
93114,equilibrator,1,32768,pivot_kg_stop,8,4,32768.0,0.15785117551573707,0.0,budget_exhausted,"[8, 6, 4, 7]"
93114,equilibrator,1,32768,uniform_v2,8,4,32768.0,0.15785117551573707,0.0,budget_exhausted,"[5, 3, 0, 2]"
93114,equilibrator,1,32768,ivr_v2,8,4,32768.0,0.15785117551573707,0.0,budget_exhausted,"[8, 7, 6, 5]"
93114,equilibrator,1,32768,lucb_v2,8,4,32768.0,0.15785117551573707,0.0,budget_exhausted,"[8, 7, 6, 5]"
93114,equilibrator,1,32768,author_random_hf,8,4,32768.0,0.15785117551573707,0.0,batch,"[0, 5, 1, 2]"
93114,equilibrator,1,32768,author_paired_lucb,7,4,32768.0,0.14052866851193482,0.01732250700380225,batch,"[8, 7, 6, 5]"
93114,equilibrator,1,32768,author_global_voi,8,4,32768.0,0.15785117551573707,0.0,batch,"[0, 1, 2, 3]"
93114,equilibrator,1,32768,author_pivot_voi,8,4,32768.0,0.15785117551573707,0.0,batch,"[0, 1, 2, 3]"
93114,equilibrator,1,,all_hf_reference,7,9,73728.0,0.14052866851193482,0.01732250700380225,all,"[0, 1, 2, 3, 4, 5, 6, 7, 8]"
93114,equilibrator,8,8192,pivot_kg,0,1,8192.0,0.0,0.012846796841006147,budget_exhausted,[8]
93114,equilibrator,8,8192,pivot_kg_stop,0,1,8192.0,0.0,0.012846796841006147,budget_exhausted,[8]
93114,equilibrator,8,8192,uniform_v2,0,1,8192.0,0.0,0.012846796841006147,budget_exhausted,[5]
93114,equilibrator,8,8192,ivr_v2,0,1,8192.0,0.0,0.012846796841006147,budget_exhausted,[8]
93114,equilibrator,8,8192,lucb_v2,0,1,8192.0,0.0,0.012846796841006147,budget_exhausted,[8]
93114,equilibrator,8,,no_hf_v2,0,0,0.0,0.0,0.012846796841006147,no_hf_method,[]
93114,equilibrator,8,,proxy_only,8,0,0.0,0.012846796841006147,0.0,no_hf_method,[]
93114,equilibrator,8,8192,author_random_hf,8,1,8192.0,0.012846796841006147,0.0,batch,[0]
93114,equilibrator,8,8192,author_paired_lucb,3,1,8192.0,0.006471496311805602,0.006375300529200545,batch,[4]
93114,equilibrator,8,8192,author_global_voi,4,1,8192.0,0.008187609083359915,0.004659187757646233,batch,[0]
93114,equilibrator,8,8192,author_pivot_voi,4,1,8192.0,0.008187609083359915,0.004659187757646233,batch,[0]
93114,equilibrator,8,16384,pivot_kg,0,2,16384.0,0.0,0.012846796841006147,budget_exhausted,"[8, 7]"
93114,equilibrator,8,16384,pivot_kg_stop,0,2,16384.0,0.0,0.012846796841006147,budget_exhausted,"[8, 7]"
93114,equilibrator,8,16384,uniform_v2,0,2,16384.0,0.0,0.012846796841006147,budget_exhausted,"[5, 3]"
93114,equilibrator,8,16384,ivr_v2,0,2,16384.0,0.0,0.012846796841006147,budget_exhausted,"[8, 7]"
93114,equilibrator,8,16384,lucb_v2,0,2,16384.0,0.0,0.012846796841006147,budget_exhausted,"[8, 0]"
93114,equilibrator,8,16384,author_random_hf,8,2,16384.0,0.012846796841006147,0.0,batch,"[0, 5]"
93114,equilibrator,8,16384,author_paired_lucb,5,2,16384.0,0.009683195522057098,0.0031636013189490497,batch,"[4, 3]"
93114,equilibrator,8,16384,author_global_voi,4,2,16384.0,0.008187609083359915,0.004659187757646233,batch,"[0, 1]"
93114,equilibrator,8,16384,author_pivot_voi,4,2,16384.0,0.008187609083359915,0.004659187757646233,batch,"[0, 1]"
93114,equilibrator,8,32768,pivot_kg,0,4,32768.0,0.0,0.012846796841006147,budget_exhausted,"[8, 7, 6, 5]"
93114,equilibrator,8,32768,pivot_kg_stop,0,4,32768.0,0.0,0.012846796841006147,budget_exhausted,"[8, 7, 6, 5]"
93114,equilibrator,8,32768,uniform_v2,0,4,32768.0,0.0,0.012846796841006147,budget_exhausted,"[5, 3, 0, 2]"
93114,equilibrator,8,32768,ivr_v2,0,4,32768.0,0.0,0.012846796841006147,budget_exhausted,"[8, 7, 6, 5]"
93114,equilibrator,8,32768,lucb_v2,0,4,32768.0,0.0,0.012846796841006147,budget_exhausted,"[8, 0, 7, 6]"
93114,equilibrator,8,32768,author_random_hf,8,4,32768.0,0.012846796841006147,0.0,batch,"[0, 5, 1, 2]"
93114,equilibrator,8,32768,author_paired_lucb,6,4,32768.0,0.010958255627897151,0.0018885412131089963,batch,"[4, 3, 5, 2]"
93114,equilibrator,8,32768,author_global_voi,4,4,32768.0,0.008187609083359915,0.004659187757646233,batch,"[0, 1, 2, 3]"
93114,equilibrator,8,32768,author_pivot_voi,4,4,32768.0,0.008187609083359915,0.004659187757646233,batch,"[0, 1, 2, 3]"
93114,equilibrator,8,,all_hf_reference,6,9,73728.0,0.010958255627897151,0.0018885412131089963,all,"[0, 1, 2, 3, 4, 5, 6, 7, 8]"
93115,exploiter,1,8192,pivot_kg,8,1,8192.0,0.20570393127118713,0.0,budget_exhausted,[4]
93115,exploiter,1,8192,pivot_kg_stop,8,1,8192.0,0.20570393127118713,0.0,budget_exhausted,[4]
93115,exploiter,1,8192,uniform_v2,8,1,8192.0,0.20570393127118713,0.0,budget_exhausted,[1]
93115,exploiter,1,8192,ivr_v2,8,1,8192.0,0.20570393127118713,0.0,budget_exhausted,[8]
93115,exploiter,1,8192,lucb_v2,8,1,8192.0,0.20570393127118713,0.0,budget_exhausted,[8]
93115,exploiter,1,,no_hf_v2,8,0,0.0,0.20570393127118713,0.0,no_hf_method,[]
93115,exploiter,1,,proxy_only,8,0,0.0,0.20570393127118713,0.0,no_hf_method,[]
93115,exploiter,1,8192,author_random_hf,8,1,8192.0,0.20570393127118713,0.0,batch,[0]
93115,exploiter,1,8192,author_paired_lucb,7,1,8192.0,0.18529601147095542,0.02040791980023171,batch,[8]
93115,exploiter,1,8192,author_global_voi,8,1,8192.0,0.20570393127118713,0.0,batch,[0]
93115,exploiter,1,8192,author_pivot_voi,8,1,8192.0,0.20570393127118713,0.0,batch,[0]
93115,exploiter,1,16384,pivot_kg,8,2,16384.0,0.20570393127118713,0.0,budget_exhausted,"[4, 8]"
93115,exploiter,1,16384,pivot_kg_stop,8,2,16384.0,0.20570393127118713,0.0,budget_exhausted,"[4, 3]"
93115,exploiter,1,16384,uniform_v2,8,2,16384.0,0.20570393127118713,0.0,budget_exhausted,"[1, 2]"
93115,exploiter,1,16384,ivr_v2,8,2,16384.0,0.20570393127118713,0.0,budget_exhausted,"[8, 7]"
93115,exploiter,1,16384,lucb_v2,8,2,16384.0,0.20570393127118713,0.0,budget_exhausted,"[8, 7]"
93115,exploiter,1,16384,author_random_hf,8,2,16384.0,0.20570393127118713,0.0,batch,"[0, 1]"
93115,exploiter,1,16384,author_paired_lucb,8,2,16384.0,0.20570393127118713,0.0,batch,"[8, 7]"
93115,exploiter,1,16384,author_global_voi,8,2,16384.0,0.20570393127118713,0.0,batch,"[0, 1]"
93115,exploiter,1,16384,author_pivot_voi,8,2,16384.0,0.20570393127118713,0.0,batch,"[0, 1]"
93115,exploiter,1,32768,pivot_kg,8,4,32768.0,0.20570393127118713,0.0,budget_exhausted,"[4, 8, 3, 6]"
93115,exploiter,1,32768,pivot_kg_stop,8,4,32768.0,0.20570393127118713,0.0,budget_exhausted,"[4, 3, 6, 7]"
93115,exploiter,1,32768,uniform_v2,8,4,32768.0,0.20570393127118713,0.0,budget_exhausted,"[1, 2, 8, 5]"
93115,exploiter,1,32768,ivr_v2,8,4,32768.0,0.20570393127118713,0.0,budget_exhausted,"[8, 7, 6, 5]"
93115,exploiter,1,32768,lucb_v2,8,4,32768.0,0.20570393127118713,0.0,budget_exhausted,"[8, 7, 6, 5]"
93115,exploiter,1,32768,author_random_hf,8,4,32768.0,0.20570393127118713,0.0,batch,"[0, 1, 4, 7]"
93115,exploiter,1,32768,author_paired_lucb,8,4,32768.0,0.20570393127118713,0.0,batch,"[8, 7, 6, 5]"
93115,exploiter,1,32768,author_global_voi,8,4,32768.0,0.20570393127118713,0.0,batch,"[0, 1, 2, 3]"
93115,exploiter,1,32768,author_pivot_voi,8,4,32768.0,0.20570393127118713,0.0,batch,"[0, 1, 2, 3]"
93115,exploiter,1,,all_hf_reference,8,9,73728.0,0.20570393127118713,0.0,all,"[0, 1, 2, 3, 4, 5, 6, 7, 8]"
93115,exploiter,8,8192,pivot_kg,7,1,8192.0,-0.21029037813766244,0.21029037813766244,budget_exhausted,[8]
93115,exploiter,8,8192,pivot_kg_stop,7,1,8192.0,-0.21029037813766244,0.21029037813766244,budget_exhausted,[8]
93115,exploiter,8,8192,uniform_v2,8,1,8192.0,-0.2359950557865093,0.2359950557865093,budget_exhausted,[1]
93115,exploiter,8,8192,ivr_v2,7,1,8192.0,-0.21029037813766244,0.21029037813766244,budget_exhausted,[8]
93115,exploiter,8,8192,lucb_v2,7,1,8192.0,-0.21029037813766244,0.21029037813766244,budget_exhausted,[8]
93115,exploiter,8,,no_hf_v2,8,0,0.0,-0.2359950557865093,0.2359950557865093,no_hf_method,[]
93115,exploiter,8,,proxy_only,8,0,0.0,-0.2359950557865093,0.2359950557865093,no_hf_method,[]
93115,exploiter,8,8192,author_random_hf,8,1,8192.0,-0.2359950557865093,0.2359950557865093,batch,[0]
93115,exploiter,8,8192,author_paired_lucb,5,1,8192.0,-0.1556214382164765,0.1556214382164765,batch,[4]
93115,exploiter,8,8192,author_global_voi,4,1,8192.0,-0.12665717594413722,0.12665717594413722,batch,[0]
93115,exploiter,8,8192,author_pivot_voi,4,1,8192.0,-0.12665717594413722,0.12665717594413722,batch,[0]
93115,exploiter,8,16384,pivot_kg,8,2,16384.0,-0.2359950557865093,0.2359950557865093,budget_exhausted,"[8, 7]"
93115,exploiter,8,16384,pivot_kg_stop,8,2,16384.0,-0.2359950557865093,0.2359950557865093,budget_exhausted,"[8, 7]"
93115,exploiter,8,16384,uniform_v2,8,2,16384.0,-0.2359950557865093,0.2359950557865093,budget_exhausted,"[1, 2]"
93115,exploiter,8,16384,ivr_v2,8,2,16384.0,-0.2359950557865093,0.2359950557865093,budget_exhausted,"[8, 7]"
93115,exploiter,8,16384,lucb_v2,8,2,16384.0,-0.2359950557865093,0.2359950557865093,budget_exhausted,"[8, 7]"
93115,exploiter,8,16384,author_random_hf,8,2,16384.0,-0.2359950557865093,0.2359950557865093,batch,"[0, 1]"
93115,exploiter,8,16384,author_paired_lucb,3,2,16384.0,-0.09660638546396733,0.09660638546396733,batch,"[4, 5]"
93115,exploiter,8,16384,author_global_voi,4,2,16384.0,-0.12665717594413722,0.12665717594413722,batch,"[0, 1]"
93115,exploiter,8,16384,author_pivot_voi,4,2,16384.0,-0.12665717594413722,0.12665717594413722,batch,"[0, 1]"
93115,exploiter,8,32768,pivot_kg,8,4,32768.0,-0.2359950557865093,0.2359950557865093,budget_exhausted,"[8, 7, 6, 5]"
93115,exploiter,8,32768,pivot_kg_stop,8,4,32768.0,-0.2359950557865093,0.2359950557865093,budget_exhausted,"[8, 7, 6, 5]"
93115,exploiter,8,32768,uniform_v2,7,4,32768.0,-0.21029037813766244,0.21029037813766244,budget_exhausted,"[1, 2, 8, 5]"
93115,exploiter,8,32768,ivr_v2,8,4,32768.0,-0.2359950557865093,0.2359950557865093,budget_exhausted,"[8, 7, 6, 5]"
93115,exploiter,8,32768,lucb_v2,8,4,32768.0,-0.2359950557865093,0.2359950557865093,budget_exhausted,"[8, 7, 6, 5]"
93115,exploiter,8,32768,author_random_hf,8,4,32768.0,-0.2359950557865093,0.2359950557865093,batch,"[0, 1, 4, 7]"
93115,exploiter,8,32768,author_paired_lucb,7,4,32768.0,-0.21029037813766244,0.21029037813766244,batch,"[4, 5, 3, 6]"
93115,exploiter,8,32768,author_global_voi,4,4,32768.0,-0.12665717594413722,0.12665717594413722,batch,"[0, 1, 2, 3]"
93115,exploiter,8,32768,author_pivot_voi,4,4,32768.0,-0.12665717594413722,0.12665717594413722,batch,"[0, 1, 2, 3]"
93115,exploiter,8,,all_hf_reference,0,9,73728.0,0.0,0.0,all,"[0, 1, 2, 3, 4, 5, 6, 7, 8]"
93116,equilibrator,1,8192,pivot_kg,8,1,8192.0,0.37181068999485223,0.0,budget_exhausted,[5]
93116,equilibrator,1,8192,pivot_kg_stop,8,1,8192.0,0.37181068999485223,0.0,budget_exhausted,[5]
93116,equilibrator,1,8192,uniform_v2,8,1,8192.0,0.37181068999485223,0.0,budget_exhausted,[7]
93116,equilibrator,1,8192,ivr_v2,8,1,8192.0,0.37181068999485223,0.0,budget_exhausted,[8]
93116,equilibrator,1,8192,lucb_v2,8,1,8192.0,0.37181068999485223,0.0,budget_exhausted,[8]
93116,equilibrator,1,,no_hf_v2,8,0,0.0,0.37181068999485223,0.0,no_hf_method,[]
93116,equilibrator,1,,proxy_only,8,0,0.0,0.37181068999485223,0.0,no_hf_method,[]
93116,equilibrator,1,8192,author_random_hf,8,1,8192.0,0.37181068999485223,0.0,batch,[6]
93116,equilibrator,1,8192,author_paired_lucb,8,1,8192.0,0.37181068999485223,0.0,batch,[8]
93116,equilibrator,1,8192,author_global_voi,8,1,8192.0,0.37181068999485223,0.0,batch,[0]
93116,equilibrator,1,8192,author_pivot_voi,8,1,8192.0,0.37181068999485223,0.0,batch,[0]
93116,equilibrator,1,16384,pivot_kg,8,2,16384.0,0.37181068999485223,0.0,budget_exhausted,"[5, 7]"
93116,equilibrator,1,16384,pivot_kg_stop,8,2,16384.0,0.37181068999485223,0.0,budget_exhausted,"[5, 6]"
93116,equilibrator,1,16384,uniform_v2,8,2,16384.0,0.37181068999485223,0.0,budget_exhausted,"[7, 8]"
93116,equilibrator,1,16384,ivr_v2,8,2,16384.0,0.37181068999485223,0.0,budget_exhausted,"[8, 7]"
93116,equilibrator,1,16384,lucb_v2,8,2,16384.0,0.37181068999485223,0.0,budget_exhausted,"[8, 7]"
93116,equilibrator,1,16384,author_random_hf,7,2,16384.0,0.33499286193502026,0.03681782805983197,batch,"[6, 8]"
93116,equilibrator,1,16384,author_paired_lucb,8,2,16384.0,0.37181068999485223,0.0,batch,"[8, 7]"
93116,equilibrator,1,16384,author_global_voi,8,2,16384.0,0.37181068999485223,0.0,batch,"[0, 1]"
93116,equilibrator,1,16384,author_pivot_voi,8,2,16384.0,0.37181068999485223,0.0,batch,"[0, 1]"
93116,equilibrator,1,32768,pivot_kg,8,4,32768.0,0.37181068999485223,0.0,budget_exhausted,"[5, 7, 2, 0]"
93116,equilibrator,1,32768,pivot_kg_stop,8,4,32768.0,0.37181068999485223,0.0,budget_exhausted,"[5, 6, 0, 1]"
93116,equilibrator,1,32768,uniform_v2,8,4,32768.0,0.37181068999485223,0.0,budget_exhausted,"[7, 8, 5, 2]"
93116,equilibrator,1,32768,ivr_v2,8,4,32768.0,0.37181068999485223,0.0,budget_exhausted,"[8, 7, 6, 5]"
93116,equilibrator,1,32768,lucb_v2,8,4,32768.0,0.37181068999485223,0.0,budget_exhausted,"[8, 7, 6, 5]"
93116,equilibrator,1,32768,author_random_hf,7,4,32768.0,0.33499286193502026,0.03681782805983197,batch,"[6, 8, 1, 5]"
93116,equilibrator,1,32768,author_paired_lucb,8,4,32768.0,0.37181068999485223,0.0,batch,"[8, 7, 6, 5]"
93116,equilibrator,1,32768,author_global_voi,8,4,32768.0,0.37181068999485223,0.0,batch,"[0, 1, 2, 3]"
93116,equilibrator,1,32768,author_pivot_voi,8,4,32768.0,0.37181068999485223,0.0,batch,"[0, 1, 2, 3]"
93116,equilibrator,1,,all_hf_reference,8,9,73728.0,0.37181068999485223,0.0,all,"[0, 1, 2, 3, 4, 5, 6, 7, 8]"
93116,equilibrator,8,8192,pivot_kg,8,1,8192.0,0.08143731500279083,0.0,budget_exhausted,[8]
93116,equilibrator,8,8192,pivot_kg_stop,8,1,8192.0,0.08143731500279083,0.0,budget_exhausted,[8]
93116,equilibrator,8,8192,uniform_v2,8,1,8192.0,0.08143731500279083,0.0,budget_exhausted,[7]
93116,equilibrator,8,8192,ivr_v2,8,1,8192.0,0.08143731500279083,0.0,budget_exhausted,[8]
93116,equilibrator,8,8192,lucb_v2,8,1,8192.0,0.08143731500279083,0.0,budget_exhausted,[8]
93116,equilibrator,8,,no_hf_v2,8,0,0.0,0.08143731500279083,0.0,no_hf_method,[]
93116,equilibrator,8,,proxy_only,8,0,0.0,0.08143731500279083,0.0,no_hf_method,[]
93116,equilibrator,8,8192,author_random_hf,8,1,8192.0,0.08143731500279083,0.0,batch,[6]
93116,equilibrator,8,8192,author_paired_lucb,5,1,8192.0,0.05753240118240016,0.023904913820390672,batch,[4]
93116,equilibrator,8,8192,author_global_voi,4,1,8192.0,0.047795008760761704,0.03364230624202913,batch,[0]
93116,equilibrator,8,8192,author_pivot_voi,4,1,8192.0,0.047795008760761704,0.03364230624202913,batch,[6]
93116,equilibrator,8,16384,pivot_kg,8,2,16384.0,0.08143731500279083,0.0,budget_exhausted,"[8, 7]"
93116,equilibrator,8,16384,pivot_kg_stop,8,2,16384.0,0.08143731500279083,0.0,budget_exhausted,"[8, 7]"
93116,equilibrator,8,16384,uniform_v2,8,2,16384.0,0.08143731500279083,0.0,budget_exhausted,"[7, 8]"
93116,equilibrator,8,16384,ivr_v2,8,2,16384.0,0.08143731500279083,0.0,budget_exhausted,"[8, 7]"
93116,equilibrator,8,16384,lucb_v2,8,2,16384.0,0.08143731500279083,0.0,budget_exhausted,"[8, 7]"
93116,equilibrator,8,16384,author_random_hf,7,2,16384.0,0.07435355430341484,0.007083760699375996,batch,"[6, 8]"
93116,equilibrator,8,16384,author_paired_lucb,6,2,16384.0,0.0663852496966178,0.015052065306173035,batch,"[4, 5]"
93116,equilibrator,8,16384,author_global_voi,4,2,16384.0,0.047795008760761704,0.03364230624202913,batch,"[0, 1]"
93116,equilibrator,8,16384,author_pivot_voi,4,2,16384.0,0.047795008760761704,0.03364230624202913,batch,"[6, 8]"
93116,equilibrator,8,32768,pivot_kg,8,4,32768.0,0.08143731500279083,0.0,budget_exhausted,"[8, 7, 6, 0]"
93116,equilibrator,8,32768,pivot_kg_stop,8,4,32768.0,0.08143731500279083,0.0,budget_exhausted,"[8, 7, 6, 0]"
93116,equilibrator,8,32768,uniform_v2,8,4,32768.0,0.08143731500279083,0.0,budget_exhausted,"[7, 8, 5, 2]"
93116,equilibrator,8,32768,ivr_v2,8,4,32768.0,0.08143731500279083,0.0,budget_exhausted,"[8, 7, 6, 5]"
93116,equilibrator,8,32768,lucb_v2,8,4,32768.0,0.08143731500279083,0.0,budget_exhausted,"[8, 7, 6, 5]"
93116,equilibrator,8,32768,author_random_hf,7,4,32768.0,0.07435355430341484,0.007083760699375996,batch,"[6, 8, 1, 5]"
93116,equilibrator,8,32768,author_paired_lucb,8,4,32768.0,0.08143731500279083,0.0,batch,"[4, 5, 6, 7]"
93116,equilibrator,8,32768,author_global_voi,4,4,32768.0,0.047795008760761704,0.03364230624202913,batch,"[0, 1, 2, 3]"
93116,equilibrator,8,32768,author_pivot_voi,4,4,32768.0,0.047795008760761704,0.03364230624202913,batch,"[6, 8, 5, 1]"
93116,equilibrator,8,,all_hf_reference,8,9,73728.0,0.08143731500279083,0.0,all,"[0, 1, 2, 3, 4, 5, 6, 7, 8]"
93117,exploiter,1,8192,pivot_kg,8,1,8192.0,0.397735713598643,0.0,budget_exhausted,[7]
93117,exploiter,1,8192,pivot_kg_stop,8,0,0.0,0.397735713598643,0.0,selection_probability,[]
93117,exploiter,1,8192,uniform_v2,8,1,8192.0,0.397735713598643,0.0,budget_exhausted,[4]
93117,exploiter,1,8192,ivr_v2,8,1,8192.0,0.397735713598643,0.0,budget_exhausted,[8]
93117,exploiter,1,8192,lucb_v2,8,1,8192.0,0.397735713598643,0.0,budget_exhausted,[8]
93117,exploiter,1,,no_hf_v2,8,0,0.0,0.397735713598643,0.0,no_hf_method,[]
93117,exploiter,1,,proxy_only,8,0,0.0,0.397735713598643,0.0,no_hf_method,[]
93117,exploiter,1,8192,author_random_hf,8,1,8192.0,0.397735713598643,0.0,batch,[2]
93117,exploiter,1,8192,author_paired_lucb,7,1,8192.0,0.3585218936966758,0.039213819901967206,batch,[8]
93117,exploiter,1,8192,author_global_voi,8,1,8192.0,0.397735713598643,0.0,batch,[0]
93117,exploiter,1,8192,author_pivot_voi,8,1,8192.0,0.397735713598643,0.0,batch,[0]
93117,exploiter,1,16384,pivot_kg,8,2,16384.0,0.397735713598643,0.0,budget_exhausted,"[7, 3]"
93117,exploiter,1,16384,pivot_kg_stop,8,0,0.0,0.397735713598643,0.0,selection_probability,[]
93117,exploiter,1,16384,uniform_v2,8,2,16384.0,0.397735713598643,0.0,budget_exhausted,"[4, 6]"
93117,exploiter,1,16384,ivr_v2,8,2,16384.0,0.397735713598643,0.0,budget_exhausted,"[8, 7]"
93117,exploiter,1,16384,lucb_v2,8,2,16384.0,0.397735713598643,0.0,budget_exhausted,"[8, 7]"
93117,exploiter,1,16384,author_random_hf,8,2,16384.0,0.397735713598643,0.0,batch,"[2, 1]"
93117,exploiter,1,16384,author_paired_lucb,8,2,16384.0,0.397735713598643,0.0,batch,"[8, 7]"
93117,exploiter,1,16384,author_global_voi,8,2,16384.0,0.397735713598643,0.0,batch,"[0, 1]"
93117,exploiter,1,16384,author_pivot_voi,8,2,16384.0,0.397735713598643,0.0,batch,"[0, 1]"
93117,exploiter,1,32768,pivot_kg,8,4,32768.0,0.397735713598643,0.0,budget_exhausted,"[7, 3, 4, 0]"
93117,exploiter,1,32768,pivot_kg_stop,8,0,0.0,0.397735713598643,0.0,selection_probability,[]
93117,exploiter,1,32768,uniform_v2,8,4,32768.0,0.397735713598643,0.0,budget_exhausted,"[4, 6, 2, 3]"
93117,exploiter,1,32768,ivr_v2,8,4,32768.0,0.397735713598643,0.0,budget_exhausted,"[8, 7, 6, 5]"
93117,exploiter,1,32768,lucb_v2,8,4,32768.0,0.397735713598643,0.0,budget_exhausted,"[8, 7, 6, 5]"
93117,exploiter,1,32768,author_random_hf,7,4,32768.0,0.3585218936966758,0.039213819901967206,batch,"[2, 1, 8, 5]"
93117,exploiter,1,32768,author_paired_lucb,8,4,32768.0,0.397735713598643,0.0,batch,"[8, 7, 6, 5]"
93117,exploiter,1,32768,author_global_voi,8,4,32768.0,0.397735713598643,0.0,batch,"[0, 1, 2, 3]"
93117,exploiter,1,32768,author_pivot_voi,8,4,32768.0,0.397735713598643,0.0,batch,"[0, 1, 2, 3]"
93117,exploiter,1,,all_hf_reference,8,9,73728.0,0.397735713598643,0.0,all,"[0, 1, 2, 3, 4, 5, 6, 7, 8]"
93117,exploiter,8,8192,pivot_kg,8,1,8192.0,-0.17443406615051477,0.17443406615051477,budget_exhausted,[8]
93117,exploiter,8,8192,pivot_kg_stop,8,1,8192.0,-0.17443406615051477,0.17443406615051477,budget_exhausted,[8]
93117,exploiter,8,8192,uniform_v2,8,1,8192.0,-0.17443406615051477,0.17443406615051477,budget_exhausted,[4]
93117,exploiter,8,8192,ivr_v2,8,1,8192.0,-0.17443406615051477,0.17443406615051477,budget_exhausted,[8]
93117,exploiter,8,8192,lucb_v2,8,1,8192.0,-0.17443406615051477,0.17443406615051477,budget_exhausted,[8]
93117,exploiter,8,,no_hf_v2,8,0,0.0,-0.17443406615051477,0.17443406615051477,no_hf_method,[]
93117,exploiter,8,,proxy_only,8,0,0.0,-0.17443406615051477,0.17443406615051477,no_hf_method,[]
93117,exploiter,8,8192,author_random_hf,8,1,8192.0,-0.17443406615051477,0.17443406615051477,batch,[2]
93117,exploiter,8,8192,author_paired_lucb,6,1,8192.0,-0.1344717734699143,0.1344717734699143,batch,[5]
93117,exploiter,8,8192,author_global_voi,5,1,8192.0,-0.11357499896388645,0.11357499896388645,batch,[0]
93117,exploiter,8,8192,author_pivot_voi,5,1,8192.0,-0.11357499896388645,0.11357499896388645,batch,[8]
93117,exploiter,8,16384,pivot_kg,8,2,16384.0,-0.17443406615051477,0.17443406615051477,budget_exhausted,"[8, 7]"
93117,exploiter,8,16384,pivot_kg_stop,8,2,16384.0,-0.17443406615051477,0.17443406615051477,budget_exhausted,"[8, 7]"
93117,exploiter,8,16384,uniform_v2,8,2,16384.0,-0.17443406615051477,0.17443406615051477,budget_exhausted,"[4, 6]"
93117,exploiter,8,16384,ivr_v2,8,2,16384.0,-0.17443406615051477,0.17443406615051477,budget_exhausted,"[8, 7]"
93117,exploiter,8,16384,lucb_v2,8,2,16384.0,-0.17443406615051477,0.17443406615051477,budget_exhausted,"[8, 7]"
93117,exploiter,8,16384,author_random_hf,8,2,16384.0,-0.17443406615051477,0.17443406615051477,batch,"[2, 1]"
93117,exploiter,8,16384,author_paired_lucb,4,2,16384.0,-0.09206780568070694,0.09206780568070694,batch,"[5, 6]"
93117,exploiter,8,16384,author_global_voi,5,2,16384.0,-0.11357499896388645,0.11357499896388645,batch,"[0, 1]"
93117,exploiter,8,16384,author_pivot_voi,5,2,16384.0,-0.11357499896388645,0.11357499896388645,batch,"[8, 1]"
93117,exploiter,8,32768,pivot_kg,8,4,32768.0,-0.17443406615051477,0.17443406615051477,budget_exhausted,"[8, 7, 6, 0]"
93117,exploiter,8,32768,pivot_kg_stop,8,4,32768.0,-0.17443406615051477,0.17443406615051477,budget_exhausted,"[8, 7, 6, 4]"
93117,exploiter,8,32768,uniform_v2,8,4,32768.0,-0.17443406615051477,0.17443406615051477,budget_exhausted,"[4, 6, 2, 3]"
93117,exploiter,8,32768,ivr_v2,8,4,32768.0,-0.17443406615051477,0.17443406615051477,budget_exhausted,"[8, 7, 6, 5]"
93117,exploiter,8,32768,lucb_v2,8,4,32768.0,-0.17443406615051477,0.17443406615051477,budget_exhausted,"[8, 7, 6, 5]"
93117,exploiter,8,32768,author_random_hf,7,4,32768.0,-0.1547581291987904,0.1547581291987904,batch,"[2, 1, 8, 5]"
93117,exploiter,8,32768,author_paired_lucb,8,4,32768.0,-0.17443406615051477,0.17443406615051477,batch,"[5, 6, 4, 7]"
93117,exploiter,8,32768,author_global_voi,5,4,32768.0,-0.11357499896388645,0.11357499896388645,batch,"[0, 1, 2, 3]"
93117,exploiter,8,32768,author_pivot_voi,5,4,32768.0,-0.11357499896388645,0.11357499896388645,batch,"[8, 1, 7, 2]"
93117,exploiter,8,,all_hf_reference,0,9,73728.0,0.0,0.0,all,"[0, 1, 2, 3, 4, 5, 6, 7, 8]"
93118,equilibrator,1,8192,pivot_kg,8,1,8192.0,0.7571462981298558,0.0,budget_exhausted,[7]
93118,equilibrator,1,8192,pivot_kg_stop,8,0,0.0,0.7571462981298558,0.0,selection_probability,[]
93118,equilibrator,1,8192,uniform_v2,8,1,8192.0,0.7571462981298558,0.0,budget_exhausted,[7]
93118,equilibrator,1,8192,ivr_v2,8,1,8192.0,0.7571462981298558,0.0,budget_exhausted,[8]
93118,equilibrator,1,8192,lucb_v2,8,1,8192.0,0.7571462981298558,0.0,budget_exhausted,[8]
93118,equilibrator,1,,no_hf_v2,8,0,0.0,0.7571462981298558,0.0,no_hf_method,[]
93118,equilibrator,1,,proxy_only,8,0,0.0,0.7571462981298558,0.0,no_hf_method,[]
93118,equilibrator,1,8192,author_random_hf,8,1,8192.0,0.7571462981298558,0.0,batch,[6]
93118,equilibrator,1,8192,author_paired_lucb,7,1,8192.0,0.6679472030026994,0.0891990951271564,batch,[8]
93118,equilibrator,1,8192,author_global_voi,8,1,8192.0,0.7571462981298558,0.0,batch,[0]
93118,equilibrator,1,8192,author_pivot_voi,8,1,8192.0,0.7571462981298558,0.0,batch,[0]
93118,equilibrator,1,16384,pivot_kg,8,2,16384.0,0.7571462981298558,0.0,budget_exhausted,"[7, 3]"
93118,equilibrator,1,16384,pivot_kg_stop,8,0,0.0,0.7571462981298558,0.0,selection_probability,[]
93118,equilibrator,1,16384,uniform_v2,8,2,16384.0,0.7571462981298558,0.0,budget_exhausted,"[7, 3]"
93118,equilibrator,1,16384,ivr_v2,8,2,16384.0,0.7571462981298558,0.0,budget_exhausted,"[8, 7]"
93118,equilibrator,1,16384,lucb_v2,8,2,16384.0,0.7571462981298558,0.0,budget_exhausted,"[8, 7]"
93118,equilibrator,1,16384,author_random_hf,8,2,16384.0,0.7571462981298558,0.0,batch,"[6, 7]"
93118,equilibrator,1,16384,author_paired_lucb,8,2,16384.0,0.7571462981298558,0.0,batch,"[8, 7]"
93118,equilibrator,1,16384,author_global_voi,8,2,16384.0,0.7571462981298558,0.0,batch,"[0, 1]"
93118,equilibrator,1,16384,author_pivot_voi,8,2,16384.0,0.7571462981298558,0.0,batch,"[0, 1]"
93118,equilibrator,1,32768,pivot_kg,8,4,32768.0,0.7571462981298558,0.0,budget_exhausted,"[7, 3, 8, 5]"
93118,equilibrator,1,32768,pivot_kg_stop,8,0,0.0,0.7571462981298558,0.0,selection_probability,[]
93118,equilibrator,1,32768,uniform_v2,8,4,32768.0,0.7571462981298558,0.0,budget_exhausted,"[7, 3, 4, 5]"
93118,equilibrator,1,32768,ivr_v2,8,4,32768.0,0.7571462981298558,0.0,budget_exhausted,"[8, 7, 6, 5]"
93118,equilibrator,1,32768,lucb_v2,8,4,32768.0,0.7571462981298558,0.0,budget_exhausted,"[8, 7, 6, 5]"
93118,equilibrator,1,32768,author_random_hf,8,4,32768.0,0.7571462981298558,0.0,batch,"[6, 7, 2, 4]"
93118,equilibrator,1,32768,author_paired_lucb,8,4,32768.0,0.7571462981298558,0.0,batch,"[8, 7, 6, 5]"
93118,equilibrator,1,32768,author_global_voi,8,4,32768.0,0.7571462981298558,0.0,batch,"[0, 1, 2, 3]"
93118,equilibrator,1,32768,author_pivot_voi,8,4,32768.0,0.7571462981298558,0.0,batch,"[0, 1, 2, 3]"
93118,equilibrator,1,,all_hf_reference,8,9,73728.0,0.7571462981298558,0.0,all,"[0, 1, 2, 3, 4, 5, 6, 7, 8]"
93118,equilibrator,8,8192,pivot_kg,8,1,8192.0,0.2049589213347779,0.0,budget_exhausted,[8]
93118,equilibrator,8,8192,pivot_kg_stop,8,1,8192.0,0.2049589213347779,0.0,budget_exhausted,[8]
93118,equilibrator,8,8192,uniform_v2,8,1,8192.0,0.2049589213347779,0.0,budget_exhausted,[7]
93118,equilibrator,8,8192,ivr_v2,8,1,8192.0,0.2049589213347779,0.0,budget_exhausted,[8]
93118,equilibrator,8,8192,lucb_v2,8,1,8192.0,0.2049589213347779,0.0,budget_exhausted,[8]
93118,equilibrator,8,,no_hf_v2,8,0,0.0,0.2049589213347779,0.0,no_hf_method,[]
93118,equilibrator,8,,proxy_only,8,0,0.0,0.2049589213347779,0.0,no_hf_method,[]
93118,equilibrator,8,8192,author_random_hf,8,1,8192.0,0.2049589213347779,0.0,batch,[6]
93118,equilibrator,8,8192,author_paired_lucb,7,1,8192.0,0.18108394593195726,0.02387497540282063,batch,[8]
93118,equilibrator,8,8192,author_global_voi,8,1,8192.0,0.2049589213347779,0.0,batch,[0]
93118,equilibrator,8,8192,author_pivot_voi,8,1,8192.0,0.2049589213347779,0.0,batch,[0]
93118,equilibrator,8,16384,pivot_kg,8,2,16384.0,0.2049589213347779,0.0,budget_exhausted,"[8, 7]"
93118,equilibrator,8,16384,pivot_kg_stop,8,2,16384.0,0.2049589213347779,0.0,budget_exhausted,"[8, 7]"
93118,equilibrator,8,16384,uniform_v2,8,2,16384.0,0.2049589213347779,0.0,budget_exhausted,"[7, 3]"
93118,equilibrator,8,16384,ivr_v2,8,2,16384.0,0.2049589213347779,0.0,budget_exhausted,"[8, 7]"
93118,equilibrator,8,16384,lucb_v2,8,2,16384.0,0.2049589213347779,0.0,budget_exhausted,"[8, 7]"
93118,equilibrator,8,16384,author_random_hf,8,2,16384.0,0.2049589213347779,0.0,batch,"[6, 7]"
93118,equilibrator,8,16384,author_paired_lucb,6,2,16384.0,0.15671043059655754,0.04824849073822035,batch,"[8, 7]"
93118,equilibrator,8,16384,author_global_voi,8,2,16384.0,0.2049589213347779,0.0,batch,"[0, 1]"
93118,equilibrator,8,16384,author_pivot_voi,8,2,16384.0,0.2049589213347779,0.0,batch,"[0, 1]"
93118,equilibrator,8,32768,pivot_kg,8,4,32768.0,0.2049589213347779,0.0,budget_exhausted,"[8, 7, 6, 4]"
93118,equilibrator,8,32768,pivot_kg_stop,8,4,32768.0,0.2049589213347779,0.0,budget_exhausted,"[8, 7, 0, 1]"
93118,equilibrator,8,32768,uniform_v2,8,4,32768.0,0.2049589213347779,0.0,budget_exhausted,"[7, 3, 4, 5]"
93118,equilibrator,8,32768,ivr_v2,8,4,32768.0,0.2049589213347779,0.0,budget_exhausted,"[8, 7, 6, 5]"
93118,equilibrator,8,32768,lucb_v2,8,4,32768.0,0.2049589213347779,0.0,budget_exhausted,"[8, 7, 6, 5]"
93118,equilibrator,8,32768,author_random_hf,8,4,32768.0,0.2049589213347779,0.0,batch,"[6, 7, 2, 4]"
93118,equilibrator,8,32768,author_paired_lucb,4,4,32768.0,0.10646778012802116,0.09849114120675673,batch,"[8, 7, 6, 5]"
93118,equilibrator,8,32768,author_global_voi,8,4,32768.0,0.2049589213347779,0.0,batch,"[0, 1, 2, 3]"
93118,equilibrator,8,32768,author_pivot_voi,8,4,32768.0,0.2049589213347779,0.0,batch,"[0, 1, 2, 3]"
93118,equilibrator,8,,all_hf_reference,8,9,73728.0,0.2049589213347779,0.0,all,"[0, 1, 2, 3, 4, 5, 6, 7, 8]"
93119,exploiter,1,8192,pivot_kg,8,1,8192.0,0.10145403052232416,0.0,budget_exhausted,[7]
93119,exploiter,1,8192,pivot_kg_stop,8,1,8192.0,0.10145403052232416,0.0,budget_exhausted,[7]
93119,exploiter,1,8192,uniform_v2,8,1,8192.0,0.10145403052232416,0.0,budget_exhausted,[8]
93119,exploiter,1,8192,ivr_v2,8,1,8192.0,0.10145403052232416,0.0,budget_exhausted,[8]
93119,exploiter,1,8192,lucb_v2,8,1,8192.0,0.10145403052232416,0.0,budget_exhausted,[8]
93119,exploiter,1,,no_hf_v2,8,0,0.0,0.10145403052232416,0.0,no_hf_method,[]
93119,exploiter,1,,proxy_only,8,0,0.0,0.10145403052232416,0.0,no_hf_method,[]
93119,exploiter,1,8192,author_random_hf,8,1,8192.0,0.10145403052232416,0.0,batch,[4]
93119,exploiter,1,8192,author_paired_lucb,7,1,8192.0,0.08877394884663437,0.012680081675689792,batch,[8]
93119,exploiter,1,8192,author_global_voi,8,1,8192.0,0.10145403052232416,0.0,batch,[0]
93119,exploiter,1,8192,author_pivot_voi,8,1,8192.0,0.10145403052232416,0.0,batch,[0]
93119,exploiter,1,16384,pivot_kg,8,2,16384.0,0.10145403052232416,0.0,budget_exhausted,"[7, 0]"
93119,exploiter,1,16384,pivot_kg_stop,8,2,16384.0,0.10145403052232416,0.0,budget_exhausted,"[7, 4]"
93119,exploiter,1,16384,uniform_v2,8,2,16384.0,0.10145403052232416,0.0,budget_exhausted,"[8, 0]"
93119,exploiter,1,16384,ivr_v2,8,2,16384.0,0.10145403052232416,0.0,budget_exhausted,"[8, 7]"
93119,exploiter,1,16384,lucb_v2,8,2,16384.0,0.10145403052232416,0.0,budget_exhausted,"[8, 7]"
93119,exploiter,1,16384,author_random_hf,8,2,16384.0,0.10145403052232416,0.0,batch,"[4, 7]"
93119,exploiter,1,16384,author_paired_lucb,6,2,16384.0,0.07609386919862077,0.02536016132370339,batch,"[8, 7]"
93119,exploiter,1,16384,author_global_voi,8,2,16384.0,0.10145403052232416,0.0,batch,"[0, 1]"
93119,exploiter,1,16384,author_pivot_voi,8,2,16384.0,0.10145403052232416,0.0,batch,"[0, 1]"
93119,exploiter,1,32768,pivot_kg,8,4,32768.0,0.10145403052232416,0.0,budget_exhausted,"[7, 0, 4, 8]"
93119,exploiter,1,32768,pivot_kg_stop,8,4,32768.0,0.10145403052232416,0.0,budget_exhausted,"[7, 4, 2, 0]"
93119,exploiter,1,32768,uniform_v2,8,4,32768.0,0.10145403052232416,0.0,budget_exhausted,"[8, 0, 1, 3]"
93119,exploiter,1,32768,ivr_v2,8,4,32768.0,0.10145403052232416,0.0,budget_exhausted,"[8, 7, 6, 5]"
93119,exploiter,1,32768,lucb_v2,8,4,32768.0,0.10145403052232416,0.0,budget_exhausted,"[8, 7, 6, 5]"
93119,exploiter,1,32768,author_random_hf,6,4,32768.0,0.07609386919862077,0.02536016132370339,batch,"[4, 7, 8, 3]"
93119,exploiter,1,32768,author_paired_lucb,4,4,32768.0,0.05073371598562304,0.05072031453670112,batch,"[8, 7, 6, 5]"
93119,exploiter,1,32768,author_global_voi,8,4,32768.0,0.10145403052232416,0.0,batch,"[0, 1, 2, 3]"
93119,exploiter,1,32768,author_pivot_voi,8,4,32768.0,0.10145403052232416,0.0,batch,"[0, 1, 2, 3]"
93119,exploiter,1,,all_hf_reference,8,9,73728.0,0.10145403052232416,0.0,all,"[0, 1, 2, 3, 4, 5, 6, 7, 8]"
93119,exploiter,8,8192,pivot_kg,0,1,8192.0,0.0,0.0,budget_exhausted,[8]
93119,exploiter,8,8192,pivot_kg_stop,0,1,8192.0,0.0,0.0,budget_exhausted,[8]
93119,exploiter,8,8192,uniform_v2,0,1,8192.0,0.0,0.0,budget_exhausted,[8]
93119,exploiter,8,8192,ivr_v2,0,1,8192.0,0.0,0.0,budget_exhausted,[8]
93119,exploiter,8,8192,lucb_v2,0,1,8192.0,0.0,0.0,budget_exhausted,[8]
93119,exploiter,8,,no_hf_v2,0,0,0.0,0.0,0.0,no_hf_method,[]
93119,exploiter,8,,proxy_only,8,0,0.0,-0.2694151854221891,0.2694151854221891,no_hf_method,[]
93119,exploiter,8,8192,author_random_hf,8,1,8192.0,-0.2694151854221891,0.2694151854221891,batch,[4]
93119,exploiter,8,8192,author_paired_lucb,3,1,8192.0,-0.10098996625836026,0.10098996625836026,batch,[4]
93119,exploiter,8,8192,author_global_voi,4,1,8192.0,-0.1346750084217242,0.1346750084217242,batch,[0]
93119,exploiter,8,8192,author_pivot_voi,4,1,8192.0,-0.1346750084217242,0.1346750084217242,batch,[0]
93119,exploiter,8,16384,pivot_kg,0,2,16384.0,0.0,0.0,budget_exhausted,"[8, 7]"
93119,exploiter,8,16384,pivot_kg_stop,0,2,16384.0,0.0,0.0,budget_exhausted,"[8, 7]"
93119,exploiter,8,16384,uniform_v2,0,2,16384.0,0.0,0.0,budget_exhausted,"[8, 0]"
93119,exploiter,8,16384,ivr_v2,0,2,16384.0,0.0,0.0,budget_exhausted,"[8, 7]"
93119,exploiter,8,16384,lucb_v2,0,2,16384.0,0.0,0.0,budget_exhausted,"[8, 0]"
93119,exploiter,8,16384,author_random_hf,8,2,16384.0,-0.2694151854221891,0.2694151854221891,batch,"[4, 7]"
93119,exploiter,8,16384,author_paired_lucb,5,2,16384.0,-0.16836005141978927,0.16836005141978927,batch,"[4, 3]"
93119,exploiter,8,16384,author_global_voi,4,2,16384.0,-0.1346750084217242,0.1346750084217242,batch,"[0, 1]"
93119,exploiter,8,16384,author_pivot_voi,4,2,16384.0,-0.1346750084217242,0.1346750084217242,batch,"[0, 1]"
93119,exploiter,8,32768,pivot_kg,0,4,32768.0,0.0,0.0,budget_exhausted,"[8, 7, 6, 5]"
93119,exploiter,8,32768,pivot_kg_stop,0,4,32768.0,0.0,0.0,budget_exhausted,"[8, 7, 6, 5]"
93119,exploiter,8,32768,uniform_v2,0,4,32768.0,0.0,0.0,budget_exhausted,"[8, 0, 1, 3]"
93119,exploiter,8,32768,ivr_v2,0,4,32768.0,0.0,0.0,budget_exhausted,"[8, 7, 6, 5]"
93119,exploiter,8,32768,lucb_v2,0,4,32768.0,0.0,0.0,budget_exhausted,"[8, 0, 7, 6]"
93119,exploiter,8,32768,author_random_hf,6,4,32768.0,-0.20204509525255504,0.20204509525255504,batch,"[4, 7, 8, 3]"
93119,exploiter,8,32768,author_paired_lucb,6,4,32768.0,-0.20204509525255504,0.20204509525255504,batch,"[4, 3, 5, 2]"
93119,exploiter,8,32768,author_global_voi,4,4,32768.0,-0.1346750084217242,0.1346750084217242,batch,"[0, 1, 2, 3]"
93119,exploiter,8,32768,author_pivot_voi,4,4,32768.0,-0.1346750084217242,0.1346750084217242,batch,"[0, 1, 2, 3]"
93119,exploiter,8,,all_hf_reference,0,9,73728.0,0.0,0.0,all,"[0, 1, 2, 3, 4, 5, 6, 7, 8]"
93120,equilibrator,1,8192,pivot_kg,8,1,8192.0,0.368622784434312,0.0,budget_exhausted,[8]
93120,equilibrator,1,8192,pivot_kg_stop,8,1,8192.0,0.368622784434312,0.0,budget_exhausted,[8]
93120,equilibrator,1,8192,uniform_v2,8,1,8192.0,0.368622784434312,0.0,budget_exhausted,[2]
93120,equilibrator,1,8192,ivr_v2,8,1,8192.0,0.368622784434312,0.0,budget_exhausted,[8]
93120,equilibrator,1,8192,lucb_v2,8,1,8192.0,0.368622784434312,0.0,budget_exhausted,[8]
93120,equilibrator,1,,no_hf_v2,8,0,0.0,0.368622784434312,0.0,no_hf_method,[]
93120,equilibrator,1,,proxy_only,8,0,0.0,0.368622784434312,0.0,no_hf_method,[]
93120,equilibrator,1,8192,author_random_hf,8,1,8192.0,0.368622784434312,0.0,batch,[1]
93120,equilibrator,1,8192,author_paired_lucb,8,1,8192.0,0.368622784434312,0.0,batch,[8]
93120,equilibrator,1,8192,author_global_voi,8,1,8192.0,0.368622784434312,0.0,batch,[0]
93120,equilibrator,1,8192,author_pivot_voi,8,1,8192.0,0.368622784434312,0.0,batch,[0]
93120,equilibrator,1,16384,pivot_kg,8,2,16384.0,0.368622784434312,0.0,budget_exhausted,"[8, 3]"
93120,equilibrator,1,16384,pivot_kg_stop,8,2,16384.0,0.368622784434312,0.0,budget_exhausted,"[8, 3]"
93120,equilibrator,1,16384,uniform_v2,8,2,16384.0,0.368622784434312,0.0,budget_exhausted,"[2, 7]"
93120,equilibrator,1,16384,ivr_v2,8,2,16384.0,0.368622784434312,0.0,budget_exhausted,"[8, 7]"
93120,equilibrator,1,16384,lucb_v2,8,2,16384.0,0.368622784434312,0.0,budget_exhausted,"[8, 7]"
93120,equilibrator,1,16384,author_random_hf,8,2,16384.0,0.368622784434312,0.0,batch,"[1, 6]"
93120,equilibrator,1,16384,author_paired_lucb,8,2,16384.0,0.368622784434312,0.0,batch,"[8, 7]"
93120,equilibrator,1,16384,author_global_voi,8,2,16384.0,0.368622784434312,0.0,batch,"[0, 1]"
93120,equilibrator,1,16384,author_pivot_voi,8,2,16384.0,0.368622784434312,0.0,batch,"[0, 1]"
93120,equilibrator,1,32768,pivot_kg,8,4,32768.0,0.368622784434312,0.0,budget_exhausted,"[8, 3, 5, 0]"
93120,equilibrator,1,32768,pivot_kg_stop,8,4,32768.0,0.368622784434312,0.0,budget_exhausted,"[8, 3, 4, 6]"
93120,equilibrator,1,32768,uniform_v2,8,4,32768.0,0.368622784434312,0.0,budget_exhausted,"[2, 7, 5, 1]"
93120,equilibrator,1,32768,ivr_v2,8,4,32768.0,0.368622784434312,0.0,budget_exhausted,"[8, 7, 6, 5]"
93120,equilibrator,1,32768,lucb_v2,8,4,32768.0,0.368622784434312,0.0,budget_exhausted,"[8, 7, 6, 5]"
93120,equilibrator,1,32768,author_random_hf,8,4,32768.0,0.368622784434312,0.0,batch,"[1, 6, 0, 5]"
93120,equilibrator,1,32768,author_paired_lucb,8,4,32768.0,0.368622784434312,0.0,batch,"[8, 7, 6, 5]"
93120,equilibrator,1,32768,author_global_voi,8,4,32768.0,0.368622784434312,0.0,batch,"[0, 1, 2, 3]"
93120,equilibrator,1,32768,author_pivot_voi,8,4,32768.0,0.368622784434312,0.0,batch,"[0, 1, 2, 3]"
93120,equilibrator,1,,all_hf_reference,8,9,73728.0,0.368622784434312,0.0,all,"[0, 1, 2, 3, 4, 5, 6, 7, 8]"
93120,equilibrator,8,8192,pivot_kg,8,1,8192.0,0.08041534552047708,0.0,budget_exhausted,[8]
93120,equilibrator,8,8192,pivot_kg_stop,8,1,8192.0,0.08041534552047708,0.0,budget_exhausted,[8]
93120,equilibrator,8,8192,uniform_v2,8,1,8192.0,0.08041534552047708,0.0,budget_exhausted,[2]
93120,equilibrator,8,8192,ivr_v2,8,1,8192.0,0.08041534552047708,0.0,budget_exhausted,[8]
93120,equilibrator,8,8192,lucb_v2,8,1,8192.0,0.08041534552047708,0.0,budget_exhausted,[8]
93120,equilibrator,8,,no_hf_v2,8,0,0.0,0.08041534552047708,0.0,no_hf_method,[]
93120,equilibrator,8,,proxy_only,8,0,0.0,0.08041534552047708,0.0,no_hf_method,[]
93120,equilibrator,8,8192,author_random_hf,8,1,8192.0,0.08041534552047708,0.0,batch,[1]
93120,equilibrator,8,8192,author_paired_lucb,5,1,8192.0,0.05708365358646039,0.023331691934016685,batch,[4]
93120,equilibrator,8,8192,author_global_voi,4,1,8192.0,0.04748667290547809,0.03292867261499899,batch,[0]
93120,equilibrator,8,8192,author_pivot_voi,4,1,8192.0,0.04748667290547809,0.03292867261499899,batch,[6]
93120,equilibrator,8,16384,pivot_kg,8,2,16384.0,0.08041534552047708,0.0,budget_exhausted,"[8, 7]"
93120,equilibrator,8,16384,pivot_kg_stop,8,2,16384.0,0.08041534552047708,0.0,budget_exhausted,"[8, 7]"
93120,equilibrator,8,16384,uniform_v2,8,2,16384.0,0.08041534552047708,0.0,budget_exhausted,"[2, 7]"
93120,equilibrator,8,16384,ivr_v2,8,2,16384.0,0.08041534552047708,0.0,budget_exhausted,"[8, 7]"
93120,equilibrator,8,16384,lucb_v2,8,2,16384.0,0.08041534552047708,0.0,budget_exhausted,"[8, 7]"
93120,equilibrator,8,16384,author_random_hf,8,2,16384.0,0.08041534552047708,0.0,batch,"[1, 6]"
93120,equilibrator,8,16384,author_paired_lucb,6,2,16384.0,0.06577075924928744,0.014644586271189641,batch,"[4, 5]"
93120,equilibrator,8,16384,author_global_voi,4,2,16384.0,0.04748667290547809,0.03292867261499899,batch,"[0, 1]"
93120,equilibrator,8,16384,author_pivot_voi,4,2,16384.0,0.04748667290547809,0.03292867261499899,batch,"[6, 0]"
93120,equilibrator,8,32768,pivot_kg,8,4,32768.0,0.08041534552047708,0.0,budget_exhausted,"[8, 7, 6, 0]"
93120,equilibrator,8,32768,pivot_kg_stop,8,4,32768.0,0.08041534552047708,0.0,budget_exhausted,"[8, 7, 6, 4]"
93120,equilibrator,8,32768,uniform_v2,8,4,32768.0,0.08041534552047708,0.0,budget_exhausted,"[2, 7, 5, 1]"
93120,equilibrator,8,32768,ivr_v2,8,4,32768.0,0.08041534552047708,0.0,budget_exhausted,"[8, 7, 6, 5]"
93120,equilibrator,8,32768,lucb_v2,8,4,32768.0,0.08041534552047708,0.0,budget_exhausted,"[8, 7, 6, 5]"
93120,equilibrator,8,32768,author_random_hf,8,4,32768.0,0.08041534552047708,0.0,batch,"[1, 6, 0, 5]"
93120,equilibrator,8,32768,author_paired_lucb,8,4,32768.0,0.08041534552047708,0.0,batch,"[4, 5, 6, 7]"
93120,equilibrator,8,32768,author_global_voi,4,4,32768.0,0.04748667290547809,0.03292867261499899,batch,"[0, 1, 2, 3]"
93120,equilibrator,8,32768,author_pivot_voi,4,4,32768.0,0.04748667290547809,0.03292867261499899,batch,"[6, 0, 2, 5]"
93120,equilibrator,8,,all_hf_reference,7,9,73728.0,0.07354798989395983,0.006867355626517246,all,"[0, 1, 2, 3, 4, 5, 6, 7, 8]"
93121,exploiter,1,8192,pivot_kg,8,1,8192.0,0.15755966151782025,0.0,budget_exhausted,[2]
93121,exploiter,1,8192,pivot_kg_stop,8,1,8192.0,0.15755966151782025,0.0,budget_exhausted,[2]
93121,exploiter,1,8192,uniform_v2,8,1,8192.0,0.15755966151782025,0.0,budget_exhausted,[6]
93121,exploiter,1,8192,ivr_v2,8,1,8192.0,0.15755966151782025,0.0,budget_exhausted,[8]
93121,exploiter,1,8192,lucb_v2,8,1,8192.0,0.15755966151782025,0.0,budget_exhausted,[8]
93121,exploiter,1,,no_hf_v2,8,0,0.0,0.15755966151782025,0.0,no_hf_method,[]
93121,exploiter,1,,proxy_only,8,0,0.0,0.15755966151782025,0.0,no_hf_method,[]
93121,exploiter,1,8192,author_random_hf,8,1,8192.0,0.15755966151782025,0.0,batch,[7]
93121,exploiter,1,8192,author_paired_lucb,7,1,8192.0,0.14246941532116936,0.015090246196650892,batch,[8]
93121,exploiter,1,8192,author_global_voi,8,1,8192.0,0.15755966151782025,0.0,batch,[0]
93121,exploiter,1,8192,author_pivot_voi,8,1,8192.0,0.15755966151782025,0.0,batch,[0]
93121,exploiter,1,16384,pivot_kg,8,2,16384.0,0.15755966151782025,0.0,budget_exhausted,"[2, 1]"
93121,exploiter,1,16384,pivot_kg_stop,8,2,16384.0,0.15755966151782025,0.0,budget_exhausted,"[2, 8]"
93121,exploiter,1,16384,uniform_v2,8,2,16384.0,0.15755966151782025,0.0,budget_exhausted,"[6, 2]"
93121,exploiter,1,16384,ivr_v2,8,2,16384.0,0.15755966151782025,0.0,budget_exhausted,"[8, 7]"
93121,exploiter,1,16384,lucb_v2,8,2,16384.0,0.15755966151782025,0.0,budget_exhausted,"[8, 7]"
93121,exploiter,1,16384,author_random_hf,8,2,16384.0,0.15755966151782025,0.0,batch,"[7, 6]"
93121,exploiter,1,16384,author_paired_lucb,6,2,16384.0,0.12606401705120174,0.03149564446661851,batch,"[8, 7]"
93121,exploiter,1,16384,author_global_voi,8,2,16384.0,0.15755966151782025,0.0,batch,"[0, 1]"
93121,exploiter,1,16384,author_pivot_voi,8,2,16384.0,0.15755966151782025,0.0,batch,"[0, 1]"
93121,exploiter,1,32768,pivot_kg,8,4,32768.0,0.15755966151782025,0.0,budget_exhausted,"[2, 1, 6, 8]"
93121,exploiter,1,32768,pivot_kg_stop,8,4,32768.0,0.15755966151782025,0.0,budget_exhausted,"[2, 8, 0, 5]"
93121,exploiter,1,32768,uniform_v2,8,4,32768.0,0.15755966151782025,0.0,budget_exhausted,"[6, 2, 8, 1]"
93121,exploiter,1,32768,ivr_v2,8,4,32768.0,0.15755966151782025,0.0,budget_exhausted,"[8, 7, 6, 5]"
93121,exploiter,1,32768,lucb_v2,8,4,32768.0,0.15755966151782025,0.0,budget_exhausted,"[8, 7, 6, 5]"
93121,exploiter,1,32768,author_random_hf,8,4,32768.0,0.15755966151782025,0.0,batch,"[7, 6, 1, 3]"
93121,exploiter,1,32768,author_paired_lucb,4,4,32768.0,0.08930776429131598,0.06825189722650427,batch,"[8, 7, 6, 5]"
93121,exploiter,1,32768,author_global_voi,8,4,32768.0,0.15755966151782025,0.0,batch,"[0, 1, 2, 3]"
93121,exploiter,1,32768,author_pivot_voi,8,4,32768.0,0.15755966151782025,0.0,batch,"[0, 1, 2, 3]"
93121,exploiter,1,,all_hf_reference,8,9,73728.0,0.15755966151782025,0.0,all,"[0, 1, 2, 3, 4, 5, 6, 7, 8]"
93121,exploiter,8,8192,pivot_kg,7,1,8192.0,-0.22401960363235773,0.22401960363235773,budget_exhausted,[8]
93121,exploiter,8,8192,pivot_kg_stop,7,1,8192.0,-0.22401960363235773,0.22401960363235773,budget_exhausted,[8]
93121,exploiter,8,8192,uniform_v2,8,1,8192.0,-0.2514290056014708,0.2514290056014708,budget_exhausted,[6]
93121,exploiter,8,8192,ivr_v2,7,1,8192.0,-0.22401960363235773,0.22401960363235773,budget_exhausted,[8]
93121,exploiter,8,8192,lucb_v2,7,1,8192.0,-0.22401960363235773,0.22401960363235773,budget_exhausted,[8]
93121,exploiter,8,,no_hf_v2,8,0,0.0,-0.2514290056014708,0.2514290056014708,no_hf_method,[]
93121,exploiter,8,,proxy_only,8,0,0.0,-0.2514290056014708,0.2514290056014708,no_hf_method,[]
93121,exploiter,8,8192,author_random_hf,8,1,8192.0,-0.2514290056014708,0.2514290056014708,batch,[7]
93121,exploiter,8,8192,author_paired_lucb,5,1,8192.0,-0.1657487698649791,0.1657487698649791,batch,[4]
93121,exploiter,8,8192,author_global_voi,4,1,8192.0,-0.1348873380667132,0.1348873380667132,batch,[0]
93121,exploiter,8,8192,author_pivot_voi,4,1,8192.0,-0.1348873380667132,0.1348873380667132,batch,[0]
93121,exploiter,8,16384,pivot_kg,6,2,16384.0,-0.19545952505352748,0.19545952505352748,budget_exhausted,"[8, 7]"
93121,exploiter,8,16384,pivot_kg_stop,6,2,16384.0,-0.19545952505352748,0.19545952505352748,budget_exhausted,"[8, 7]"
93121,exploiter,8,16384,uniform_v2,8,2,16384.0,-0.2514290056014708,0.2514290056014708,budget_exhausted,"[6, 2]"
93121,exploiter,8,16384,ivr_v2,6,2,16384.0,-0.19545952505352748,0.19545952505352748,budget_exhausted,"[8, 7]"
93121,exploiter,8,16384,lucb_v2,6,2,16384.0,-0.19545952505352748,0.19545952505352748,budget_exhausted,"[8, 7]"
93121,exploiter,8,16384,author_random_hf,8,2,16384.0,-0.2514290056014708,0.2514290056014708,batch,"[7, 6]"
93121,exploiter,8,16384,author_paired_lucb,3,2,16384.0,-0.10287522965872964,0.10287522965872964,batch,"[4, 5]"
93121,exploiter,8,16384,author_global_voi,4,2,16384.0,-0.1348873380667132,0.1348873380667132,batch,"[0, 1]"
93121,exploiter,8,16384,author_pivot_voi,4,2,16384.0,-0.1348873380667132,0.1348873380667132,batch,"[0, 1]"
93121,exploiter,8,32768,pivot_kg,4,4,32768.0,-0.1348873380667132,0.1348873380667132,budget_exhausted,"[8, 7, 6, 5]"
93121,exploiter,8,32768,pivot_kg_stop,4,4,32768.0,-0.1348873380667132,0.1348873380667132,budget_exhausted,"[8, 7, 6, 5]"
93121,exploiter,8,32768,uniform_v2,7,4,32768.0,-0.22401960363235773,0.22401960363235773,budget_exhausted,"[6, 2, 8, 1]"
93121,exploiter,8,32768,ivr_v2,4,4,32768.0,-0.1348873380667132,0.1348873380667132,budget_exhausted,"[8, 7, 6, 5]"
93121,exploiter,8,32768,lucb_v2,4,4,32768.0,-0.1348873380667132,0.1348873380667132,budget_exhausted,"[8, 7, 6, 5]"
93121,exploiter,8,32768,author_random_hf,8,4,32768.0,-0.2514290056014708,0.2514290056014708,batch,"[7, 6, 1, 3]"
93121,exploiter,8,32768,author_paired_lucb,2,4,32768.0,-0.06971244464102833,0.06971244464102833,batch,"[4, 5, 3, 6]"
93121,exploiter,8,32768,author_global_voi,4,4,32768.0,-0.1348873380667132,0.1348873380667132,batch,"[0, 1, 2, 3]"
93121,exploiter,8,32768,author_pivot_voi,4,4,32768.0,-0.1348873380667132,0.1348873380667132,batch,"[0, 1, 2, 3]"
93121,exploiter,8,,all_hf_reference,0,9,73728.0,0.0,0.0,all,"[0, 1, 2, 3, 4, 5, 6, 7, 8]"
93122,equilibrator,1,8192,pivot_kg,8,1,8192.0,0.12472899079037686,0.0,budget_exhausted,[6]
93122,equilibrator,1,8192,pivot_kg_stop,8,1,8192.0,0.12472899079037686,0.0,budget_exhausted,[6]
93122,equilibrator,1,8192,uniform_v2,8,1,8192.0,0.12472899079037686,0.0,budget_exhausted,[8]
93122,equilibrator,1,8192,ivr_v2,8,1,8192.0,0.12472899079037686,0.0,budget_exhausted,[8]
93122,equilibrator,1,8192,lucb_v2,8,1,8192.0,0.12472899079037686,0.0,budget_exhausted,[8]
93122,equilibrator,1,,no_hf_v2,8,0,0.0,0.12472899079037686,0.0,no_hf_method,[]
93122,equilibrator,1,,proxy_only,8,0,0.0,0.12472899079037686,0.0,no_hf_method,[]
93122,equilibrator,1,8192,author_random_hf,8,1,8192.0,0.12472899079037686,0.0,batch,[7]
93122,equilibrator,1,8192,author_paired_lucb,7,1,8192.0,0.11231278297699387,0.012416207813382985,batch,[8]
93122,equilibrator,1,8192,author_global_voi,8,1,8192.0,0.12472899079037686,0.0,batch,[0]
93122,equilibrator,1,8192,author_pivot_voi,8,1,8192.0,0.12472899079037686,0.0,batch,[0]
93122,equilibrator,1,16384,pivot_kg,8,2,16384.0,0.12472899079037686,0.0,budget_exhausted,"[6, 0]"
93122,equilibrator,1,16384,pivot_kg_stop,8,2,16384.0,0.12472899079037686,0.0,budget_exhausted,"[6, 7]"
93122,equilibrator,1,16384,uniform_v2,8,2,16384.0,0.12472899079037686,0.0,budget_exhausted,"[8, 4]"
93122,equilibrator,1,16384,ivr_v2,8,2,16384.0,0.12472899079037686,0.0,budget_exhausted,"[8, 7]"
93122,equilibrator,1,16384,lucb_v2,8,2,16384.0,0.12472899079037686,0.0,budget_exhausted,"[8, 7]"
93122,equilibrator,1,16384,author_random_hf,8,2,16384.0,0.12472899079037686,0.0,batch,"[7, 4]"
93122,equilibrator,1,16384,author_paired_lucb,7,2,16384.0,0.11231278297699387,0.012416207813382985,batch,"[8, 7]"
93122,equilibrator,1,16384,author_global_voi,8,2,16384.0,0.12472899079037686,0.0,batch,"[0, 1]"
93122,equilibrator,1,16384,author_pivot_voi,8,2,16384.0,0.12472899079037686,0.0,batch,"[0, 1]"
93122,equilibrator,1,32768,pivot_kg,8,4,32768.0,0.12472899079037686,0.0,budget_exhausted,"[6, 0, 7, 4]"
93122,equilibrator,1,32768,pivot_kg_stop,8,4,32768.0,0.12472899079037686,0.0,budget_exhausted,"[6, 7, 5, 0]"
93122,equilibrator,1,32768,uniform_v2,8,4,32768.0,0.12472899079037686,0.0,budget_exhausted,"[8, 4, 5, 7]"
93122,equilibrator,1,32768,ivr_v2,8,4,32768.0,0.12472899079037686,0.0,budget_exhausted,"[8, 7, 6, 5]"
93122,equilibrator,1,32768,lucb_v2,8,4,32768.0,0.12472899079037686,0.0,budget_exhausted,"[8, 7, 6, 5]"
93122,equilibrator,1,32768,author_random_hf,8,4,32768.0,0.12472899079037686,0.0,batch,"[7, 4, 5, 2]"
93122,equilibrator,1,32768,author_paired_lucb,6,4,32768.0,0.09898945629634975,0.025739534494027105,batch,"[8, 7, 6, 5]"
93122,equilibrator,1,32768,author_global_voi,8,4,32768.0,0.12472899079037686,0.0,batch,"[0, 1, 2, 3]"
93122,equilibrator,1,32768,author_pivot_voi,8,4,32768.0,0.12472899079037686,0.0,batch,"[0, 1, 2, 3]"
93122,equilibrator,1,,all_hf_reference,6,9,73728.0,0.09898945629634975,0.025739534494027105,all,"[0, 1, 2, 3, 4, 5, 6, 7, 8]"
93122,equilibrator,8,8192,pivot_kg,0,1,8192.0,0.0,0.0035679322054948948,budget_exhausted,[8]
93122,equilibrator,8,8192,pivot_kg_stop,0,1,8192.0,0.0,0.0035679322054948948,budget_exhausted,[8]
93122,equilibrator,8,8192,uniform_v2,0,1,8192.0,0.0,0.0035679322054948948,budget_exhausted,[8]
93122,equilibrator,8,8192,ivr_v2,0,1,8192.0,0.0,0.0035679322054948948,budget_exhausted,[8]
93122,equilibrator,8,8192,lucb_v2,0,1,8192.0,0.0,0.0035679322054948948,budget_exhausted,[8]
93122,equilibrator,8,,no_hf_v2,0,0,0.0,0.0,0.0035679322054948948,no_hf_method,[]
93122,equilibrator,8,,proxy_only,8,0,0.0,0.002220422369219266,0.0013475098362756288,no_hf_method,[]
93122,equilibrator,8,8192,author_random_hf,8,1,8192.0,0.002220422369219266,0.0013475098362756288,batch,[7]
93122,equilibrator,8,8192,author_paired_lucb,3,1,8192.0,0.003012826613190134,0.000555105592304761,batch,[4]
93122,equilibrator,8,8192,author_global_voi,4,1,8192.0,0.0034357239576580656,0.00013220824783682916,batch,[0]
93122,equilibrator,8,8192,author_pivot_voi,4,1,8192.0,0.0034357239576580656,0.00013220824783682916,batch,[0]
93122,equilibrator,8,16384,pivot_kg,0,2,16384.0,0.0,0.0035679322054948948,budget_exhausted,"[8, 7]"
93122,equilibrator,8,16384,pivot_kg_stop,0,2,16384.0,0.0,0.0035679322054948948,budget_exhausted,"[8, 7]"
93122,equilibrator,8,16384,uniform_v2,0,2,16384.0,0.0,0.0035679322054948948,budget_exhausted,"[8, 4]"
93122,equilibrator,8,16384,ivr_v2,0,2,16384.0,0.0,0.0035679322054948948,budget_exhausted,"[8, 7]"
93122,equilibrator,8,16384,lucb_v2,0,2,16384.0,0.0,0.0035679322054948948,budget_exhausted,"[8, 0]"
93122,equilibrator,8,16384,author_random_hf,8,2,16384.0,0.002220422369219266,0.0013475098362756288,batch,"[7, 4]"
93122,equilibrator,8,16384,author_paired_lucb,5,2,16384.0,0.0035679322054948948,0.0,batch,"[4, 3]"
93122,equilibrator,8,16384,author_global_voi,4,2,16384.0,0.0034357239576580656,0.00013220824783682916,batch,"[0, 1]"
93122,equilibrator,8,16384,author_pivot_voi,4,2,16384.0,0.0034357239576580656,0.00013220824783682916,batch,"[0, 1]"
93122,equilibrator,8,32768,pivot_kg,0,4,32768.0,0.0,0.0035679322054948948,budget_exhausted,"[8, 7, 6, 5]"
93122,equilibrator,8,32768,pivot_kg_stop,0,4,32768.0,0.0,0.0035679322054948948,budget_exhausted,"[8, 7, 6, 5]"
93122,equilibrator,8,32768,uniform_v2,0,4,32768.0,0.0,0.0035679322054948948,budget_exhausted,"[8, 4, 5, 7]"
93122,equilibrator,8,32768,ivr_v2,0,4,32768.0,0.0,0.0035679322054948948,budget_exhausted,"[8, 7, 6, 5]"
93122,equilibrator,8,32768,lucb_v2,0,4,32768.0,0.0,0.0035679322054948948,budget_exhausted,"[8, 0, 7, 6]"
93122,equilibrator,8,32768,author_random_hf,8,4,32768.0,0.002220422369219266,0.0013475098362756288,batch,"[7, 4, 5, 2]"
93122,equilibrator,8,32768,author_paired_lucb,5,4,32768.0,0.0035679322054948948,0.0,batch,"[4, 3, 5, 2]"
93122,equilibrator,8,32768,author_global_voi,4,4,32768.0,0.0034357239576580656,0.00013220824783682916,batch,"[0, 1, 2, 3]"
93122,equilibrator,8,32768,author_pivot_voi,4,4,32768.0,0.0034357239576580656,0.00013220824783682916,batch,"[0, 1, 2, 3]"
93122,equilibrator,8,,all_hf_reference,5,9,73728.0,0.0035679322054948948,0.0,all,"[0, 1, 2, 3, 4, 5, 6, 7, 8]"
93123,exploiter,1,8192,pivot_kg,8,1,8192.0,0.21200505998359415,0.0,budget_exhausted,[7]
93123,exploiter,1,8192,pivot_kg_stop,8,1,8192.0,0.21200505998359415,0.0,budget_exhausted,[7]
93123,exploiter,1,8192,uniform_v2,8,1,8192.0,0.21200505998359415,0.0,budget_exhausted,[6]
93123,exploiter,1,8192,ivr_v2,8,1,8192.0,0.21200505998359415,0.0,budget_exhausted,[8]
93123,exploiter,1,8192,lucb_v2,8,1,8192.0,0.21200505998359415,0.0,budget_exhausted,[8]
93123,exploiter,1,,no_hf_v2,8,0,0.0,0.21200505998359415,0.0,no_hf_method,[]
93123,exploiter,1,,proxy_only,8,0,0.0,0.21200505998359415,0.0,no_hf_method,[]
93123,exploiter,1,8192,author_random_hf,8,1,8192.0,0.21200505998359415,0.0,batch,[6]
93123,exploiter,1,8192,author_paired_lucb,7,1,8192.0,0.18453017123709775,0.027474888746496395,batch,[8]
93123,exploiter,1,8192,author_global_voi,8,1,8192.0,0.21200505998359415,0.0,batch,[0]
93123,exploiter,1,8192,author_pivot_voi,8,1,8192.0,0.21200505998359415,0.0,batch,[0]
93123,exploiter,1,16384,pivot_kg,8,2,16384.0,0.21200505998359415,0.0,budget_exhausted,"[7, 0]"
93123,exploiter,1,16384,pivot_kg_stop,8,2,16384.0,0.21200505998359415,0.0,budget_exhausted,"[7, 2]"
93123,exploiter,1,16384,uniform_v2,8,2,16384.0,0.21200505998359415,0.0,budget_exhausted,"[6, 3]"
93123,exploiter,1,16384,ivr_v2,8,2,16384.0,0.21200505998359415,0.0,budget_exhausted,"[8, 7]"
93123,exploiter,1,16384,lucb_v2,8,2,16384.0,0.21200505998359415,0.0,budget_exhausted,"[8, 7]"
93123,exploiter,1,16384,author_random_hf,8,2,16384.0,0.21200505998359415,0.0,batch,"[6, 7]"
93123,exploiter,1,16384,author_paired_lucb,8,2,16384.0,0.21200505998359415,0.0,batch,"[8, 7]"
93123,exploiter,1,16384,author_global_voi,8,2,16384.0,0.21200505998359415,0.0,batch,"[0, 1]"
93123,exploiter,1,16384,author_pivot_voi,8,2,16384.0,0.21200505998359415,0.0,batch,"[0, 1]"
93123,exploiter,1,32768,pivot_kg,8,4,32768.0,0.21200505998359415,0.0,budget_exhausted,"[7, 0, 3, 4]"
93123,exploiter,1,32768,pivot_kg_stop,8,4,32768.0,0.21200505998359415,0.0,budget_exhausted,"[7, 2, 8, 4]"
93123,exploiter,1,32768,uniform_v2,8,4,32768.0,0.21200505998359415,0.0,budget_exhausted,"[6, 3, 7, 5]"
93123,exploiter,1,32768,ivr_v2,8,4,32768.0,0.21200505998359415,0.0,budget_exhausted,"[8, 7, 6, 5]"
93123,exploiter,1,32768,lucb_v2,8,4,32768.0,0.21200505998359415,0.0,budget_exhausted,"[8, 7, 6, 5]"
93123,exploiter,1,32768,author_random_hf,8,4,32768.0,0.21200505998359415,0.0,batch,"[6, 7, 0, 1]"
93123,exploiter,1,32768,author_paired_lucb,8,4,32768.0,0.21200505998359415,0.0,batch,"[8, 7, 6, 5]"
93123,exploiter,1,32768,author_global_voi,8,4,32768.0,0.21200505998359415,0.0,batch,"[0, 1, 2, 3]"
93123,exploiter,1,32768,author_pivot_voi,8,4,32768.0,0.21200505998359415,0.0,batch,"[0, 1, 2, 3]"
93123,exploiter,1,,all_hf_reference,8,9,73728.0,0.21200505998359415,0.0,all,"[0, 1, 2, 3, 4, 5, 6, 7, 8]"
93123,exploiter,8,8192,pivot_kg,8,1,8192.0,-0.12073790633787557,0.12073790633787557,budget_exhausted,[8]
93123,exploiter,8,8192,pivot_kg_stop,8,1,8192.0,-0.12073790633787557,0.12073790633787557,budget_exhausted,[8]
93123,exploiter,8,8192,uniform_v2,8,1,8192.0,-0.12073790633787557,0.12073790633787557,budget_exhausted,[6]
93123,exploiter,8,8192,ivr_v2,8,1,8192.0,-0.12073790633787557,0.12073790633787557,budget_exhausted,[8]
93123,exploiter,8,8192,lucb_v2,8,1,8192.0,-0.12073790633787557,0.12073790633787557,budget_exhausted,[8]
93123,exploiter,8,,no_hf_v2,8,0,0.0,-0.12073790633787557,0.12073790633787557,no_hf_method,[]
93123,exploiter,8,,proxy_only,8,0,0.0,-0.12073790633787557,0.12073790633787557,no_hf_method,[]
93123,exploiter,8,8192,author_random_hf,8,1,8192.0,-0.12073790633787557,0.12073790633787557,batch,[6]
93123,exploiter,8,8192,author_paired_lucb,5,1,8192.0,-0.08789930975571375,0.08789930975571375,batch,[4]
93123,exploiter,8,8192,author_global_voi,4,1,8192.0,-0.07362976382742947,0.07362976382742947,batch,[0]
93123,exploiter,8,8192,author_pivot_voi,4,1,8192.0,-0.07362976382742947,0.07362976382742947,batch,[0]
93123,exploiter,8,16384,pivot_kg,8,2,16384.0,-0.12073790633787557,0.12073790633787557,budget_exhausted,"[8, 7]"
93123,exploiter,8,16384,pivot_kg_stop,8,2,16384.0,-0.12073790633787557,0.12073790633787557,budget_exhausted,"[8, 7]"
93123,exploiter,8,16384,uniform_v2,8,2,16384.0,-0.12073790633787557,0.12073790633787557,budget_exhausted,"[6, 3]"
93123,exploiter,8,16384,ivr_v2,8,2,16384.0,-0.12073790633787557,0.12073790633787557,budget_exhausted,"[8, 7]"
93123,exploiter,8,16384,lucb_v2,8,2,16384.0,-0.12073790633787557,0.12073790633787557,budget_exhausted,"[8, 7]"
93123,exploiter,8,16384,author_random_hf,8,2,16384.0,-0.12073790633787557,0.12073790633787557,batch,"[6, 7]"
93123,exploiter,8,16384,author_paired_lucb,3,2,16384.0,-0.057698544365363036,0.057698544365363036,batch,"[4, 5]"
93123,exploiter,8,16384,author_global_voi,4,2,16384.0,-0.07362976382742947,0.07362976382742947,batch,"[0, 1]"
93123,exploiter,8,16384,author_pivot_voi,4,2,16384.0,-0.07362976382742947,0.07362976382742947,batch,"[0, 1]"
93123,exploiter,8,32768,pivot_kg,8,4,32768.0,-0.12073790633787557,0.12073790633787557,budget_exhausted,"[8, 7, 6, 5]"
93123,exploiter,8,32768,pivot_kg_stop,8,4,32768.0,-0.12073790633787557,0.12073790633787557,budget_exhausted,"[8, 7, 6, 5]"
93123,exploiter,8,32768,uniform_v2,8,4,32768.0,-0.12073790633787557,0.12073790633787557,budget_exhausted,"[6, 3, 7, 5]"
93123,exploiter,8,32768,ivr_v2,8,4,32768.0,-0.12073790633787557,0.12073790633787557,budget_exhausted,"[8, 7, 6, 5]"
93123,exploiter,8,32768,lucb_v2,8,4,32768.0,-0.12073790633787557,0.12073790633787557,budget_exhausted,"[8, 7, 6, 5]"
93123,exploiter,8,32768,author_random_hf,8,4,32768.0,-0.12073790633787557,0.12073790633787557,batch,"[6, 7, 0, 1]"
93123,exploiter,8,32768,author_paired_lucb,7,4,32768.0,-0.11145338101093688,0.11145338101093688,batch,"[4, 5, 3, 6]"
93123,exploiter,8,32768,author_global_voi,4,4,32768.0,-0.07362976382742947,0.07362976382742947,batch,"[0, 1, 2, 3]"
93123,exploiter,8,32768,author_pivot_voi,4,4,32768.0,-0.07362976382742947,0.07362976382742947,batch,"[0, 1, 2, 3]"
93123,exploiter,8,,all_hf_reference,0,9,73728.0,0.0,0.0,all,"[0, 1, 2, 3, 4, 5, 6, 7, 8]"
93124,equilibrator,1,8192,pivot_kg,8,1,8192.0,0.38543337443362685,0.0,budget_exhausted,[8]
93124,equilibrator,1,8192,pivot_kg_stop,8,1,8192.0,0.38543337443362685,0.0,budget_exhausted,[8]
93124,equilibrator,1,8192,uniform_v2,8,1,8192.0,0.38543337443362685,0.0,budget_exhausted,[0]
93124,equilibrator,1,8192,ivr_v2,8,1,8192.0,0.38543337443362685,0.0,budget_exhausted,[8]
93124,equilibrator,1,8192,lucb_v2,8,1,8192.0,0.38543337443362685,0.0,budget_exhausted,[8]
93124,equilibrator,1,,no_hf_v2,8,0,0.0,0.38543337443362685,0.0,no_hf_method,[]
93124,equilibrator,1,,proxy_only,8,0,0.0,0.38543337443362685,0.0,no_hf_method,[]
93124,equilibrator,1,8192,author_random_hf,8,1,8192.0,0.38543337443362685,0.0,batch,[5]
93124,equilibrator,1,8192,author_paired_lucb,8,1,8192.0,0.38543337443362685,0.0,batch,[8]
93124,equilibrator,1,8192,author_global_voi,8,1,8192.0,0.38543337443362685,0.0,batch,[0]
93124,equilibrator,1,8192,author_pivot_voi,8,1,8192.0,0.38543337443362685,0.0,batch,[0]
93124,equilibrator,1,16384,pivot_kg,8,2,16384.0,0.38543337443362685,0.0,budget_exhausted,"[8, 7]"
93124,equilibrator,1,16384,pivot_kg_stop,8,2,16384.0,0.38543337443362685,0.0,budget_exhausted,"[8, 1]"
93124,equilibrator,1,16384,uniform_v2,8,2,16384.0,0.38543337443362685,0.0,budget_exhausted,"[0, 6]"
93124,equilibrator,1,16384,ivr_v2,8,2,16384.0,0.38543337443362685,0.0,budget_exhausted,"[8, 7]"
93124,equilibrator,1,16384,lucb_v2,8,2,16384.0,0.38543337443362685,0.0,budget_exhausted,"[8, 7]"
93124,equilibrator,1,16384,author_random_hf,8,2,16384.0,0.38543337443362685,0.0,batch,"[5, 7]"
93124,equilibrator,1,16384,author_paired_lucb,8,2,16384.0,0.38543337443362685,0.0,batch,"[8, 7]"
93124,equilibrator,1,16384,author_global_voi,8,2,16384.0,0.38543337443362685,0.0,batch,"[0, 1]"
93124,equilibrator,1,16384,author_pivot_voi,8,2,16384.0,0.38543337443362685,0.0,batch,"[0, 1]"
93124,equilibrator,1,32768,pivot_kg,8,4,32768.0,0.38543337443362685,0.0,budget_exhausted,"[8, 7, 1, 0]"
93124,equilibrator,1,32768,pivot_kg_stop,8,4,32768.0,0.38543337443362685,0.0,budget_exhausted,"[8, 1, 2, 3]"
93124,equilibrator,1,32768,uniform_v2,8,4,32768.0,0.38543337443362685,0.0,budget_exhausted,"[0, 6, 2, 5]"
93124,equilibrator,1,32768,ivr_v2,8,4,32768.0,0.38543337443362685,0.0,budget_exhausted,"[8, 7, 6, 5]"
93124,equilibrator,1,32768,lucb_v2,8,4,32768.0,0.38543337443362685,0.0,budget_exhausted,"[8, 7, 6, 5]"
93124,equilibrator,1,32768,author_random_hf,8,4,32768.0,0.38543337443362685,0.0,batch,"[5, 7, 2, 1]"
93124,equilibrator,1,32768,author_paired_lucb,8,4,32768.0,0.38543337443362685,0.0,batch,"[8, 7, 6, 5]"
93124,equilibrator,1,32768,author_global_voi,8,4,32768.0,0.38543337443362685,0.0,batch,"[0, 1, 2, 3]"
93124,equilibrator,1,32768,author_pivot_voi,8,4,32768.0,0.38543337443362685,0.0,batch,"[0, 1, 2, 3]"
93124,equilibrator,1,,all_hf_reference,8,9,73728.0,0.38543337443362685,0.0,all,"[0, 1, 2, 3, 4, 5, 6, 7, 8]"
93124,equilibrator,8,8192,pivot_kg,8,1,8192.0,0.08580443551474748,0.0,budget_exhausted,[8]
93124,equilibrator,8,8192,pivot_kg_stop,8,1,8192.0,0.08580443551474748,0.0,budget_exhausted,[8]
93124,equilibrator,8,8192,uniform_v2,8,1,8192.0,0.08580443551474748,0.0,budget_exhausted,[0]
93124,equilibrator,8,8192,ivr_v2,8,1,8192.0,0.08580443551474748,0.0,budget_exhausted,[8]
93124,equilibrator,8,8192,lucb_v2,8,1,8192.0,0.08580443551474748,0.0,budget_exhausted,[8]
93124,equilibrator,8,,no_hf_v2,8,0,0.0,0.08580443551474748,0.0,no_hf_method,[]
93124,equilibrator,8,,proxy_only,8,0,0.0,0.08580443551474748,0.0,no_hf_method,[]
93124,equilibrator,8,8192,author_random_hf,8,1,8192.0,0.08580443551474748,0.0,batch,[5]
93124,equilibrator,8,8192,author_paired_lucb,5,1,8192.0,0.0619485528699133,0.02385588264483418,batch,[4]
93124,equilibrator,8,8192,author_global_voi,4,1,8192.0,0.05177771714211615,0.034026718372631326,batch,[0]
93124,equilibrator,8,8192,author_pivot_voi,4,1,8192.0,0.05177771714211615,0.034026718372631326,batch,[0]
93124,equilibrator,8,16384,pivot_kg,8,2,16384.0,0.08580443551474748,0.0,budget_exhausted,"[8, 7]"
93124,equilibrator,8,16384,pivot_kg_stop,8,2,16384.0,0.08580443551474748,0.0,budget_exhausted,"[8, 7]"
93124,equilibrator,8,16384,uniform_v2,8,2,16384.0,0.08580443551474748,0.0,budget_exhausted,"[0, 6]"
93124,equilibrator,8,16384,ivr_v2,8,2,16384.0,0.08580443551474748,0.0,budget_exhausted,"[8, 7]"
93124,equilibrator,8,16384,lucb_v2,8,2,16384.0,0.08580443551474748,0.0,budget_exhausted,"[8, 7]"
93124,equilibrator,8,16384,author_random_hf,8,2,16384.0,0.08580443551474748,0.0,batch,"[5, 7]"
93124,equilibrator,8,16384,author_paired_lucb,6,2,16384.0,0.0710099511746175,0.014794484340129976,batch,"[4, 5]"
93124,equilibrator,8,16384,author_global_voi,4,2,16384.0,0.05177771714211615,0.034026718372631326,batch,"[0, 1]"
93124,equilibrator,8,16384,author_pivot_voi,4,2,16384.0,0.05177771714211615,0.034026718372631326,batch,"[0, 1]"
93124,equilibrator,8,32768,pivot_kg,8,4,32768.0,0.08580443551474748,0.0,budget_exhausted,"[8, 7, 6, 0]"
93124,equilibrator,8,32768,pivot_kg_stop,8,4,32768.0,0.08580443551474748,0.0,budget_exhausted,"[8, 7, 6, 1]"
93124,equilibrator,8,32768,uniform_v2,8,4,32768.0,0.08580443551474748,0.0,budget_exhausted,"[0, 6, 2, 5]"
93124,equilibrator,8,32768,ivr_v2,8,4,32768.0,0.08580443551474748,0.0,budget_exhausted,"[8, 7, 6, 5]"
93124,equilibrator,8,32768,lucb_v2,8,4,32768.0,0.08580443551474748,0.0,budget_exhausted,"[8, 7, 6, 5]"
93124,equilibrator,8,32768,author_random_hf,8,4,32768.0,0.08580443551474748,0.0,batch,"[5, 7, 2, 1]"
93124,equilibrator,8,32768,author_paired_lucb,8,4,32768.0,0.08580443551474748,0.0,batch,"[4, 5, 6, 7]"
93124,equilibrator,8,32768,author_global_voi,4,4,32768.0,0.05177771714211615,0.034026718372631326,batch,"[0, 1, 2, 3]"
93124,equilibrator,8,32768,author_pivot_voi,4,4,32768.0,0.05177771714211615,0.034026718372631326,batch,"[0, 1, 2, 3]"
93124,equilibrator,8,,all_hf_reference,8,9,73728.0,0.08580443551474748,0.0,all,"[0, 1, 2, 3, 4, 5, 6, 7, 8]"
93125,exploiter,1,8192,pivot_kg,8,1,8192.0,0.2766280699715423,0.0,budget_exhausted,[1]
93125,exploiter,1,8192,pivot_kg_stop,8,1,8192.0,0.2766280699715423,0.0,budget_exhausted,[1]
93125,exploiter,1,8192,uniform_v2,8,1,8192.0,0.2766280699715423,0.0,budget_exhausted,[1]
93125,exploiter,1,8192,ivr_v2,8,1,8192.0,0.2766280699715423,0.0,budget_exhausted,[8]
93125,exploiter,1,8192,lucb_v2,8,1,8192.0,0.2766280699715423,0.0,budget_exhausted,[8]
93125,exploiter,1,,no_hf_v2,8,0,0.0,0.2766280699715423,0.0,no_hf_method,[]
93125,exploiter,1,,proxy_only,8,0,0.0,0.2766280699715423,0.0,no_hf_method,[]
93125,exploiter,1,8192,author_random_hf,8,1,8192.0,0.2766280699715423,0.0,batch,[1]
93125,exploiter,1,8192,author_paired_lucb,7,1,8192.0,0.24323177017479647,0.033396299796745854,batch,[8]
93125,exploiter,1,8192,author_global_voi,8,1,8192.0,0.2766280699715423,0.0,batch,[0]
93125,exploiter,1,8192,author_pivot_voi,8,1,8192.0,0.2766280699715423,0.0,batch,[0]
93125,exploiter,1,16384,pivot_kg,8,2,16384.0,0.2766280699715423,0.0,budget_exhausted,"[1, 0]"
93125,exploiter,1,16384,pivot_kg_stop,8,2,16384.0,0.2766280699715423,0.0,budget_exhausted,"[1, 7]"
93125,exploiter,1,16384,uniform_v2,8,2,16384.0,0.2766280699715423,0.0,budget_exhausted,"[1, 2]"
93125,exploiter,1,16384,ivr_v2,8,2,16384.0,0.2766280699715423,0.0,budget_exhausted,"[8, 7]"
93125,exploiter,1,16384,lucb_v2,8,2,16384.0,0.2766280699715423,0.0,budget_exhausted,"[8, 7]"
93125,exploiter,1,16384,author_random_hf,8,2,16384.0,0.2766280699715423,0.0,batch,"[1, 3]"
93125,exploiter,1,16384,author_paired_lucb,8,2,16384.0,0.2766280699715423,0.0,batch,"[8, 7]"
93125,exploiter,1,16384,author_global_voi,8,2,16384.0,0.2766280699715423,0.0,batch,"[0, 1]"
93125,exploiter,1,16384,author_pivot_voi,8,2,16384.0,0.2766280699715423,0.0,batch,"[0, 1]"
93125,exploiter,1,32768,pivot_kg,8,4,32768.0,0.2766280699715423,0.0,budget_exhausted,"[1, 0, 2, 7]"
93125,exploiter,1,32768,pivot_kg_stop,8,4,32768.0,0.2766280699715423,0.0,budget_exhausted,"[1, 7, 0, 5]"
93125,exploiter,1,32768,uniform_v2,8,4,32768.0,0.2766280699715423,0.0,budget_exhausted,"[1, 2, 5, 8]"
93125,exploiter,1,32768,ivr_v2,8,4,32768.0,0.2766280699715423,0.0,budget_exhausted,"[8, 7, 6, 5]"
93125,exploiter,1,32768,lucb_v2,8,4,32768.0,0.2766280699715423,0.0,budget_exhausted,"[8, 7, 6, 5]"
93125,exploiter,1,32768,author_random_hf,8,4,32768.0,0.2766280699715423,0.0,batch,"[1, 3, 4, 2]"
93125,exploiter,1,32768,author_paired_lucb,8,4,32768.0,0.2766280699715423,0.0,batch,"[8, 7, 6, 5]"
93125,exploiter,1,32768,author_global_voi,8,4,32768.0,0.2766280699715423,0.0,batch,"[0, 1, 2, 3]"
93125,exploiter,1,32768,author_pivot_voi,8,4,32768.0,0.2766280699715423,0.0,batch,"[0, 1, 2, 3]"
93125,exploiter,1,,all_hf_reference,8,9,73728.0,0.2766280699715423,0.0,all,"[0, 1, 2, 3, 4, 5, 6, 7, 8]"
93125,exploiter,8,8192,pivot_kg,8,1,8192.0,-0.10002124995996886,0.10002124995996886,budget_exhausted,[8]
93125,exploiter,8,8192,pivot_kg_stop,8,1,8192.0,-0.10002124995996886,0.10002124995996886,budget_exhausted,[8]
93125,exploiter,8,8192,uniform_v2,8,1,8192.0,-0.10002124995996886,0.10002124995996886,budget_exhausted,[1]
93125,exploiter,8,8192,ivr_v2,8,1,8192.0,-0.10002124995996886,0.10002124995996886,budget_exhausted,[8]
93125,exploiter,8,8192,lucb_v2,8,1,8192.0,-0.10002124995996886,0.10002124995996886,budget_exhausted,[8]
93125,exploiter,8,,no_hf_v2,8,0,0.0,-0.10002124995996886,0.10002124995996886,no_hf_method,[]
93125,exploiter,8,,proxy_only,8,0,0.0,-0.10002124995996886,0.10002124995996886,no_hf_method,[]
93125,exploiter,8,8192,author_random_hf,8,1,8192.0,-0.10002124995996886,0.10002124995996886,batch,[1]
93125,exploiter,8,8192,author_paired_lucb,5,1,8192.0,-0.09116614385035504,0.09116614385035504,batch,[4]
93125,exploiter,8,8192,author_global_voi,4,1,8192.0,-0.08056510893999669,0.08056510893999669,batch,[0]
93125,exploiter,8,8192,author_pivot_voi,4,1,8192.0,-0.08056510893999669,0.08056510893999669,batch,[0]
93125,exploiter,8,16384,pivot_kg,8,2,16384.0,-0.10002124995996886,0.10002124995996886,budget_exhausted,"[8, 7]"
93125,exploiter,8,16384,pivot_kg_stop,8,2,16384.0,-0.10002124995996886,0.10002124995996886,budget_exhausted,"[8, 7]"
93125,exploiter,8,16384,uniform_v2,8,2,16384.0,-0.10002124995996886,0.10002124995996886,budget_exhausted,"[1, 2]"
93125,exploiter,8,16384,ivr_v2,8,2,16384.0,-0.10002124995996886,0.10002124995996886,budget_exhausted,"[8, 7]"
93125,exploiter,8,16384,lucb_v2,8,2,16384.0,-0.10002124995996886,0.10002124995996886,budget_exhausted,"[8, 7]"
93125,exploiter,8,16384,author_random_hf,8,2,16384.0,-0.10002124995996886,0.10002124995996886,batch,"[1, 3]"
93125,exploiter,8,16384,author_paired_lucb,6,2,16384.0,-0.09794251232380302,0.09794251232380302,batch,"[4, 5]"
93125,exploiter,8,16384,author_global_voi,4,2,16384.0,-0.08056510893999669,0.08056510893999669,batch,"[0, 1]"
93125,exploiter,8,16384,author_pivot_voi,4,2,16384.0,-0.08056510893999669,0.08056510893999669,batch,"[0, 1]"
93125,exploiter,8,32768,pivot_kg,8,4,32768.0,-0.10002124995996886,0.10002124995996886,budget_exhausted,"[8, 7, 6, 4]"
93125,exploiter,8,32768,pivot_kg_stop,8,4,32768.0,-0.10002124995996886,0.10002124995996886,budget_exhausted,"[8, 7, 6, 3]"
93125,exploiter,8,32768,uniform_v2,8,4,32768.0,-0.10002124995996886,0.10002124995996886,budget_exhausted,"[1, 2, 5, 8]"
93125,exploiter,8,32768,ivr_v2,8,4,32768.0,-0.10002124995996886,0.10002124995996886,budget_exhausted,"[8, 7, 6, 5]"
93125,exploiter,8,32768,lucb_v2,8,4,32768.0,-0.10002124995996886,0.10002124995996886,budget_exhausted,"[8, 7, 6, 5]"
93125,exploiter,8,32768,author_random_hf,8,4,32768.0,-0.10002124995996886,0.10002124995996886,batch,"[1, 3, 4, 2]"
93125,exploiter,8,32768,author_paired_lucb,7,4,32768.0,-0.10089421436034107,0.10089421436034107,batch,"[4, 5, 6, 3]"
93125,exploiter,8,32768,author_global_voi,4,4,32768.0,-0.08056510893999669,0.08056510893999669,batch,"[0, 1, 2, 3]"
93125,exploiter,8,32768,author_pivot_voi,4,4,32768.0,-0.08056510893999669,0.08056510893999669,batch,"[0, 1, 2, 3]"
93125,exploiter,8,,all_hf_reference,0,9,73728.0,0.0,0.0,all,"[0, 1, 2, 3, 4, 5, 6, 7, 8]"
93126,equilibrator,1,8192,pivot_kg,8,1,8192.0,0.20752906983897118,0.0,budget_exhausted,[4]
93126,equilibrator,1,8192,pivot_kg_stop,8,1,8192.0,0.20752906983897118,0.0,budget_exhausted,[4]
93126,equilibrator,1,8192,uniform_v2,8,1,8192.0,0.20752906983897118,0.0,budget_exhausted,[6]
93126,equilibrator,1,8192,ivr_v2,8,1,8192.0,0.20752906983897118,0.0,budget_exhausted,[8]
93126,equilibrator,1,8192,lucb_v2,8,1,8192.0,0.20752906983897118,0.0,budget_exhausted,[8]
93126,equilibrator,1,,no_hf_v2,8,0,0.0,0.20752906983897118,0.0,no_hf_method,[]
93126,equilibrator,1,,proxy_only,8,0,0.0,0.20752906983897118,0.0,no_hf_method,[]
93126,equilibrator,1,8192,author_random_hf,8,1,8192.0,0.20752906983897118,0.0,batch,[5]
93126,equilibrator,1,8192,author_paired_lucb,8,1,8192.0,0.20752906983897118,0.0,batch,[8]
93126,equilibrator,1,8192,author_global_voi,8,1,8192.0,0.20752906983897118,0.0,batch,[0]
93126,equilibrator,1,8192,author_pivot_voi,8,1,8192.0,0.20752906983897118,0.0,batch,[0]
93126,equilibrator,1,16384,pivot_kg,8,2,16384.0,0.20752906983897118,0.0,budget_exhausted,"[4, 0]"
93126,equilibrator,1,16384,pivot_kg_stop,8,2,16384.0,0.20752906983897118,0.0,budget_exhausted,"[4, 6]"
93126,equilibrator,1,16384,uniform_v2,8,2,16384.0,0.20752906983897118,0.0,budget_exhausted,"[6, 7]"
93126,equilibrator,1,16384,ivr_v2,8,2,16384.0,0.20752906983897118,0.0,budget_exhausted,"[8, 7]"
93126,equilibrator,1,16384,lucb_v2,8,2,16384.0,0.20752906983897118,0.0,budget_exhausted,"[8, 7]"
93126,equilibrator,1,16384,author_random_hf,8,2,16384.0,0.20752906983897118,0.0,batch,"[5, 2]"
93126,equilibrator,1,16384,author_paired_lucb,7,2,16384.0,0.18158792813880853,0.02594114170016265,batch,"[8, 7]"
93126,equilibrator,1,16384,author_global_voi,8,2,16384.0,0.20752906983897118,0.0,batch,"[0, 1]"
93126,equilibrator,1,16384,author_pivot_voi,8,2,16384.0,0.20752906983897118,0.0,batch,"[0, 1]"
93126,equilibrator,1,32768,pivot_kg,8,4,32768.0,0.20752906983897118,0.0,budget_exhausted,"[4, 0, 7, 1]"
93126,equilibrator,1,32768,pivot_kg_stop,8,4,32768.0,0.20752906983897118,0.0,budget_exhausted,"[4, 6, 1, 7]"
93126,equilibrator,1,32768,uniform_v2,8,4,32768.0,0.20752906983897118,0.0,budget_exhausted,"[6, 7, 1, 8]"
93126,equilibrator,1,32768,ivr_v2,8,4,32768.0,0.20752906983897118,0.0,budget_exhausted,"[8, 7, 6, 5]"
93126,equilibrator,1,32768,lucb_v2,8,4,32768.0,0.20752906983897118,0.0,budget_exhausted,"[8, 7, 6, 5]"
93126,equilibrator,1,32768,author_random_hf,8,4,32768.0,0.20752906983897118,0.0,batch,"[5, 2, 7, 6]"
93126,equilibrator,1,32768,author_paired_lucb,7,4,32768.0,0.18158792813880853,0.02594114170016265,batch,"[8, 7, 6, 5]"
93126,equilibrator,1,32768,author_global_voi,8,4,32768.0,0.20752906983897118,0.0,batch,"[0, 1, 2, 3]"
93126,equilibrator,1,32768,author_pivot_voi,8,4,32768.0,0.20752906983897118,0.0,batch,"[0, 1, 2, 3]"
93126,equilibrator,1,,all_hf_reference,7,9,73728.0,0.18158792813880853,0.02594114170016265,all,"[0, 1, 2, 3, 4, 5, 6, 7, 8]"
93126,equilibrator,8,8192,pivot_kg,8,1,8192.0,0.06650724151792359,0.0,budget_exhausted,[8]
93126,equilibrator,8,8192,pivot_kg_stop,8,1,8192.0,0.06650724151792359,0.0,budget_exhausted,[8]
93126,equilibrator,8,8192,uniform_v2,8,1,8192.0,0.06650724151792359,0.0,budget_exhausted,[6]
93126,equilibrator,8,8192,ivr_v2,8,1,8192.0,0.06650724151792359,0.0,budget_exhausted,[8]
93126,equilibrator,8,8192,lucb_v2,8,1,8192.0,0.06650724151792359,0.0,budget_exhausted,[8]
93126,equilibrator,8,,no_hf_v2,8,0,0.0,0.06650724151792359,0.0,no_hf_method,[]
93126,equilibrator,8,,proxy_only,8,0,0.0,0.06650724151792359,0.0,no_hf_method,[]
93126,equilibrator,8,8192,author_random_hf,8,1,8192.0,0.06650724151792359,0.0,batch,[5]
93126,equilibrator,8,8192,author_paired_lucb,5,1,8192.0,0.041567019942618244,0.024940221575305344,batch,[4]
93126,equilibrator,8,8192,author_global_voi,4,1,8192.0,0.033253614352472094,0.033253627165451494,batch,[0]
93126,equilibrator,8,8192,author_pivot_voi,4,1,8192.0,0.033253614352472094,0.033253627165451494,batch,[0]
93126,equilibrator,8,16384,pivot_kg,8,2,16384.0,0.06650724151792359,0.0,budget_exhausted,"[8, 7]"
93126,equilibrator,8,16384,pivot_kg_stop,8,2,16384.0,0.06650724151792359,0.0,budget_exhausted,"[8, 7]"
93126,equilibrator,8,16384,uniform_v2,8,2,16384.0,0.06650724151792359,0.0,budget_exhausted,"[6, 7]"
93126,equilibrator,8,16384,ivr_v2,8,2,16384.0,0.06650724151792359,0.0,budget_exhausted,"[8, 7]"
93126,equilibrator,8,16384,lucb_v2,8,2,16384.0,0.06650724151792359,0.0,budget_exhausted,"[8, 7]"
93126,equilibrator,8,16384,author_random_hf,8,2,16384.0,0.06650724151792359,0.0,batch,"[5, 2]"
93126,equilibrator,8,16384,author_paired_lucb,3,2,16384.0,0.02494020956313725,0.04156703195478634,batch,"[4, 5]"
93126,equilibrator,8,16384,author_global_voi,4,2,16384.0,0.033253614352472094,0.033253627165451494,batch,"[0, 1]"
93126,equilibrator,8,16384,author_pivot_voi,4,2,16384.0,0.033253614352472094,0.033253627165451494,batch,"[0, 1]"
93126,equilibrator,8,32768,pivot_kg,8,4,32768.0,0.06650724151792359,0.0,budget_exhausted,"[8, 7, 6, 5]"
93126,equilibrator,8,32768,pivot_kg_stop,8,4,32768.0,0.06650724151792359,0.0,budget_exhausted,"[8, 7, 6, 5]"
93126,equilibrator,8,32768,uniform_v2,8,4,32768.0,0.06650724151792359,0.0,budget_exhausted,"[6, 7, 1, 8]"
93126,equilibrator,8,32768,ivr_v2,8,4,32768.0,0.06650724151792359,0.0,budget_exhausted,"[8, 7, 6, 5]"
93126,equilibrator,8,32768,lucb_v2,8,4,32768.0,0.06650724151792359,0.0,budget_exhausted,"[8, 7, 6, 5]"
93126,equilibrator,8,32768,author_random_hf,8,4,32768.0,0.06650724151792359,0.0,batch,"[5, 2, 7, 6]"
93126,equilibrator,8,32768,author_paired_lucb,2,4,32768.0,0.0166268055746136,0.049880435943309986,batch,"[4, 5, 3, 6]"
93126,equilibrator,8,32768,author_global_voi,4,4,32768.0,0.033253614352472094,0.033253627165451494,batch,"[0, 1, 2, 3]"
93126,equilibrator,8,32768,author_pivot_voi,4,4,32768.0,0.033253614352472094,0.033253627165451494,batch,"[0, 1, 2, 3]"
93126,equilibrator,8,,all_hf_reference,7,9,73728.0,0.05819383352534391,0.00831340799257968,all,"[0, 1, 2, 3, 4, 5, 6, 7, 8]"
93127,exploiter,1,8192,pivot_kg,8,1,8192.0,0.22186995650743174,0.0,budget_exhausted,[7]
93127,exploiter,1,8192,pivot_kg_stop,8,1,8192.0,0.22186995650743174,0.0,budget_exhausted,[7]
93127,exploiter,1,8192,uniform_v2,8,1,8192.0,0.22186995650743174,0.0,budget_exhausted,[6]
93127,exploiter,1,8192,ivr_v2,8,1,8192.0,0.22186995650743174,0.0,budget_exhausted,[8]
93127,exploiter,1,8192,lucb_v2,8,1,8192.0,0.22186995650743174,0.0,budget_exhausted,[8]
93127,exploiter,1,,no_hf_v2,8,0,0.0,0.22186995650743174,0.0,no_hf_method,[]
93127,exploiter,1,,proxy_only,8,0,0.0,0.22186995650743174,0.0,no_hf_method,[]
93127,exploiter,1,8192,author_random_hf,8,1,8192.0,0.22186995650743174,0.0,batch,[4]
93127,exploiter,1,8192,author_paired_lucb,7,1,8192.0,0.19797099194358408,0.023898964563847658,batch,[8]
93127,exploiter,1,8192,author_global_voi,8,1,8192.0,0.22186995650743174,0.0,batch,[0]
93127,exploiter,1,8192,author_pivot_voi,8,1,8192.0,0.22186995650743174,0.0,batch,[0]
93127,exploiter,1,16384,pivot_kg,8,2,16384.0,0.22186995650743174,0.0,budget_exhausted,"[7, 2]"
93127,exploiter,1,16384,pivot_kg_stop,8,2,16384.0,0.22186995650743174,0.0,budget_exhausted,"[7, 5]"
93127,exploiter,1,16384,uniform_v2,8,2,16384.0,0.22186995650743174,0.0,budget_exhausted,"[6, 0]"
93127,exploiter,1,16384,ivr_v2,8,2,16384.0,0.22186995650743174,0.0,budget_exhausted,"[8, 7]"
93127,exploiter,1,16384,lucb_v2,8,2,16384.0,0.22186995650743174,0.0,budget_exhausted,"[8, 7]"
93127,exploiter,1,16384,author_random_hf,7,2,16384.0,0.19797099194358408,0.023898964563847658,batch,"[4, 8]"
93127,exploiter,1,16384,author_paired_lucb,8,2,16384.0,0.22186995650743174,0.0,batch,"[8, 7]"
93127,exploiter,1,16384,author_global_voi,8,2,16384.0,0.22186995650743174,0.0,batch,"[0, 1]"
93127,exploiter,1,16384,author_pivot_voi,8,2,16384.0,0.22186995650743174,0.0,batch,"[0, 1]"
93127,exploiter,1,32768,pivot_kg,8,4,32768.0,0.22186995650743174,0.0,budget_exhausted,"[7, 2, 0, 8]"
93127,exploiter,1,32768,pivot_kg_stop,8,4,32768.0,0.22186995650743174,0.0,budget_exhausted,"[7, 5, 3, 6]"
93127,exploiter,1,32768,uniform_v2,8,4,32768.0,0.22186995650743174,0.0,budget_exhausted,"[6, 0, 4, 5]"
93127,exploiter,1,32768,ivr_v2,8,4,32768.0,0.22186995650743174,0.0,budget_exhausted,"[8, 7, 6, 5]"
93127,exploiter,1,32768,lucb_v2,8,4,32768.0,0.22186995650743174,0.0,budget_exhausted,"[8, 7, 6, 5]"
93127,exploiter,1,32768,author_random_hf,6,4,32768.0,0.17297685573313257,0.048893100774299175,batch,"[4, 8, 5, 7]"
93127,exploiter,1,32768,author_paired_lucb,8,4,32768.0,0.22186995650743174,0.0,batch,"[8, 7, 6, 5]"
93127,exploiter,1,32768,author_global_voi,8,4,32768.0,0.22186995650743174,0.0,batch,"[0, 1, 2, 3]"
93127,exploiter,1,32768,author_pivot_voi,8,4,32768.0,0.22186995650743174,0.0,batch,"[0, 1, 2, 3]"
93127,exploiter,1,,all_hf_reference,8,9,73728.0,0.22186995650743174,0.0,all,"[0, 1, 2, 3, 4, 5, 6, 7, 8]"
93127,exploiter,8,8192,pivot_kg,8,1,8192.0,-0.23081259848719277,0.23081259848719277,budget_exhausted,[8]
93127,exploiter,8,8192,pivot_kg_stop,8,1,8192.0,-0.23081259848719277,0.23081259848719277,budget_exhausted,[8]
93127,exploiter,8,8192,uniform_v2,8,1,8192.0,-0.23081259848719277,0.23081259848719277,budget_exhausted,[6]
93127,exploiter,8,8192,ivr_v2,8,1,8192.0,-0.23081259848719277,0.23081259848719277,budget_exhausted,[8]
93127,exploiter,8,8192,lucb_v2,8,1,8192.0,-0.23081259848719277,0.23081259848719277,budget_exhausted,[8]
93127,exploiter,8,,no_hf_v2,8,0,0.0,-0.23081259848719277,0.23081259848719277,no_hf_method,[]
93127,exploiter,8,,proxy_only,8,0,0.0,-0.23081259848719277,0.23081259848719277,no_hf_method,[]
93127,exploiter,8,8192,author_random_hf,8,1,8192.0,-0.23081259848719277,0.23081259848719277,batch,[4]
93127,exploiter,8,8192,author_paired_lucb,5,1,8192.0,-0.12685248693218382,0.12685248693218382,batch,[4]
93127,exploiter,8,8192,author_global_voi,4,1,8192.0,-0.09683403745744446,0.09683403745744446,batch,[0]
93127,exploiter,8,8192,author_pivot_voi,4,1,8192.0,-0.09683403745744446,0.09683403745744446,batch,[0]
93127,exploiter,8,16384,pivot_kg,8,2,16384.0,-0.23081259848719277,0.23081259848719277,budget_exhausted,"[8, 7]"
93127,exploiter,8,16384,pivot_kg_stop,8,2,16384.0,-0.23081259848719277,0.23081259848719277,budget_exhausted,"[8, 7]"
93127,exploiter,8,16384,uniform_v2,8,2,16384.0,-0.23081259848719277,0.23081259848719277,budget_exhausted,"[6, 0]"
93127,exploiter,8,16384,ivr_v2,8,2,16384.0,-0.23081259848719277,0.23081259848719277,budget_exhausted,"[8, 7]"
93127,exploiter,8,16384,lucb_v2,8,2,16384.0,-0.23081259848719277,0.23081259848719277,budget_exhausted,"[8, 7]"
93127,exploiter,8,16384,author_random_hf,7,2,16384.0,-0.1938417674470579,0.1938417674470579,batch,"[4, 8]"
93127,exploiter,8,16384,author_paired_lucb,6,2,16384.0,-0.1591883969287215,0.1591883969287215,batch,"[4, 5]"
93127,exploiter,8,16384,author_global_voi,4,2,16384.0,-0.09683403745744446,0.09683403745744446,batch,"[0, 1]"
93127,exploiter,8,16384,author_pivot_voi,4,2,16384.0,-0.09683403745744446,0.09683403745744446,batch,"[0, 1]"
93127,exploiter,8,32768,pivot_kg,8,4,32768.0,-0.23081259848719277,0.23081259848719277,budget_exhausted,"[8, 7, 6, 5]"
93127,exploiter,8,32768,pivot_kg_stop,8,4,32768.0,-0.23081259848719277,0.23081259848719277,budget_exhausted,"[8, 7, 6, 5]"
93127,exploiter,8,32768,uniform_v2,8,4,32768.0,-0.23081259848719277,0.23081259848719277,budget_exhausted,"[6, 0, 4, 5]"
93127,exploiter,8,32768,ivr_v2,8,4,32768.0,-0.23081259848719277,0.23081259848719277,budget_exhausted,"[8, 7, 6, 5]"
93127,exploiter,8,32768,lucb_v2,8,4,32768.0,-0.23081259848719277,0.23081259848719277,budget_exhausted,"[8, 7, 6, 5]"
93127,exploiter,8,32768,author_random_hf,6,4,32768.0,-0.1591883969287215,0.1591883969287215,batch,"[4, 8, 5, 7]"
93127,exploiter,8,32768,author_paired_lucb,7,4,32768.0,-0.1938417674470579,0.1938417674470579,batch,"[4, 5, 6, 3]"
93127,exploiter,8,32768,author_global_voi,4,4,32768.0,-0.09683403745744446,0.09683403745744446,batch,"[0, 1, 2, 3]"
93127,exploiter,8,32768,author_pivot_voi,4,4,32768.0,-0.09683403745744446,0.09683403745744446,batch,"[0, 1, 2, 3]"
93127,exploiter,8,,all_hf_reference,0,9,73728.0,0.0,0.0,all,"[0, 1, 2, 3, 4, 5, 6, 7, 8]"
93128,equilibrator,1,8192,pivot_kg,8,1,8192.0,0.311292292750128,0.0,budget_exhausted,[3]
93128,equilibrator,1,8192,pivot_kg_stop,8,1,8192.0,0.311292292750128,0.0,budget_exhausted,[3]
93128,equilibrator,1,8192,uniform_v2,8,1,8192.0,0.311292292750128,0.0,budget_exhausted,[5]
93128,equilibrator,1,8192,ivr_v2,8,1,8192.0,0.311292292750128,0.0,budget_exhausted,[8]
93128,equilibrator,1,8192,lucb_v2,8,1,8192.0,0.311292292750128,0.0,budget_exhausted,[8]
93128,equilibrator,1,,no_hf_v2,8,0,0.0,0.311292292750128,0.0,no_hf_method,[]
93128,equilibrator,1,,proxy_only,8,0,0.0,0.311292292750128,0.0,no_hf_method,[]
93128,equilibrator,1,8192,author_random_hf,8,1,8192.0,0.311292292750128,0.0,batch,[7]
93128,equilibrator,1,8192,author_paired_lucb,8,1,8192.0,0.311292292750128,0.0,batch,[8]
93128,equilibrator,1,8192,author_global_voi,8,1,8192.0,0.311292292750128,0.0,batch,[0]
93128,equilibrator,1,8192,author_pivot_voi,8,1,8192.0,0.311292292750128,0.0,batch,[0]
93128,equilibrator,1,16384,pivot_kg,8,2,16384.0,0.311292292750128,0.0,budget_exhausted,"[3, 7]"
93128,equilibrator,1,16384,pivot_kg_stop,8,2,16384.0,0.311292292750128,0.0,budget_exhausted,"[3, 4]"
93128,equilibrator,1,16384,uniform_v2,8,2,16384.0,0.311292292750128,0.0,budget_exhausted,"[5, 7]"
93128,equilibrator,1,16384,ivr_v2,8,2,16384.0,0.311292292750128,0.0,budget_exhausted,"[8, 7]"
93128,equilibrator,1,16384,lucb_v2,8,2,16384.0,0.311292292750128,0.0,budget_exhausted,"[8, 7]"
93128,equilibrator,1,16384,author_random_hf,8,2,16384.0,0.311292292750128,0.0,batch,"[7, 2]"
93128,equilibrator,1,16384,author_paired_lucb,8,2,16384.0,0.311292292750128,0.0,batch,"[8, 7]"
93128,equilibrator,1,16384,author_global_voi,8,2,16384.0,0.311292292750128,0.0,batch,"[0, 1]"
93128,equilibrator,1,16384,author_pivot_voi,8,2,16384.0,0.311292292750128,0.0,batch,"[0, 1]"
93128,equilibrator,1,32768,pivot_kg,8,4,32768.0,0.311292292750128,0.0,budget_exhausted,"[3, 7, 5, 2]"
93128,equilibrator,1,32768,pivot_kg_stop,8,4,32768.0,0.311292292750128,0.0,budget_exhausted,"[3, 4, 0, 1]"
93128,equilibrator,1,32768,uniform_v2,8,4,32768.0,0.311292292750128,0.0,budget_exhausted,"[5, 7, 4, 1]"
93128,equilibrator,1,32768,ivr_v2,8,4,32768.0,0.311292292750128,0.0,budget_exhausted,"[8, 7, 6, 5]"
93128,equilibrator,1,32768,lucb_v2,8,4,32768.0,0.311292292750128,0.0,budget_exhausted,"[8, 7, 6, 5]"
93128,equilibrator,1,32768,author_random_hf,8,4,32768.0,0.311292292750128,0.0,batch,"[7, 2, 3, 0]"
93128,equilibrator,1,32768,author_paired_lucb,8,4,32768.0,0.311292292750128,0.0,batch,"[8, 7, 6, 5]"
93128,equilibrator,1,32768,author_global_voi,8,4,32768.0,0.311292292750128,0.0,batch,"[0, 1, 2, 3]"
93128,equilibrator,1,32768,author_pivot_voi,8,4,32768.0,0.311292292750128,0.0,batch,"[0, 1, 2, 3]"
93128,equilibrator,1,,all_hf_reference,8,9,73728.0,0.311292292750128,0.0,all,"[0, 1, 2, 3, 4, 5, 6, 7, 8]"
93128,equilibrator,8,8192,pivot_kg,8,1,8192.0,0.062036503426629086,0.0,budget_exhausted,[8]
93128,equilibrator,8,8192,pivot_kg_stop,8,1,8192.0,0.062036503426629086,0.0,budget_exhausted,[8]
93128,equilibrator,8,8192,uniform_v2,8,1,8192.0,0.062036503426629086,0.0,budget_exhausted,[5]
93128,equilibrator,8,8192,ivr_v2,8,1,8192.0,0.062036503426629086,0.0,budget_exhausted,[8]
93128,equilibrator,8,8192,lucb_v2,8,1,8192.0,0.062036503426629086,0.0,budget_exhausted,[8]
93128,equilibrator,8,,no_hf_v2,8,0,0.0,0.062036503426629086,0.0,no_hf_method,[]
93128,equilibrator,8,,proxy_only,8,0,0.0,0.062036503426629086,0.0,no_hf_method,[]
93128,equilibrator,8,8192,author_random_hf,8,1,8192.0,0.062036503426629086,0.0,batch,[7]
93128,equilibrator,8,8192,author_paired_lucb,5,1,8192.0,0.042005468651150735,0.02003103477547835,batch,[4]
93128,equilibrator,8,8192,author_global_voi,4,1,8192.0,0.03446641599012257,0.02757008743650652,batch,[0]
93128,equilibrator,8,8192,author_pivot_voi,4,1,8192.0,0.03446641599012257,0.02757008743650652,batch,[0]
93128,equilibrator,8,16384,pivot_kg,8,2,16384.0,0.062036503426629086,0.0,budget_exhausted,"[8, 7]"
93128,equilibrator,8,16384,pivot_kg_stop,8,2,16384.0,0.062036503426629086,0.0,budget_exhausted,"[8, 7]"
93128,equilibrator,8,16384,uniform_v2,8,2,16384.0,0.062036503426629086,0.0,budget_exhausted,"[5, 7]"
93128,equilibrator,8,16384,ivr_v2,8,2,16384.0,0.062036503426629086,0.0,budget_exhausted,"[8, 7]"
93128,equilibrator,8,16384,lucb_v2,8,2,16384.0,0.062036503426629086,0.0,budget_exhausted,"[8, 7]"
93128,equilibrator,8,16384,author_random_hf,8,2,16384.0,0.062036503426629086,0.0,batch,"[7, 2]"
93128,equilibrator,8,16384,author_paired_lucb,6,2,16384.0,0.04911350077757781,0.012923002649051274,batch,"[4, 5]"
93128,equilibrator,8,16384,author_global_voi,4,2,16384.0,0.03446641599012257,0.02757008743650652,batch,"[0, 1]"
93128,equilibrator,8,16384,author_pivot_voi,4,2,16384.0,0.03446641599012257,0.02757008743650652,batch,"[0, 1]"
93128,equilibrator,8,32768,pivot_kg,8,4,32768.0,0.062036503426629086,0.0,budget_exhausted,"[8, 7, 6, 2]"
93128,equilibrator,8,32768,pivot_kg_stop,8,4,32768.0,0.062036503426629086,0.0,budget_exhausted,"[8, 7, 6, 0]"
93128,equilibrator,8,32768,uniform_v2,8,4,32768.0,0.062036503426629086,0.0,budget_exhausted,"[5, 7, 4, 1]"
93128,equilibrator,8,32768,ivr_v2,8,4,32768.0,0.062036503426629086,0.0,budget_exhausted,"[8, 7, 6, 5]"
93128,equilibrator,8,32768,lucb_v2,8,4,32768.0,0.062036503426629086,0.0,budget_exhausted,"[8, 7, 6, 5]"
93128,equilibrator,8,32768,author_random_hf,8,4,32768.0,0.062036503426629086,0.0,batch,"[7, 2, 3, 0]"
93128,equilibrator,8,32768,author_paired_lucb,7,4,32768.0,0.05579051236940391,0.006245991057225175,batch,"[4, 5, 6, 3]"
93128,equilibrator,8,32768,author_global_voi,4,4,32768.0,0.03446641599012257,0.02757008743650652,batch,"[0, 1, 2, 3]"
93128,equilibrator,8,32768,author_pivot_voi,4,4,32768.0,0.03446641599012257,0.02757008743650652,batch,"[0, 1, 2, 3]"
93128,equilibrator,8,,all_hf_reference,8,9,73728.0,0.062036503426629086,0.0,all,"[0, 1, 2, 3, 4, 5, 6, 7, 8]"
93129,exploiter,1,8192,pivot_kg,8,1,8192.0,0.6291620897430146,0.0,budget_exhausted,[0]
93129,exploiter,1,8192,pivot_kg_stop,8,0,0.0,0.6291620897430146,0.0,selection_probability,[]
93129,exploiter,1,8192,uniform_v2,8,1,8192.0,0.6291620897430146,0.0,budget_exhausted,[5]
93129,exploiter,1,8192,ivr_v2,8,1,8192.0,0.6291620897430146,0.0,budget_exhausted,[8]
93129,exploiter,1,8192,lucb_v2,8,1,8192.0,0.6291620897430146,0.0,budget_exhausted,[8]
93129,exploiter,1,,no_hf_v2,8,0,0.0,0.6291620897430146,0.0,no_hf_method,[]
93129,exploiter,1,,proxy_only,8,0,0.0,0.6291620897430146,0.0,no_hf_method,[]
93129,exploiter,1,8192,author_random_hf,7,1,8192.0,0.5482824292402966,0.080879660502718,batch,[8]
93129,exploiter,1,8192,author_paired_lucb,7,1,8192.0,0.5482824292402966,0.080879660502718,batch,[8]
93129,exploiter,1,8192,author_global_voi,8,1,8192.0,0.6291620897430146,0.0,batch,[0]
93129,exploiter,1,8192,author_pivot_voi,8,1,8192.0,0.6291620897430146,0.0,batch,[0]
93129,exploiter,1,16384,pivot_kg,8,2,16384.0,0.6291620897430146,0.0,budget_exhausted,"[0, 5]"
93129,exploiter,1,16384,pivot_kg_stop,8,0,0.0,0.6291620897430146,0.0,selection_probability,[]
93129,exploiter,1,16384,uniform_v2,8,2,16384.0,0.6291620897430146,0.0,budget_exhausted,"[5, 7]"
93129,exploiter,1,16384,ivr_v2,8,2,16384.0,0.6291620897430146,0.0,budget_exhausted,"[8, 7]"
93129,exploiter,1,16384,lucb_v2,8,2,16384.0,0.6291620897430146,0.0,budget_exhausted,"[8, 7]"
93129,exploiter,1,16384,author_random_hf,7,2,16384.0,0.5482824292402966,0.080879660502718,batch,"[8, 0]"
93129,exploiter,1,16384,author_paired_lucb,8,2,16384.0,0.6291620897430146,0.0,batch,"[8, 7]"
93129,exploiter,1,16384,author_global_voi,8,2,16384.0,0.6291620897430146,0.0,batch,"[0, 1]"
93129,exploiter,1,16384,author_pivot_voi,8,2,16384.0,0.6291620897430146,0.0,batch,"[0, 1]"
93129,exploiter,1,32768,pivot_kg,8,4,32768.0,0.6291620897430146,0.0,budget_exhausted,"[0, 5, 3, 2]"
93129,exploiter,1,32768,pivot_kg_stop,8,0,0.0,0.6291620897430146,0.0,selection_probability,[]
93129,exploiter,1,32768,uniform_v2,8,4,32768.0,0.6291620897430146,0.0,budget_exhausted,"[5, 7, 2, 0]"
93129,exploiter,1,32768,ivr_v2,8,4,32768.0,0.6291620897430146,0.0,budget_exhausted,"[8, 7, 6, 5]"
93129,exploiter,1,32768,lucb_v2,8,4,32768.0,0.6291620897430146,0.0,budget_exhausted,"[8, 7, 6, 5]"
93129,exploiter,1,32768,author_random_hf,8,4,32768.0,0.6291620897430146,0.0,batch,"[8, 0, 7, 2]"
93129,exploiter,1,32768,author_paired_lucb,8,4,32768.0,0.6291620897430146,0.0,batch,"[8, 7, 6, 5]"
93129,exploiter,1,32768,author_global_voi,8,4,32768.0,0.6291620897430146,0.0,batch,"[0, 1, 2, 3]"
93129,exploiter,1,32768,author_pivot_voi,8,4,32768.0,0.6291620897430146,0.0,batch,"[0, 1, 2, 3]"
93129,exploiter,1,,all_hf_reference,8,9,73728.0,0.6291620897430146,0.0,all,"[0, 1, 2, 3, 4, 5, 6, 7, 8]"
93129,exploiter,8,8192,pivot_kg,8,1,8192.0,0.012993079618454306,0.0,budget_exhausted,[8]
93129,exploiter,8,8192,pivot_kg_stop,8,1,8192.0,0.012993079618454306,0.0,budget_exhausted,[8]
93129,exploiter,8,8192,uniform_v2,8,1,8192.0,0.012993079618454306,0.0,budget_exhausted,[5]
93129,exploiter,8,8192,ivr_v2,8,1,8192.0,0.012993079618454306,0.0,budget_exhausted,[8]
93129,exploiter,8,8192,lucb_v2,8,1,8192.0,0.012993079618454306,0.0,budget_exhausted,[8]
93129,exploiter,8,,no_hf_v2,8,0,0.0,0.012993079618454306,0.0,no_hf_method,[]
93129,exploiter,8,,proxy_only,8,0,0.0,0.012993079618454306,0.0,no_hf_method,[]
93129,exploiter,8,8192,author_random_hf,7,1,8192.0,-0.0031019622988466833,0.01609504191730099,batch,[8]
93129,exploiter,8,8192,author_paired_lucb,7,1,8192.0,-0.0031019622988466833,0.01609504191730099,batch,[8]
93129,exploiter,8,8192,author_global_voi,8,1,8192.0,0.012993079618454306,0.0,batch,[0]
93129,exploiter,8,8192,author_pivot_voi,8,1,8192.0,0.012993079618454306,0.0,batch,[0]
93129,exploiter,8,16384,pivot_kg,8,2,16384.0,0.012993079618454306,0.0,budget_exhausted,"[8, 7]"
93129,exploiter,8,16384,pivot_kg_stop,8,2,16384.0,0.012993079618454306,0.0,budget_exhausted,"[8, 7]"
93129,exploiter,8,16384,uniform_v2,8,2,16384.0,0.012993079618454306,0.0,budget_exhausted,"[5, 7]"
93129,exploiter,8,16384,ivr_v2,8,2,16384.0,0.012993079618454306,0.0,budget_exhausted,"[8, 7]"
93129,exploiter,8,16384,lucb_v2,8,2,16384.0,0.012993079618454306,0.0,budget_exhausted,"[8, 7]"
93129,exploiter,8,16384,author_random_hf,7,2,16384.0,-0.0031019622988466833,0.01609504191730099,batch,"[8, 0]"
93129,exploiter,8,16384,author_paired_lucb,6,2,16384.0,-0.015059398830773008,0.028052478449227314,batch,"[8, 7]"
93129,exploiter,8,16384,author_global_voi,8,2,16384.0,0.012993079618454306,0.0,batch,"[0, 1]"
93129,exploiter,8,16384,author_pivot_voi,8,2,16384.0,0.012993079618454306,0.0,batch,"[0, 1]"
93129,exploiter,8,32768,pivot_kg,8,4,32768.0,0.012993079618454306,0.0,budget_exhausted,"[8, 7, 2, 1]"
93129,exploiter,8,32768,pivot_kg_stop,8,4,32768.0,0.012993079618454306,0.0,budget_exhausted,"[8, 7, 2, 1]"
93129,exploiter,8,32768,uniform_v2,8,4,32768.0,0.012993079618454306,0.0,budget_exhausted,"[5, 7, 2, 0]"
93129,exploiter,8,32768,ivr_v2,8,4,32768.0,0.012993079618454306,0.0,budget_exhausted,"[8, 7, 6, 5]"
93129,exploiter,8,32768,lucb_v2,8,4,32768.0,0.012993079618454306,0.0,budget_exhausted,"[8, 7, 6, 5]"
93129,exploiter,8,32768,author_random_hf,6,4,32768.0,-0.015059398830773008,0.028052478449227314,batch,"[8, 0, 7, 2]"
93129,exploiter,8,32768,author_paired_lucb,4,4,32768.0,-0.026561455738501494,0.0395545353569558,batch,"[8, 7, 6, 5]"
93129,exploiter,8,32768,author_global_voi,8,4,32768.0,0.012993079618454306,0.0,batch,"[0, 1, 2, 3]"
93129,exploiter,8,32768,author_pivot_voi,8,4,32768.0,0.012993079618454306,0.0,batch,"[0, 1, 2, 3]"
93129,exploiter,8,,all_hf_reference,7,9,73728.0,-0.0031019622988466833,0.01609504191730099,all,"[0, 1, 2, 3, 4, 5, 6, 7, 8]"
