root,type,adaptation,cap,method,selected,hf_queries,hf_episode_cost,gain,isr,stop_reason,queried
96000,equilibrator,1,8192,pivot_kg,8,1,8192.0,1.360220314379937,0.0,budget_exhausted,[8]
96000,equilibrator,1,8192,pivot_kg_stop,8,1,8192.0,1.360220314379937,0.0,budget_exhausted,[8]
96000,equilibrator,1,8192,uniform_v2,8,1,8192.0,1.360220314379937,0.0,budget_exhausted,[4]
96000,equilibrator,1,8192,ivr_v2,8,1,8192.0,1.360220314379937,0.0,budget_exhausted,[8]
96000,equilibrator,1,8192,lucb_v2,8,1,8192.0,1.360220314379937,0.0,budget_exhausted,[8]
96000,equilibrator,1,,no_hf_v2,8,0,0.0,1.360220314379937,0.0,no_hf_method,[]
96000,equilibrator,1,,proxy_only,8,0,0.0,1.360220314379937,0.0,no_hf_method,[]
96000,equilibrator,1,8192,author_random_hf,7,1,8192.0,1.1826346953973446,0.1775856189825924,batch,[8]
96000,equilibrator,1,8192,author_paired_lucb,8,1,8192.0,1.360220314379937,0.0,batch,[8]
96000,equilibrator,1,8192,author_global_voi,8,1,8192.0,1.360220314379937,0.0,batch,[0]
96000,equilibrator,1,8192,author_pivot_voi,8,1,8192.0,1.360220314379937,0.0,batch,[0]
96000,equilibrator,1,16384,pivot_kg,8,2,16384.0,1.360220314379937,0.0,budget_exhausted,"[8, 0]"
96000,equilibrator,1,16384,pivot_kg_stop,8,2,16384.0,1.360220314379937,0.0,budget_exhausted,"[8, 7]"
96000,equilibrator,1,16384,uniform_v2,8,2,16384.0,1.360220314379937,0.0,budget_exhausted,"[4, 3]"
96000,equilibrator,1,16384,ivr_v2,8,2,16384.0,1.360220314379937,0.0,budget_exhausted,"[8, 7]"
96000,equilibrator,1,16384,lucb_v2,8,2,16384.0,1.360220314379937,0.0,budget_exhausted,"[8, 7]"
96000,equilibrator,1,16384,author_random_hf,7,2,16384.0,1.1826346953973446,0.1775856189825924,batch,"[8, 4]"
96000,equilibrator,1,16384,author_paired_lucb,8,2,16384.0,1.360220314379937,0.0,batch,"[8, 7]"
96000,equilibrator,1,16384,author_global_voi,8,2,16384.0,1.360220314379937,0.0,batch,"[0, 1]"
96000,equilibrator,1,16384,author_pivot_voi,8,2,16384.0,1.360220314379937,0.0,batch,"[0, 1]"
96000,equilibrator,1,32768,pivot_kg,8,4,32768.0,1.360220314379937,0.0,budget_exhausted,"[8, 0, 3, 2]"
96000,equilibrator,1,32768,pivot_kg_stop,8,4,32768.0,1.360220314379937,0.0,budget_exhausted,"[8, 7, 5, 3]"
96000,equilibrator,1,32768,uniform_v2,8,4,32768.0,1.360220314379937,0.0,budget_exhausted,"[4, 3, 6, 5]"
96000,equilibrator,1,32768,ivr_v2,8,4,32768.0,1.360220314379937,0.0,budget_exhausted,"[8, 7, 6, 5]"
96000,equilibrator,1,32768,lucb_v2,8,4,32768.0,1.360220314379937,0.0,budget_exhausted,"[8, 7, 6, 5]"
96000,equilibrator,1,32768,author_random_hf,8,4,32768.0,1.360220314379937,0.0,batch,"[8, 4, 5, 7]"
96000,equilibrator,1,32768,author_paired_lucb,8,4,32768.0,1.360220314379937,0.0,batch,"[8, 7, 6, 5]"
96000,equilibrator,1,32768,author_global_voi,8,4,32768.0,1.360220314379937,0.0,batch,"[0, 1, 2, 3]"
96000,equilibrator,1,32768,author_pivot_voi,8,4,32768.0,1.360220314379937,0.0,batch,"[0, 1, 2, 3]"
96000,equilibrator,1,,all_hf_reference,8,9,73728.0,1.360220314379937,0.0,all,"[0, 1, 2, 3, 4, 5, 6, 7, 8]"
96000,equilibrator,8,8192,pivot_kg,0,1,8192.0,0.0,0.11654386015539964,budget_exhausted,[8]
96000,equilibrator,8,8192,pivot_kg_stop,0,1,8192.0,0.0,0.11654386015539964,budget_exhausted,[8]
96000,equilibrator,8,8192,uniform_v2,0,1,8192.0,0.0,0.11654386015539964,budget_exhausted,[4]
96000,equilibrator,8,8192,ivr_v2,0,1,8192.0,0.0,0.11654386015539964,budget_exhausted,[8]
96000,equilibrator,8,8192,lucb_v2,0,1,8192.0,0.0,0.11654386015539964,budget_exhausted,[8]
96000,equilibrator,8,,no_hf_v2,0,0,0.0,0.0,0.11654386015539964,no_hf_method,[]
96000,equilibrator,8,,proxy_only,8,0,0.0,0.11654386015539964,0.0,no_hf_method,[]
96000,equilibrator,8,8192,author_random_hf,7,1,8192.0,0.11459235711286392,0.0019515030425357183,batch,[8]
96000,equilibrator,8,8192,author_paired_lucb,3,1,8192.0,0.06848759245902208,0.04805626769637755,batch,[4]
96000,equilibrator,8,8192,author_global_voi,4,1,8192.0,0.08519763560933286,0.03134622454606678,batch,[0]
96000,equilibrator,8,8192,author_pivot_voi,4,1,8192.0,0.08519763560933286,0.03134622454606678,batch,[0]
96000,equilibrator,8,16384,pivot_kg,7,2,16384.0,0.11459235711286392,0.0019515030425357183,budget_exhausted,"[8, 7]"
96000,equilibrator,8,16384,pivot_kg_stop,7,2,16384.0,0.11459235711286392,0.0019515030425357183,budget_exhausted,"[8, 7]"
96000,equilibrator,8,16384,uniform_v2,0,2,16384.0,0.0,0.11654386015539964,budget_exhausted,"[4, 3]"
96000,equilibrator,8,16384,ivr_v2,7,2,16384.0,0.11459235711286392,0.0019515030425357183,budget_exhausted,"[8, 7]"
96000,equilibrator,8,16384,lucb_v2,7,2,16384.0,0.11459235711286392,0.0019515030425357183,budget_exhausted,"[8, 7]"
96000,equilibrator,8,16384,author_random_hf,7,2,16384.0,0.11459235711286392,0.0019515030425357183,batch,"[8, 4]"
96000,equilibrator,8,16384,author_paired_lucb,5,2,16384.0,0.0986111075887528,0.017932752566646837,batch,"[4, 3]"
96000,equilibrator,8,16384,author_global_voi,4,2,16384.0,0.08519763560933286,0.03134622454606678,batch,"[0, 1]"
96000,equilibrator,8,16384,author_pivot_voi,4,2,16384.0,0.08519763560933286,0.03134622454606678,batch,"[0, 1]"
96000,equilibrator,8,32768,pivot_kg,7,4,32768.0,0.11459235711286392,0.0019515030425357183,budget_exhausted,"[8, 7, 6, 5]"
96000,equilibrator,8,32768,pivot_kg_stop,7,4,32768.0,0.11459235711286392,0.0019515030425357183,budget_exhausted,"[8, 7, 6, 5]"
96000,equilibrator,8,32768,uniform_v2,3,4,32768.0,0.06848759245902208,0.04805626769637755,budget_exhausted,"[4, 3, 6, 5]"
96000,equilibrator,8,32768,ivr_v2,7,4,32768.0,0.11459235711286392,0.0019515030425357183,budget_exhausted,"[8, 7, 6, 5]"
96000,equilibrator,8,32768,lucb_v2,7,4,32768.0,0.11459235711286392,0.0019515030425357183,budget_exhausted,"[8, 7, 6, 5]"
96000,equilibrator,8,32768,author_random_hf,6,4,32768.0,0.10850284157088042,0.008041018584519222,batch,"[8, 4, 5, 7]"
96000,equilibrator,8,32768,author_paired_lucb,2,4,32768.0,0.04865083134777137,0.06789302880762826,batch,"[4, 3, 5, 2]"
96000,equilibrator,8,32768,author_global_voi,4,4,32768.0,0.08519763560933286,0.03134622454606678,batch,"[0, 1, 2, 3]"
96000,equilibrator,8,32768,author_pivot_voi,4,4,32768.0,0.08519763560933286,0.03134622454606678,batch,"[0, 1, 2, 3]"
96000,equilibrator,8,,all_hf_reference,7,9,73728.0,0.11459235711286392,0.0019515030425357183,all,"[0, 1, 2, 3, 4, 5, 6, 7, 8]"
96001,exploiter,1,8192,pivot_kg,8,1,8192.0,0.7073675209334106,0.0,budget_exhausted,[8]
96001,exploiter,1,8192,pivot_kg_stop,8,1,8192.0,0.7073675209334106,0.0,budget_exhausted,[8]
96001,exploiter,1,8192,uniform_v2,8,1,8192.0,0.7073675209334106,0.0,budget_exhausted,[8]
96001,exploiter,1,8192,ivr_v2,8,1,8192.0,0.7073675209334106,0.0,budget_exhausted,[8]
96001,exploiter,1,8192,lucb_v2,8,1,8192.0,0.7073675209334106,0.0,budget_exhausted,[8]
96001,exploiter,1,,no_hf_v2,8,0,0.0,0.7073675209334106,0.0,no_hf_method,[]
96001,exploiter,1,,proxy_only,8,0,0.0,0.7073675209334106,0.0,no_hf_method,[]
96001,exploiter,1,8192,author_random_hf,8,1,8192.0,0.7073675209334106,0.0,batch,[1]
96001,exploiter,1,8192,author_paired_lucb,8,1,8192.0,0.7073675209334106,0.0,batch,[8]
96001,exploiter,1,8192,author_global_voi,8,1,8192.0,0.7073675209334106,0.0,batch,[0]
96001,exploiter,1,8192,author_pivot_voi,8,1,8192.0,0.7073675209334106,0.0,batch,[0]
96001,exploiter,1,16384,pivot_kg,8,2,16384.0,0.7073675209334106,0.0,budget_exhausted,"[8, 3]"
96001,exploiter,1,16384,pivot_kg_stop,8,2,16384.0,0.7073675209334106,0.0,budget_exhausted,"[8, 1]"
96001,exploiter,1,16384,uniform_v2,8,2,16384.0,0.7073675209334106,0.0,budget_exhausted,"[8, 3]"
96001,exploiter,1,16384,ivr_v2,8,2,16384.0,0.7073675209334106,0.0,budget_exhausted,"[8, 7]"
96001,exploiter,1,16384,lucb_v2,8,2,16384.0,0.7073675209334106,0.0,budget_exhausted,"[8, 7]"
96001,exploiter,1,16384,author_random_hf,8,2,16384.0,0.7073675209334106,0.0,batch,"[1, 4]"
96001,exploiter,1,16384,author_paired_lucb,8,2,16384.0,0.7073675209334106,0.0,batch,"[8, 7]"
96001,exploiter,1,16384,author_global_voi,8,2,16384.0,0.7073675209334106,0.0,batch,"[0, 1]"
96001,exploiter,1,16384,author_pivot_voi,8,2,16384.0,0.7073675209334106,0.0,batch,"[0, 1]"
96001,exploiter,1,32768,pivot_kg,8,4,32768.0,0.7073675209334106,0.0,budget_exhausted,"[8, 3, 6, 0]"
96001,exploiter,1,32768,pivot_kg_stop,8,4,32768.0,0.7073675209334106,0.0,budget_exhausted,"[8, 1, 3, 0]"
96001,exploiter,1,32768,uniform_v2,8,4,32768.0,0.7073675209334106,0.0,budget_exhausted,"[8, 3, 0, 2]"
96001,exploiter,1,32768,ivr_v2,8,4,32768.0,0.7073675209334106,0.0,budget_exhausted,"[8, 7, 6, 5]"
96001,exploiter,1,32768,lucb_v2,8,4,32768.0,0.7073675209334106,0.0,budget_exhausted,"[8, 7, 6, 5]"
96001,exploiter,1,32768,author_random_hf,8,4,32768.0,0.7073675209334106,0.0,batch,"[1, 4, 6, 7]"
96001,exploiter,1,32768,author_paired_lucb,8,4,32768.0,0.7073675209334106,0.0,batch,"[8, 7, 6, 5]"
96001,exploiter,1,32768,author_global_voi,8,4,32768.0,0.7073675209334106,0.0,batch,"[0, 1, 2, 3]"
96001,exploiter,1,32768,author_pivot_voi,8,4,32768.0,0.7073675209334106,0.0,batch,"[0, 1, 2, 3]"
96001,exploiter,1,,all_hf_reference,8,9,73728.0,0.7073675209334106,0.0,all,"[0, 1, 2, 3, 4, 5, 6, 7, 8]"
96001,exploiter,8,8192,pivot_kg,0,1,8192.0,0.0,0.0,budget_exhausted,[8]
96001,exploiter,8,8192,pivot_kg_stop,0,1,8192.0,0.0,0.0,budget_exhausted,[8]
96001,exploiter,8,8192,uniform_v2,0,1,8192.0,0.0,0.0,budget_exhausted,[8]
96001,exploiter,8,8192,ivr_v2,0,1,8192.0,0.0,0.0,budget_exhausted,[8]
96001,exploiter,8,8192,lucb_v2,0,1,8192.0,0.0,0.0,budget_exhausted,[8]
96001,exploiter,8,,no_hf_v2,0,0,0.0,0.0,0.0,no_hf_method,[]
96001,exploiter,8,,proxy_only,8,0,0.0,-1.3784360593031537,1.3784360593031537,no_hf_method,[]
96001,exploiter,8,8192,author_random_hf,8,1,8192.0,-1.3784360593031537,1.3784360593031537,batch,[1]
96001,exploiter,8,8192,author_paired_lucb,3,1,8192.0,-0.34998856402301226,0.34998856402301226,batch,[4]
96001,exploiter,8,8192,author_global_voi,4,1,8192.0,-0.4933781370258354,0.4933781370258354,batch,[0]
96001,exploiter,8,8192,author_pivot_voi,4,1,8192.0,-0.4933781370258354,0.4933781370258354,batch,[0]
96001,exploiter,8,16384,pivot_kg,0,2,16384.0,0.0,0.0,budget_exhausted,"[8, 7]"
96001,exploiter,8,16384,pivot_kg_stop,0,2,16384.0,0.0,0.0,budget_exhausted,"[8, 7]"
96001,exploiter,8,16384,uniform_v2,0,2,16384.0,0.0,0.0,budget_exhausted,"[8, 3]"
96001,exploiter,8,16384,ivr_v2,0,2,16384.0,0.0,0.0,budget_exhausted,"[8, 7]"
96001,exploiter,8,16384,lucb_v2,0,2,16384.0,0.0,0.0,budget_exhausted,"[8, 7]"
96001,exploiter,8,16384,author_random_hf,8,2,16384.0,-1.3784360593031537,1.3784360593031537,batch,"[1, 4]"
96001,exploiter,8,16384,author_paired_lucb,2,2,16384.0,-0.2209689241773991,0.2209689241773991,batch,"[4, 3]"
96001,exploiter,8,16384,author_global_voi,4,2,16384.0,-0.4933781370258354,0.4933781370258354,batch,"[0, 1]"
96001,exploiter,8,16384,author_pivot_voi,4,2,16384.0,-0.4933781370258354,0.4933781370258354,batch,"[0, 1]"
96001,exploiter,8,32768,pivot_kg,0,4,32768.0,0.0,0.0,budget_exhausted,"[8, 7, 6, 5]"
96001,exploiter,8,32768,pivot_kg_stop,0,4,32768.0,0.0,0.0,budget_exhausted,"[8, 7, 6, 5]"
96001,exploiter,8,32768,uniform_v2,0,4,32768.0,0.0,0.0,budget_exhausted,"[8, 3, 0, 2]"
96001,exploiter,8,32768,ivr_v2,0,4,32768.0,0.0,0.0,budget_exhausted,"[8, 7, 6, 5]"
96001,exploiter,8,32768,lucb_v2,0,4,32768.0,0.0,0.0,budget_exhausted,"[8, 7, 6, 5]"
96001,exploiter,8,32768,author_random_hf,8,4,32768.0,-1.3784360593031537,1.3784360593031537,batch,"[1, 4, 6, 7]"
96001,exploiter,8,32768,author_paired_lucb,9,4,32768.0,0.0,0.0,batch,"[4, 3, 2, 5]"
96001,exploiter,8,32768,author_global_voi,4,4,32768.0,-0.4933781370258354,0.4933781370258354,batch,"[0, 1, 2, 3]"
96001,exploiter,8,32768,author_pivot_voi,4,4,32768.0,-0.4933781370258354,0.4933781370258354,batch,"[0, 1, 2, 3]"
96001,exploiter,8,,all_hf_reference,0,9,73728.0,0.0,0.0,all,"[0, 1, 2, 3, 4, 5, 6, 7, 8]"
96002,equilibrator,1,8192,pivot_kg,8,1,8192.0,1.1883256779966043,0.0,budget_exhausted,[8]
96002,equilibrator,1,8192,pivot_kg_stop,8,1,8192.0,1.1883256779966043,0.0,budget_exhausted,[8]
96002,equilibrator,1,8192,uniform_v2,8,1,8192.0,1.1883256779966043,0.0,budget_exhausted,[5]
96002,equilibrator,1,8192,ivr_v2,8,1,8192.0,1.1883256779966043,0.0,budget_exhausted,[8]
96002,equilibrator,1,8192,lucb_v2,8,1,8192.0,1.1883256779966043,0.0,budget_exhausted,[8]
96002,equilibrator,1,,no_hf_v2,8,0,0.0,1.1883256779966043,0.0,no_hf_method,[]
96002,equilibrator,1,,proxy_only,8,0,0.0,1.1883256779966043,0.0,no_hf_method,[]
96002,equilibrator,1,8192,author_random_hf,8,1,8192.0,1.1883256779966043,0.0,batch,[5]
96002,equilibrator,1,8192,author_paired_lucb,8,1,8192.0,1.1883256779966043,0.0,batch,[8]
96002,equilibrator,1,8192,author_global_voi,8,1,8192.0,1.1883256779966043,0.0,batch,[0]
96002,equilibrator,1,8192,author_pivot_voi,8,1,8192.0,1.1883256779966043,0.0,batch,[0]
96002,equilibrator,1,16384,pivot_kg,8,2,16384.0,1.1883256779966043,0.0,budget_exhausted,"[8, 7]"
96002,equilibrator,1,16384,pivot_kg_stop,8,2,16384.0,1.1883256779966043,0.0,budget_exhausted,"[8, 3]"
96002,equilibrator,1,16384,uniform_v2,8,2,16384.0,1.1883256779966043,0.0,budget_exhausted,"[5, 2]"
96002,equilibrator,1,16384,ivr_v2,8,2,16384.0,1.1883256779966043,0.0,budget_exhausted,"[8, 7]"
96002,equilibrator,1,16384,lucb_v2,8,2,16384.0,1.1883256779966043,0.0,budget_exhausted,"[8, 7]"
96002,equilibrator,1,16384,author_random_hf,7,2,16384.0,1.0028317875296773,0.185493890466927,batch,"[5, 8]"
96002,equilibrator,1,16384,author_paired_lucb,8,2,16384.0,1.1883256779966043,0.0,batch,"[8, 7]"
96002,equilibrator,1,16384,author_global_voi,8,2,16384.0,1.1883256779966043,0.0,batch,"[0, 1]"
96002,equilibrator,1,16384,author_pivot_voi,8,2,16384.0,1.1883256779966043,0.0,batch,"[0, 1]"
96002,equilibrator,1,32768,pivot_kg,8,4,32768.0,1.1883256779966043,0.0,budget_exhausted,"[8, 7, 6, 1]"
96002,equilibrator,1,32768,pivot_kg_stop,8,4,32768.0,1.1883256779966043,0.0,budget_exhausted,"[8, 3, 6, 7]"
96002,equilibrator,1,32768,uniform_v2,8,4,32768.0,1.1883256779966043,0.0,budget_exhausted,"[5, 2, 8, 3]"
96002,equilibrator,1,32768,ivr_v2,8,4,32768.0,1.1883256779966043,0.0,budget_exhausted,"[8, 7, 6, 5]"
96002,equilibrator,1,32768,lucb_v2,8,4,32768.0,1.1883256779966043,0.0,budget_exhausted,"[8, 7, 6, 5]"
96002,equilibrator,1,32768,author_random_hf,7,4,32768.0,1.0028317875296773,0.185493890466927,batch,"[5, 8, 0, 2]"
96002,equilibrator,1,32768,author_paired_lucb,8,4,32768.0,1.1883256779966043,0.0,batch,"[8, 7, 6, 5]"
96002,equilibrator,1,32768,author_global_voi,8,4,32768.0,1.1883256779966043,0.0,batch,"[0, 1, 2, 3]"
96002,equilibrator,1,32768,author_pivot_voi,8,4,32768.0,1.1883256779966043,0.0,batch,"[0, 1, 2, 3]"
96002,equilibrator,1,,all_hf_reference,8,9,73728.0,1.1883256779966043,0.0,all,"[0, 1, 2, 3, 4, 5, 6, 7, 8]"
96002,equilibrator,8,8192,pivot_kg,0,1,8192.0,0.0,0.08173763614203783,budget_exhausted,[8]
96002,equilibrator,8,8192,pivot_kg_stop,0,1,8192.0,0.0,0.08173763614203783,budget_exhausted,[8]
96002,equilibrator,8,8192,uniform_v2,0,1,8192.0,0.0,0.08173763614203783,budget_exhausted,[5]
96002,equilibrator,8,8192,ivr_v2,0,1,8192.0,0.0,0.08173763614203783,budget_exhausted,[8]
96002,equilibrator,8,8192,lucb_v2,0,1,8192.0,0.0,0.08173763614203783,budget_exhausted,[8]
96002,equilibrator,8,,no_hf_v2,0,0,0.0,0.0,0.08173763614203783,no_hf_method,[]
96002,equilibrator,8,,proxy_only,8,0,0.0,0.08173763614203783,0.0,no_hf_method,[]
96002,equilibrator,8,8192,author_random_hf,8,1,8192.0,0.08173763614203783,0.0,batch,[5]
96002,equilibrator,8,8192,author_paired_lucb,3,1,8192.0,0.03939345286764884,0.04234418327438899,batch,[4]
96002,equilibrator,8,8192,author_global_voi,4,1,8192.0,0.049653641035486,0.03208399510655183,batch,[0]
96002,equilibrator,8,8192,author_pivot_voi,4,1,8192.0,0.049653641035486,0.03208399510655183,batch,[0]
96002,equilibrator,8,16384,pivot_kg,8,2,16384.0,0.08173763614203783,0.0,budget_exhausted,"[8, 7]"
96002,equilibrator,8,16384,pivot_kg_stop,8,2,16384.0,0.08173763614203783,0.0,budget_exhausted,"[8, 7]"
96002,equilibrator,8,16384,uniform_v2,0,2,16384.0,0.0,0.08173763614203783,budget_exhausted,"[5, 2]"
96002,equilibrator,8,16384,ivr_v2,8,2,16384.0,0.08173763614203783,0.0,budget_exhausted,"[8, 7]"
96002,equilibrator,8,16384,lucb_v2,8,2,16384.0,0.08173763614203783,0.0,budget_exhausted,"[8, 7]"
96002,equilibrator,8,16384,author_random_hf,7,2,16384.0,0.07502900060694176,0.006708635535096069,batch,"[5, 8]"
96002,equilibrator,8,16384,author_paired_lucb,5,2,16384.0,0.05894919198811477,0.02278844415392306,batch,"[4, 3]"
96002,equilibrator,8,16384,author_global_voi,4,2,16384.0,0.049653641035486,0.03208399510655183,batch,"[0, 1]"
96002,equilibrator,8,16384,author_pivot_voi,4,2,16384.0,0.049653641035486,0.03208399510655183,batch,"[0, 1]"
96002,equilibrator,8,32768,pivot_kg,8,4,32768.0,0.08173763614203783,0.0,budget_exhausted,"[8, 7, 6, 5]"
96002,equilibrator,8,32768,pivot_kg_stop,8,4,32768.0,0.08173763614203783,0.0,budget_exhausted,"[8, 7, 6, 5]"
96002,equilibrator,8,32768,uniform_v2,0,4,32768.0,0.0,0.08173763614203783,budget_exhausted,"[5, 2, 8, 3]"
96002,equilibrator,8,32768,ivr_v2,8,4,32768.0,0.08173763614203783,0.0,budget_exhausted,"[8, 7, 6, 5]"
96002,equilibrator,8,32768,lucb_v2,8,4,32768.0,0.08173763614203783,0.0,budget_exhausted,"[8, 7, 6, 5]"
96002,equilibrator,8,32768,author_random_hf,7,4,32768.0,0.07502900060694176,0.006708635535096069,batch,"[5, 8, 0, 2]"
96002,equilibrator,8,32768,author_paired_lucb,2,4,32768.0,0.02793950723945471,0.05379812890258312,batch,"[4, 3, 5, 2]"
96002,equilibrator,8,32768,author_global_voi,4,4,32768.0,0.049653641035486,0.03208399510655183,batch,"[0, 1, 2, 3]"
96002,equilibrator,8,32768,author_pivot_voi,4,4,32768.0,0.049653641035486,0.03208399510655183,batch,"[0, 1, 2, 3]"
96002,equilibrator,8,,all_hf_reference,8,9,73728.0,0.08173763614203783,0.0,all,"[0, 1, 2, 3, 4, 5, 6, 7, 8]"
96003,exploiter,1,8192,pivot_kg,8,1,8192.0,1.362096662894389,0.0,budget_exhausted,[8]
96003,exploiter,1,8192,pivot_kg_stop,8,1,8192.0,1.362096662894389,0.0,budget_exhausted,[8]
96003,exploiter,1,8192,uniform_v2,8,1,8192.0,1.362096662894389,0.0,budget_exhausted,[8]
96003,exploiter,1,8192,ivr_v2,8,1,8192.0,1.362096662894389,0.0,budget_exhausted,[8]
96003,exploiter,1,8192,lucb_v2,8,1,8192.0,1.362096662894389,0.0,budget_exhausted,[8]
96003,exploiter,1,,no_hf_v2,8,0,0.0,1.362096662894389,0.0,no_hf_method,[]
96003,exploiter,1,,proxy_only,8,0,0.0,1.362096662894389,0.0,no_hf_method,[]
96003,exploiter,1,8192,author_random_hf,8,1,8192.0,1.362096662894389,0.0,batch,[2]
96003,exploiter,1,8192,author_paired_lucb,7,1,8192.0,1.1867998343695936,0.17529682852479533,batch,[8]
96003,exploiter,1,8192,author_global_voi,8,1,8192.0,1.362096662894389,0.0,batch,[0]
96003,exploiter,1,8192,author_pivot_voi,8,1,8192.0,1.362096662894389,0.0,batch,[0]
96003,exploiter,1,16384,pivot_kg,8,2,16384.0,1.362096662894389,0.0,budget_exhausted,"[8, 3]"
96003,exploiter,1,16384,pivot_kg_stop,8,2,16384.0,1.362096662894389,0.0,budget_exhausted,"[8, 7]"
96003,exploiter,1,16384,uniform_v2,8,2,16384.0,1.362096662894389,0.0,budget_exhausted,"[8, 4]"
96003,exploiter,1,16384,ivr_v2,8,2,16384.0,1.362096662894389,0.0,budget_exhausted,"[8, 7]"
96003,exploiter,1,16384,lucb_v2,8,2,16384.0,1.362096662894389,0.0,budget_exhausted,"[8, 7]"
96003,exploiter,1,16384,author_random_hf,8,2,16384.0,1.362096662894389,0.0,batch,"[2, 0]"
96003,exploiter,1,16384,author_paired_lucb,7,2,16384.0,1.1867998343695936,0.17529682852479533,batch,"[8, 7]"
96003,exploiter,1,16384,author_global_voi,8,2,16384.0,1.362096662894389,0.0,batch,"[0, 1]"
96003,exploiter,1,16384,author_pivot_voi,8,2,16384.0,1.362096662894389,0.0,batch,"[0, 1]"
96003,exploiter,1,32768,pivot_kg,8,4,32768.0,1.362096662894389,0.0,budget_exhausted,"[8, 3, 1, 2]"
96003,exploiter,1,32768,pivot_kg_stop,8,4,32768.0,1.362096662894389,0.0,budget_exhausted,"[8, 7, 4, 0]"
96003,exploiter,1,32768,uniform_v2,8,4,32768.0,1.362096662894389,0.0,budget_exhausted,"[8, 4, 7, 3]"
96003,exploiter,1,32768,ivr_v2,8,4,32768.0,1.362096662894389,0.0,budget_exhausted,"[8, 7, 6, 5]"
96003,exploiter,1,32768,lucb_v2,8,4,32768.0,1.362096662894389,0.0,budget_exhausted,"[8, 7, 6, 5]"
96003,exploiter,1,32768,author_random_hf,8,4,32768.0,1.362096662894389,0.0,batch,"[2, 0, 3, 4]"
96003,exploiter,1,32768,author_paired_lucb,7,4,32768.0,1.1867998343695936,0.17529682852479533,batch,"[8, 7, 6, 5]"
96003,exploiter,1,32768,author_global_voi,8,4,32768.0,1.362096662894389,0.0,batch,"[0, 1, 2, 3]"
96003,exploiter,1,32768,author_pivot_voi,8,4,32768.0,1.362096662894389,0.0,batch,"[0, 1, 2, 3]"
96003,exploiter,1,,all_hf_reference,7,9,73728.0,1.1867998343695936,0.17529682852479533,all,"[0, 1, 2, 3, 4, 5, 6, 7, 8]"
96003,exploiter,8,8192,pivot_kg,0,1,8192.0,0.0,0.0,budget_exhausted,[8]
96003,exploiter,8,8192,pivot_kg_stop,0,1,8192.0,0.0,0.0,budget_exhausted,[8]
96003,exploiter,8,8192,uniform_v2,0,1,8192.0,0.0,0.0,budget_exhausted,[8]
96003,exploiter,8,8192,ivr_v2,0,1,8192.0,0.0,0.0,budget_exhausted,[8]
96003,exploiter,8,8192,lucb_v2,0,1,8192.0,0.0,0.0,budget_exhausted,[8]
96003,exploiter,8,,no_hf_v2,0,0,0.0,0.0,0.0,no_hf_method,[]
96003,exploiter,8,,proxy_only,8,0,0.0,-1.3359452482258976,1.3359452482258976,no_hf_method,[]
96003,exploiter,8,8192,author_random_hf,8,1,8192.0,-1.3359452482258976,1.3359452482258976,batch,[2]
96003,exploiter,8,8192,author_paired_lucb,3,1,8192.0,-0.44686468715796746,0.44686468715796746,batch,[4]
96003,exploiter,8,8192,author_global_voi,4,1,8192.0,-0.5888253996165869,0.5888253996165869,batch,[0]
96003,exploiter,8,8192,author_pivot_voi,4,1,8192.0,-0.5888253996165869,0.5888253996165869,batch,[0]
96003,exploiter,8,16384,pivot_kg,0,2,16384.0,0.0,0.0,budget_exhausted,"[8, 7]"
96003,exploiter,8,16384,pivot_kg_stop,0,2,16384.0,0.0,0.0,budget_exhausted,"[8, 7]"
96003,exploiter,8,16384,uniform_v2,0,2,16384.0,0.0,0.0,budget_exhausted,"[8, 4]"
96003,exploiter,8,16384,ivr_v2,0,2,16384.0,0.0,0.0,budget_exhausted,"[8, 7]"
96003,exploiter,8,16384,lucb_v2,0,2,16384.0,0.0,0.0,budget_exhausted,"[8, 7]"
96003,exploiter,8,16384,author_random_hf,8,2,16384.0,-1.3359452482258976,1.3359452482258976,batch,"[2, 0]"
96003,exploiter,8,16384,author_paired_lucb,5,2,16384.0,-0.7528849748280103,0.7528849748280103,batch,"[4, 3]"
96003,exploiter,8,16384,author_global_voi,4,2,16384.0,-0.5888253996165869,0.5888253996165869,batch,"[0, 1]"
96003,exploiter,8,16384,author_pivot_voi,4,2,16384.0,-0.5888253996165869,0.5888253996165869,batch,"[0, 1]"
96003,exploiter,8,32768,pivot_kg,0,4,32768.0,0.0,0.0,budget_exhausted,"[8, 7, 6, 5]"
96003,exploiter,8,32768,pivot_kg_stop,0,4,32768.0,0.0,0.0,budget_exhausted,"[8, 7, 6, 5]"
96003,exploiter,8,32768,uniform_v2,0,4,32768.0,0.0,0.0,budget_exhausted,"[8, 4, 7, 3]"
96003,exploiter,8,32768,ivr_v2,0,4,32768.0,0.0,0.0,budget_exhausted,"[8, 7, 6, 5]"
96003,exploiter,8,32768,lucb_v2,0,4,32768.0,0.0,0.0,budget_exhausted,"[8, 7, 6, 5]"
96003,exploiter,8,32768,author_random_hf,8,4,32768.0,-1.3359452482258976,1.3359452482258976,batch,"[2, 0, 3, 4]"
96003,exploiter,8,32768,author_paired_lucb,6,4,32768.0,-0.932910283300624,0.932910283300624,batch,"[4, 3, 5, 2]"
96003,exploiter,8,32768,author_global_voi,4,4,32768.0,-0.5888253996165869,0.5888253996165869,batch,"[0, 1, 2, 3]"
96003,exploiter,8,32768,author_pivot_voi,4,4,32768.0,-0.5888253996165869,0.5888253996165869,batch,"[0, 1, 2, 3]"
96003,exploiter,8,,all_hf_reference,0,9,73728.0,0.0,0.0,all,"[0, 1, 2, 3, 4, 5, 6, 7, 8]"
96004,equilibrator,1,8192,pivot_kg,8,1,8192.0,1.41311398542235,0.0,budget_exhausted,[8]
96004,equilibrator,1,8192,pivot_kg_stop,8,1,8192.0,1.41311398542235,0.0,budget_exhausted,[8]
96004,equilibrator,1,8192,uniform_v2,8,1,8192.0,1.41311398542235,0.0,budget_exhausted,[1]
96004,equilibrator,1,8192,ivr_v2,8,1,8192.0,1.41311398542235,0.0,budget_exhausted,[8]
96004,equilibrator,1,8192,lucb_v2,8,1,8192.0,1.41311398542235,0.0,budget_exhausted,[8]
96004,equilibrator,1,,no_hf_v2,8,0,0.0,1.41311398542235,0.0,no_hf_method,[]
96004,equilibrator,1,,proxy_only,8,0,0.0,1.41311398542235,0.0,no_hf_method,[]
96004,equilibrator,1,8192,author_random_hf,8,1,8192.0,1.41311398542235,0.0,batch,[1]
96004,equilibrator,1,8192,author_paired_lucb,8,1,8192.0,1.41311398542235,0.0,batch,[8]
96004,equilibrator,1,8192,author_global_voi,8,1,8192.0,1.41311398542235,0.0,batch,[0]
96004,equilibrator,1,8192,author_pivot_voi,8,1,8192.0,1.41311398542235,0.0,batch,[0]
96004,equilibrator,1,16384,pivot_kg,8,2,16384.0,1.41311398542235,0.0,budget_exhausted,"[8, 2]"
96004,equilibrator,1,16384,pivot_kg_stop,8,2,16384.0,1.41311398542235,0.0,budget_exhausted,"[8, 4]"
96004,equilibrator,1,16384,uniform_v2,8,2,16384.0,1.41311398542235,0.0,budget_exhausted,"[1, 2]"
96004,equilibrator,1,16384,ivr_v2,8,2,16384.0,1.41311398542235,0.0,budget_exhausted,"[8, 7]"
96004,equilibrator,1,16384,lucb_v2,8,2,16384.0,1.41311398542235,0.0,budget_exhausted,"[8, 7]"
96004,equilibrator,1,16384,author_random_hf,8,2,16384.0,1.41311398542235,0.0,batch,"[1, 8]"
96004,equilibrator,1,16384,author_paired_lucb,8,2,16384.0,1.41311398542235,0.0,batch,"[8, 7]"
96004,equilibrator,1,16384,author_global_voi,8,2,16384.0,1.41311398542235,0.0,batch,"[0, 1]"
96004,equilibrator,1,16384,author_pivot_voi,8,2,16384.0,1.41311398542235,0.0,batch,"[0, 1]"
96004,equilibrator,1,32768,pivot_kg,8,4,32768.0,1.41311398542235,0.0,budget_exhausted,"[8, 2, 1, 5]"
96004,equilibrator,1,32768,pivot_kg_stop,8,4,32768.0,1.41311398542235,0.0,budget_exhausted,"[8, 4, 3, 0]"
96004,equilibrator,1,32768,uniform_v2,8,4,32768.0,1.41311398542235,0.0,budget_exhausted,"[1, 2, 6, 8]"
96004,equilibrator,1,32768,ivr_v2,8,4,32768.0,1.41311398542235,0.0,budget_exhausted,"[8, 7, 6, 5]"
96004,equilibrator,1,32768,lucb_v2,8,4,32768.0,1.41311398542235,0.0,budget_exhausted,"[8, 7, 6, 5]"
96004,equilibrator,1,32768,author_random_hf,8,4,32768.0,1.41311398542235,0.0,batch,"[1, 8, 2, 7]"
96004,equilibrator,1,32768,author_paired_lucb,8,4,32768.0,1.41311398542235,0.0,batch,"[8, 7, 6, 5]"
96004,equilibrator,1,32768,author_global_voi,8,4,32768.0,1.41311398542235,0.0,batch,"[0, 1, 2, 3]"
96004,equilibrator,1,32768,author_pivot_voi,8,4,32768.0,1.41311398542235,0.0,batch,"[0, 1, 2, 3]"
96004,equilibrator,1,,all_hf_reference,8,9,73728.0,1.41311398542235,0.0,all,"[0, 1, 2, 3, 4, 5, 6, 7, 8]"
96004,equilibrator,8,8192,pivot_kg,8,1,8192.0,0.12849892160305112,0.003446581864480075,budget_exhausted,[8]
96004,equilibrator,8,8192,pivot_kg_stop,8,1,8192.0,0.12849892160305112,0.003446581864480075,budget_exhausted,[8]
96004,equilibrator,8,8192,uniform_v2,0,1,8192.0,0.0,0.1319455034675312,budget_exhausted,[1]
96004,equilibrator,8,8192,ivr_v2,8,1,8192.0,0.12849892160305112,0.003446581864480075,budget_exhausted,[8]
96004,equilibrator,8,8192,lucb_v2,8,1,8192.0,0.12849892160305112,0.003446581864480075,budget_exhausted,[8]
96004,equilibrator,8,,no_hf_v2,0,0,0.0,0.0,0.1319455034675312,no_hf_method,[]
96004,equilibrator,8,,proxy_only,8,0,0.0,0.12849892160305112,0.003446581864480075,no_hf_method,[]
96004,equilibrator,8,8192,author_random_hf,8,1,8192.0,0.12849892160305112,0.003446581864480075,batch,[1]
96004,equilibrator,8,8192,author_paired_lucb,3,1,8192.0,0.07658080744030374,0.05536469602722746,batch,[4]
96004,equilibrator,8,8192,author_global_voi,4,1,8192.0,0.09793015711873518,0.03401534634879602,batch,[0]
96004,equilibrator,8,8192,author_pivot_voi,4,1,8192.0,0.09793015711873518,0.03401534634879602,batch,[0]
96004,equilibrator,8,16384,pivot_kg,8,2,16384.0,0.12849892160305112,0.003446581864480075,budget_exhausted,"[8, 7]"
96004,equilibrator,8,16384,pivot_kg_stop,8,2,16384.0,0.12849892160305112,0.003446581864480075,budget_exhausted,"[8, 7]"
96004,equilibrator,8,16384,uniform_v2,0,2,16384.0,0.0,0.1319455034675312,budget_exhausted,"[1, 2]"
96004,equilibrator,8,16384,ivr_v2,8,2,16384.0,0.12849892160305112,0.003446581864480075,budget_exhausted,"[8, 7]"
96004,equilibrator,8,16384,lucb_v2,8,2,16384.0,0.12849892160305112,0.003446581864480075,budget_exhausted,"[8, 7]"
96004,equilibrator,8,16384,author_random_hf,7,2,16384.0,0.1319455034675312,0.0,batch,"[1, 8]"
96004,equilibrator,8,16384,author_paired_lucb,5,2,16384.0,0.11518332157343245,0.016762181894098754,batch,"[4, 3]"
96004,equilibrator,8,16384,author_global_voi,4,2,16384.0,0.09793015711873518,0.03401534634879602,batch,"[0, 1]"
96004,equilibrator,8,16384,author_pivot_voi,4,2,16384.0,0.09793015711873518,0.03401534634879602,batch,"[0, 1]"
96004,equilibrator,8,32768,pivot_kg,8,4,32768.0,0.12849892160305112,0.003446581864480075,budget_exhausted,"[8, 7, 6, 5]"
96004,equilibrator,8,32768,pivot_kg_stop,8,4,32768.0,0.12849892160305112,0.003446581864480075,budget_exhausted,"[8, 7, 6, 5]"
96004,equilibrator,8,32768,uniform_v2,8,4,32768.0,0.12849892160305112,0.003446581864480075,budget_exhausted,"[1, 2, 6, 8]"
96004,equilibrator,8,32768,ivr_v2,8,4,32768.0,0.12849892160305112,0.003446581864480075,budget_exhausted,"[8, 7, 6, 5]"
96004,equilibrator,8,32768,lucb_v2,8,4,32768.0,0.12849892160305112,0.003446581864480075,budget_exhausted,"[8, 7, 6, 5]"
96004,equilibrator,8,32768,author_random_hf,6,4,32768.0,0.12699918333155588,0.004946320135975318,batch,"[1, 8, 2, 7]"
96004,equilibrator,8,32768,author_paired_lucb,5,4,32768.0,0.11518332157343245,0.016762181894098754,batch,"[4, 3, 5, 2]"
96004,equilibrator,8,32768,author_global_voi,4,4,32768.0,0.09793015711873518,0.03401534634879602,batch,"[0, 1, 2, 3]"
96004,equilibrator,8,32768,author_pivot_voi,4,4,32768.0,0.09793015711873518,0.03401534634879602,batch,"[0, 1, 2, 3]"
96004,equilibrator,8,,all_hf_reference,8,9,73728.0,0.12849892160305112,0.003446581864480075,all,"[0, 1, 2, 3, 4, 5, 6, 7, 8]"
96005,exploiter,1,8192,pivot_kg,8,1,8192.0,0.7403957111164307,0.0,budget_exhausted,[8]
96005,exploiter,1,8192,pivot_kg_stop,8,1,8192.0,0.7403957111164307,0.0,budget_exhausted,[8]
96005,exploiter,1,8192,uniform_v2,8,1,8192.0,0.7403957111164307,0.0,budget_exhausted,[3]
96005,exploiter,1,8192,ivr_v2,8,1,8192.0,0.7403957111164307,0.0,budget_exhausted,[8]
96005,exploiter,1,8192,lucb_v2,8,1,8192.0,0.7403957111164307,0.0,budget_exhausted,[8]
96005,exploiter,1,,no_hf_v2,8,0,0.0,0.7403957111164307,0.0,no_hf_method,[]
96005,exploiter,1,,proxy_only,8,0,0.0,0.7403957111164307,0.0,no_hf_method,[]
96005,exploiter,1,8192,author_random_hf,8,1,8192.0,0.7403957111164307,0.0,batch,[1]
96005,exploiter,1,8192,author_paired_lucb,8,1,8192.0,0.7403957111164307,0.0,batch,[8]
96005,exploiter,1,8192,author_global_voi,8,1,8192.0,0.7403957111164307,0.0,batch,[0]
96005,exploiter,1,8192,author_pivot_voi,8,1,8192.0,0.7403957111164307,0.0,batch,[0]
96005,exploiter,1,16384,pivot_kg,8,2,16384.0,0.7403957111164307,0.0,budget_exhausted,"[8, 6]"
96005,exploiter,1,16384,pivot_kg_stop,8,2,16384.0,0.7403957111164307,0.0,budget_exhausted,"[8, 3]"
96005,exploiter,1,16384,uniform_v2,8,2,16384.0,0.7403957111164307,0.0,budget_exhausted,"[3, 8]"
96005,exploiter,1,16384,ivr_v2,8,2,16384.0,0.7403957111164307,0.0,budget_exhausted,"[8, 7]"
96005,exploiter,1,16384,lucb_v2,8,2,16384.0,0.7403957111164307,0.0,budget_exhausted,"[8, 7]"
96005,exploiter,1,16384,author_random_hf,8,2,16384.0,0.7403957111164307,0.0,batch,"[1, 4]"
96005,exploiter,1,16384,author_paired_lucb,8,2,16384.0,0.7403957111164307,0.0,batch,"[8, 7]"
96005,exploiter,1,16384,author_global_voi,8,2,16384.0,0.7403957111164307,0.0,batch,"[0, 1]"
96005,exploiter,1,16384,author_pivot_voi,8,2,16384.0,0.7403957111164307,0.0,batch,"[0, 1]"
96005,exploiter,1,32768,pivot_kg,8,4,32768.0,0.7403957111164307,0.0,budget_exhausted,"[8, 6, 7, 2]"
96005,exploiter,1,32768,pivot_kg_stop,8,4,32768.0,0.7403957111164307,0.0,budget_exhausted,"[8, 3, 4, 2]"
96005,exploiter,1,32768,uniform_v2,8,4,32768.0,0.7403957111164307,0.0,budget_exhausted,"[3, 8, 4, 0]"
96005,exploiter,1,32768,ivr_v2,8,4,32768.0,0.7403957111164307,0.0,budget_exhausted,"[8, 7, 6, 5]"
96005,exploiter,1,32768,lucb_v2,8,4,32768.0,0.7403957111164307,0.0,budget_exhausted,"[8, 7, 6, 5]"
96005,exploiter,1,32768,author_random_hf,8,4,32768.0,0.7403957111164307,0.0,batch,"[1, 4, 0, 7]"
96005,exploiter,1,32768,author_paired_lucb,8,4,32768.0,0.7403957111164307,0.0,batch,"[8, 7, 6, 5]"
96005,exploiter,1,32768,author_global_voi,8,4,32768.0,0.7403957111164307,0.0,batch,"[0, 1, 2, 3]"
96005,exploiter,1,32768,author_pivot_voi,8,4,32768.0,0.7403957111164307,0.0,batch,"[0, 1, 2, 3]"
96005,exploiter,1,,all_hf_reference,8,9,73728.0,0.7403957111164307,0.0,all,"[0, 1, 2, 3, 4, 5, 6, 7, 8]"
96005,exploiter,8,8192,pivot_kg,0,1,8192.0,0.0,0.0,budget_exhausted,[8]
96005,exploiter,8,8192,pivot_kg_stop,0,1,8192.0,0.0,0.0,budget_exhausted,[8]
96005,exploiter,8,8192,uniform_v2,0,1,8192.0,0.0,0.0,budget_exhausted,[3]
96005,exploiter,8,8192,ivr_v2,0,1,8192.0,0.0,0.0,budget_exhausted,[8]
96005,exploiter,8,8192,lucb_v2,0,1,8192.0,0.0,0.0,budget_exhausted,[8]
96005,exploiter,8,,no_hf_v2,0,0,0.0,0.0,0.0,no_hf_method,[]
96005,exploiter,8,,proxy_only,8,0,0.0,-1.3585159032151437,1.3585159032151437,no_hf_method,[]
96005,exploiter,8,8192,author_random_hf,8,1,8192.0,-1.3585159032151437,1.3585159032151437,batch,[1]
96005,exploiter,8,8192,author_paired_lucb,3,1,8192.0,-0.40184598563984847,0.40184598563984847,batch,[4]
96005,exploiter,8,8192,author_global_voi,4,1,8192.0,-0.5520077067061563,0.5520077067061563,batch,[0]
96005,exploiter,8,8192,author_pivot_voi,4,1,8192.0,-0.5520077067061563,0.5520077067061563,batch,[0]
96005,exploiter,8,16384,pivot_kg,0,2,16384.0,0.0,0.0,budget_exhausted,"[8, 7]"
96005,exploiter,8,16384,pivot_kg_stop,0,2,16384.0,0.0,0.0,budget_exhausted,"[8, 7]"
96005,exploiter,8,16384,uniform_v2,0,2,16384.0,0.0,0.0,budget_exhausted,"[3, 8]"
96005,exploiter,8,16384,ivr_v2,0,2,16384.0,0.0,0.0,budget_exhausted,"[8, 7]"
96005,exploiter,8,16384,lucb_v2,0,2,16384.0,0.0,0.0,budget_exhausted,"[8, 7]"
96005,exploiter,8,16384,author_random_hf,8,2,16384.0,-1.3585159032151437,1.3585159032151437,batch,"[1, 4]"
96005,exploiter,8,16384,author_paired_lucb,2,2,16384.0,-0.26385296685032167,0.26385296685032167,batch,"[4, 3]"
96005,exploiter,8,16384,author_global_voi,4,2,16384.0,-0.5520077067061563,0.5520077067061563,batch,"[0, 1]"
96005,exploiter,8,16384,author_pivot_voi,4,2,16384.0,-0.5520077067061563,0.5520077067061563,batch,"[0, 1]"
96005,exploiter,8,32768,pivot_kg,0,4,32768.0,0.0,0.0,budget_exhausted,"[8, 7, 6, 5]"
96005,exploiter,8,32768,pivot_kg_stop,0,4,32768.0,0.0,0.0,budget_exhausted,"[8, 7, 6, 5]"
96005,exploiter,8,32768,uniform_v2,0,4,32768.0,0.0,0.0,budget_exhausted,"[3, 8, 4, 0]"
96005,exploiter,8,32768,ivr_v2,0,4,32768.0,0.0,0.0,budget_exhausted,"[8, 7, 6, 5]"
96005,exploiter,8,32768,lucb_v2,0,4,32768.0,0.0,0.0,budget_exhausted,"[8, 7, 6, 5]"
96005,exploiter,8,32768,author_random_hf,8,4,32768.0,-1.3585159032151437,1.3585159032151437,batch,"[1, 4, 0, 7]"
96005,exploiter,8,32768,author_paired_lucb,9,4,32768.0,0.0,0.0,batch,"[4, 3, 2, 5]"
96005,exploiter,8,32768,author_global_voi,4,4,32768.0,-0.5520077067061563,0.5520077067061563,batch,"[0, 1, 2, 3]"
96005,exploiter,8,32768,author_pivot_voi,4,4,32768.0,-0.5520077067061563,0.5520077067061563,batch,"[0, 1, 2, 3]"
96005,exploiter,8,,all_hf_reference,0,9,73728.0,0.0,0.0,all,"[0, 1, 2, 3, 4, 5, 6, 7, 8]"
96006,equilibrator,1,8192,pivot_kg,8,1,8192.0,0.8992985937164648,0.0,budget_exhausted,[8]
96006,equilibrator,1,8192,pivot_kg_stop,8,1,8192.0,0.8992985937164648,0.0,budget_exhausted,[8]
96006,equilibrator,1,8192,uniform_v2,8,1,8192.0,0.8992985937164648,0.0,budget_exhausted,[2]
96006,equilibrator,1,8192,ivr_v2,8,1,8192.0,0.8992985937164648,0.0,budget_exhausted,[8]
96006,equilibrator,1,8192,lucb_v2,8,1,8192.0,0.8992985937164648,0.0,budget_exhausted,[8]
96006,equilibrator,1,,no_hf_v2,8,0,0.0,0.8992985937164648,0.0,no_hf_method,[]
96006,equilibrator,1,,proxy_only,8,0,0.0,0.8992985937164648,0.0,no_hf_method,[]
96006,equilibrator,1,8192,author_random_hf,7,1,8192.0,0.7572483193587447,0.1420502743577201,batch,[8]
96006,equilibrator,1,8192,author_paired_lucb,8,1,8192.0,0.8992985937164648,0.0,batch,[8]
96006,equilibrator,1,8192,author_global_voi,8,1,8192.0,0.8992985937164648,0.0,batch,[0]
96006,equilibrator,1,8192,author_pivot_voi,8,1,8192.0,0.8992985937164648,0.0,batch,[0]
96006,equilibrator,1,16384,pivot_kg,8,2,16384.0,0.8992985937164648,0.0,budget_exhausted,"[8, 1]"
96006,equilibrator,1,16384,pivot_kg_stop,8,2,16384.0,0.8992985937164648,0.0,budget_exhausted,"[8, 5]"
96006,equilibrator,1,16384,uniform_v2,8,2,16384.0,0.8992985937164648,0.0,budget_exhausted,"[2, 1]"
96006,equilibrator,1,16384,ivr_v2,8,2,16384.0,0.8992985937164648,0.0,budget_exhausted,"[8, 7]"
96006,equilibrator,1,16384,lucb_v2,8,2,16384.0,0.8992985937164648,0.0,budget_exhausted,"[8, 7]"
96006,equilibrator,1,16384,author_random_hf,7,2,16384.0,0.7572483193587447,0.1420502743577201,batch,"[8, 0]"
96006,equilibrator,1,16384,author_paired_lucb,7,2,16384.0,0.7572483193587447,0.1420502743577201,batch,"[8, 7]"
96006,equilibrator,1,16384,author_global_voi,8,2,16384.0,0.8992985937164648,0.0,batch,"[0, 1]"
96006,equilibrator,1,16384,author_pivot_voi,8,2,16384.0,0.8992985937164648,0.0,batch,"[0, 1]"
96006,equilibrator,1,32768,pivot_kg,8,4,32768.0,0.8992985937164648,0.0,budget_exhausted,"[8, 1, 5, 2]"
96006,equilibrator,1,32768,pivot_kg_stop,8,4,32768.0,0.8992985937164648,0.0,budget_exhausted,"[8, 5, 7, 4]"
96006,equilibrator,1,32768,uniform_v2,8,4,32768.0,0.8992985937164648,0.0,budget_exhausted,"[2, 1, 3, 6]"
96006,equilibrator,1,32768,ivr_v2,8,4,32768.0,0.8992985937164648,0.0,budget_exhausted,"[8, 7, 6, 5]"
96006,equilibrator,1,32768,lucb_v2,8,4,32768.0,0.8992985937164648,0.0,budget_exhausted,"[8, 7, 6, 5]"
96006,equilibrator,1,32768,author_random_hf,7,4,32768.0,0.7572483193587447,0.1420502743577201,batch,"[8, 0, 4, 2]"
96006,equilibrator,1,32768,author_paired_lucb,7,4,32768.0,0.7572483193587447,0.1420502743577201,batch,"[8, 7, 6, 5]"
96006,equilibrator,1,32768,author_global_voi,8,4,32768.0,0.8992985937164648,0.0,batch,"[0, 1, 2, 3]"
96006,equilibrator,1,32768,author_pivot_voi,8,4,32768.0,0.8992985937164648,0.0,batch,"[0, 1, 2, 3]"
96006,equilibrator,1,,all_hf_reference,7,9,73728.0,0.7572483193587447,0.1420502743577201,all,"[0, 1, 2, 3, 4, 5, 6, 7, 8]"
96006,equilibrator,8,8192,pivot_kg,0,1,8192.0,0.0,0.09002034184172658,budget_exhausted,[8]
96006,equilibrator,8,8192,pivot_kg_stop,0,1,8192.0,0.0,0.09002034184172658,budget_exhausted,[8]
96006,equilibrator,8,8192,uniform_v2,0,1,8192.0,0.0,0.09002034184172658,budget_exhausted,[2]
96006,equilibrator,8,8192,ivr_v2,0,1,8192.0,0.0,0.09002034184172658,budget_exhausted,[8]
96006,equilibrator,8,8192,lucb_v2,0,1,8192.0,0.0,0.09002034184172658,budget_exhausted,[8]
96006,equilibrator,8,,no_hf_v2,0,0,0.0,0.0,0.09002034184172658,no_hf_method,[]
96006,equilibrator,8,,proxy_only,8,0,0.0,0.09002034184172658,0.0,no_hf_method,[]
96006,equilibrator,8,8192,author_random_hf,7,1,8192.0,0.0703942886512195,0.019626053190507087,batch,[8]
96006,equilibrator,8,8192,author_paired_lucb,3,1,8192.0,0.028157292622804475,0.061863049218922106,batch,[4]
96006,equilibrator,8,8192,author_global_voi,4,1,8192.0,0.035473610968106806,0.054546730873619775,batch,[0]
96006,equilibrator,8,8192,author_pivot_voi,4,1,8192.0,0.035473610968106806,0.054546730873619775,batch,[0]
96006,equilibrator,8,16384,pivot_kg,0,2,16384.0,0.0,0.09002034184172658,budget_exhausted,"[8, 7]"
96006,equilibrator,8,16384,pivot_kg_stop,0,2,16384.0,0.0,0.09002034184172658,budget_exhausted,"[8, 7]"
96006,equilibrator,8,16384,uniform_v2,0,2,16384.0,0.0,0.09002034184172658,budget_exhausted,"[2, 1]"
96006,equilibrator,8,16384,ivr_v2,0,2,16384.0,0.0,0.09002034184172658,budget_exhausted,"[8, 7]"
96006,equilibrator,8,16384,lucb_v2,0,2,16384.0,0.0,0.09002034184172658,budget_exhausted,"[8, 7]"
96006,equilibrator,8,16384,author_random_hf,7,2,16384.0,0.0703942886512195,0.019626053190507087,batch,"[8, 0]"
96006,equilibrator,8,16384,author_paired_lucb,3,2,16384.0,0.028157292622804475,0.061863049218922106,batch,"[4, 3]"
96006,equilibrator,8,16384,author_global_voi,4,2,16384.0,0.035473610968106806,0.054546730873619775,batch,"[0, 1]"
96006,equilibrator,8,16384,author_pivot_voi,4,2,16384.0,0.035473610968106806,0.054546730873619775,batch,"[0, 1]"
96006,equilibrator,8,32768,pivot_kg,0,4,32768.0,0.0,0.09002034184172658,budget_exhausted,"[8, 7, 6, 5]"
96006,equilibrator,8,32768,pivot_kg_stop,0,4,32768.0,0.0,0.09002034184172658,budget_exhausted,"[8, 7, 6, 5]"
96006,equilibrator,8,32768,uniform_v2,0,4,32768.0,0.0,0.09002034184172658,budget_exhausted,"[2, 1, 3, 6]"
96006,equilibrator,8,32768,ivr_v2,0,4,32768.0,0.0,0.09002034184172658,budget_exhausted,"[8, 7, 6, 5]"
96006,equilibrator,8,32768,lucb_v2,0,4,32768.0,0.0,0.09002034184172658,budget_exhausted,"[8, 7, 6, 0]"
96006,equilibrator,8,32768,author_random_hf,7,4,32768.0,0.0703942886512195,0.019626053190507087,batch,"[8, 0, 4, 2]"
96006,equilibrator,8,32768,author_paired_lucb,5,4,32768.0,0.04415164204395089,0.04586869979777569,batch,"[4, 3, 2, 5]"
96006,equilibrator,8,32768,author_global_voi,4,4,32768.0,0.035473610968106806,0.054546730873619775,batch,"[0, 1, 2, 3]"
96006,equilibrator,8,32768,author_pivot_voi,4,4,32768.0,0.035473610968106806,0.054546730873619775,batch,"[0, 1, 2, 3]"
96006,equilibrator,8,,all_hf_reference,5,9,73728.0,0.04415164204395089,0.04586869979777569,all,"[0, 1, 2, 3, 4, 5, 6, 7, 8]"
96007,exploiter,1,8192,pivot_kg,8,1,8192.0,1.1297163759972766,0.0,budget_exhausted,[8]
96007,exploiter,1,8192,pivot_kg_stop,8,1,8192.0,1.1297163759972766,0.0,budget_exhausted,[8]
96007,exploiter,1,8192,uniform_v2,8,1,8192.0,1.1297163759972766,0.0,budget_exhausted,[7]
96007,exploiter,1,8192,ivr_v2,8,1,8192.0,1.1297163759972766,0.0,budget_exhausted,[8]
96007,exploiter,1,8192,lucb_v2,8,1,8192.0,1.1297163759972766,0.0,budget_exhausted,[8]
96007,exploiter,1,,no_hf_v2,8,0,0.0,1.1297163759972766,0.0,no_hf_method,[]
96007,exploiter,1,,proxy_only,8,0,0.0,1.1297163759972766,0.0,no_hf_method,[]
96007,exploiter,1,8192,author_random_hf,8,1,8192.0,1.1297163759972766,0.0,batch,[0]
96007,exploiter,1,8192,author_paired_lucb,8,1,8192.0,1.1297163759972766,0.0,batch,[8]
96007,exploiter,1,8192,author_global_voi,8,1,8192.0,1.1297163759972766,0.0,batch,[0]
96007,exploiter,1,8192,author_pivot_voi,8,1,8192.0,1.1297163759972766,0.0,batch,[0]
96007,exploiter,1,16384,pivot_kg,8,2,16384.0,1.1297163759972766,0.0,budget_exhausted,"[8, 1]"
96007,exploiter,1,16384,pivot_kg_stop,8,2,16384.0,1.1297163759972766,0.0,budget_exhausted,"[8, 6]"
96007,exploiter,1,16384,uniform_v2,8,2,16384.0,1.1297163759972766,0.0,budget_exhausted,"[7, 6]"
96007,exploiter,1,16384,ivr_v2,8,2,16384.0,1.1297163759972766,0.0,budget_exhausted,"[8, 7]"
96007,exploiter,1,16384,lucb_v2,8,2,16384.0,1.1297163759972766,0.0,budget_exhausted,"[8, 7]"
96007,exploiter,1,16384,author_random_hf,7,2,16384.0,0.9504110128616564,0.17930536313562018,batch,"[0, 8]"
96007,exploiter,1,16384,author_paired_lucb,8,2,16384.0,1.1297163759972766,0.0,batch,"[8, 7]"
96007,exploiter,1,16384,author_global_voi,8,2,16384.0,1.1297163759972766,0.0,batch,"[0, 1]"
96007,exploiter,1,16384,author_pivot_voi,8,2,16384.0,1.1297163759972766,0.0,batch,"[0, 1]"
96007,exploiter,1,32768,pivot_kg,8,4,32768.0,1.1297163759972766,0.0,budget_exhausted,"[8, 1, 3, 4]"
96007,exploiter,1,32768,pivot_kg_stop,8,4,32768.0,1.1297163759972766,0.0,budget_exhausted,"[8, 6, 2, 5]"
96007,exploiter,1,32768,uniform_v2,8,4,32768.0,1.1297163759972766,0.0,budget_exhausted,"[7, 6, 8, 5]"
96007,exploiter,1,32768,ivr_v2,8,4,32768.0,1.1297163759972766,0.0,budget_exhausted,"[8, 7, 6, 5]"
96007,exploiter,1,32768,lucb_v2,8,4,32768.0,1.1297163759972766,0.0,budget_exhausted,"[8, 7, 6, 5]"
96007,exploiter,1,32768,author_random_hf,8,4,32768.0,1.1297163759972766,0.0,batch,"[0, 8, 7, 4]"
96007,exploiter,1,32768,author_paired_lucb,8,4,32768.0,1.1297163759972766,0.0,batch,"[8, 7, 6, 5]"
96007,exploiter,1,32768,author_global_voi,8,4,32768.0,1.1297163759972766,0.0,batch,"[0, 1, 2, 3]"
96007,exploiter,1,32768,author_pivot_voi,8,4,32768.0,1.1297163759972766,0.0,batch,"[0, 1, 2, 3]"
96007,exploiter,1,,all_hf_reference,8,9,73728.0,1.1297163759972766,0.0,all,"[0, 1, 2, 3, 4, 5, 6, 7, 8]"
96007,exploiter,8,8192,pivot_kg,0,1,8192.0,0.0,0.0,budget_exhausted,[8]
96007,exploiter,8,8192,pivot_kg_stop,0,1,8192.0,0.0,0.0,budget_exhausted,[8]
96007,exploiter,8,8192,uniform_v2,0,1,8192.0,0.0,0.0,budget_exhausted,[7]
96007,exploiter,8,8192,ivr_v2,0,1,8192.0,0.0,0.0,budget_exhausted,[8]
96007,exploiter,8,8192,lucb_v2,0,1,8192.0,0.0,0.0,budget_exhausted,[8]
96007,exploiter,8,,no_hf_v2,0,0,0.0,0.0,0.0,no_hf_method,[]
96007,exploiter,8,,proxy_only,8,0,0.0,-0.9986312414641287,0.9986312414641287,no_hf_method,[]
96007,exploiter,8,8192,author_random_hf,8,1,8192.0,-0.9986312414641287,0.9986312414641287,batch,[0]
96007,exploiter,8,8192,author_paired_lucb,3,1,8192.0,-0.5357157911967578,0.5357157911967578,batch,[4]
96007,exploiter,8,8192,author_global_voi,4,1,8192.0,-0.6846198508790866,0.6846198508790866,batch,[0]
96007,exploiter,8,8192,author_pivot_voi,4,1,8192.0,-0.6846198508790866,0.6846198508790866,batch,[0]
96007,exploiter,8,16384,pivot_kg,0,2,16384.0,0.0,0.0,budget_exhausted,"[8, 7]"
96007,exploiter,8,16384,pivot_kg_stop,0,2,16384.0,0.0,0.0,budget_exhausted,"[8, 7]"
96007,exploiter,8,16384,uniform_v2,0,2,16384.0,0.0,0.0,budget_exhausted,"[7, 6]"
96007,exploiter,8,16384,ivr_v2,0,2,16384.0,0.0,0.0,budget_exhausted,"[8, 7]"
96007,exploiter,8,16384,lucb_v2,0,2,16384.0,0.0,0.0,budget_exhausted,"[8, 7]"
96007,exploiter,8,16384,author_random_hf,7,2,16384.0,-0.9938297952785293,0.9938297952785293,batch,"[0, 8]"
96007,exploiter,8,16384,author_paired_lucb,5,2,16384.0,-0.8049614488694063,0.8049614488694063,batch,"[4, 3]"
96007,exploiter,8,16384,author_global_voi,4,2,16384.0,-0.6846198508790866,0.6846198508790866,batch,"[0, 1]"
96007,exploiter,8,16384,author_pivot_voi,4,2,16384.0,-0.6846198508790866,0.6846198508790866,batch,"[0, 1]"
96007,exploiter,8,32768,pivot_kg,0,4,32768.0,0.0,0.0,budget_exhausted,"[8, 7, 6, 5]"
96007,exploiter,8,32768,pivot_kg_stop,0,4,32768.0,0.0,0.0,budget_exhausted,"[8, 7, 6, 5]"
96007,exploiter,8,32768,uniform_v2,0,4,32768.0,0.0,0.0,budget_exhausted,"[7, 6, 8, 5]"
96007,exploiter,8,32768,ivr_v2,0,4,32768.0,0.0,0.0,budget_exhausted,"[8, 7, 6, 5]"
96007,exploiter,8,32768,lucb_v2,0,4,32768.0,0.0,0.0,budget_exhausted,"[8, 7, 6, 5]"
96007,exploiter,8,32768,author_random_hf,6,4,32768.0,-0.8940068772553587,0.8940068772553587,batch,"[0, 8, 7, 4]"
96007,exploiter,8,32768,author_paired_lucb,9,4,32768.0,0.0,0.0,batch,"[4, 3, 5, 2]"
96007,exploiter,8,32768,author_global_voi,4,4,32768.0,-0.6846198508790866,0.6846198508790866,batch,"[0, 1, 2, 3]"
96007,exploiter,8,32768,author_pivot_voi,4,4,32768.0,-0.6846198508790866,0.6846198508790866,batch,"[0, 1, 2, 3]"
96007,exploiter,8,,all_hf_reference,0,9,73728.0,0.0,0.0,all,"[0, 1, 2, 3, 4, 5, 6, 7, 8]"
96008,equilibrator,1,8192,pivot_kg,8,1,8192.0,1.2275385236077003,0.0,budget_exhausted,[8]
96008,equilibrator,1,8192,pivot_kg_stop,8,1,8192.0,1.2275385236077003,0.0,budget_exhausted,[8]
96008,equilibrator,1,8192,uniform_v2,8,1,8192.0,1.2275385236077003,0.0,budget_exhausted,[2]
96008,equilibrator,1,8192,ivr_v2,8,1,8192.0,1.2275385236077003,0.0,budget_exhausted,[8]
96008,equilibrator,1,8192,lucb_v2,8,1,8192.0,1.2275385236077003,0.0,budget_exhausted,[8]
96008,equilibrator,1,,no_hf_v2,8,0,0.0,1.2275385236077003,0.0,no_hf_method,[]
96008,equilibrator,1,,proxy_only,8,0,0.0,1.2275385236077003,0.0,no_hf_method,[]
96008,equilibrator,1,8192,author_random_hf,8,1,8192.0,1.2275385236077003,0.0,batch,[2]
96008,equilibrator,1,8192,author_paired_lucb,8,1,8192.0,1.2275385236077003,0.0,batch,[8]
96008,equilibrator,1,8192,author_global_voi,8,1,8192.0,1.2275385236077003,0.0,batch,[0]
96008,equilibrator,1,8192,author_pivot_voi,8,1,8192.0,1.2275385236077003,0.0,batch,[0]
96008,equilibrator,1,16384,pivot_kg,8,2,16384.0,1.2275385236077003,0.0,budget_exhausted,"[8, 0]"
96008,equilibrator,1,16384,pivot_kg_stop,8,2,16384.0,1.2275385236077003,0.0,budget_exhausted,"[8, 4]"
96008,equilibrator,1,16384,uniform_v2,8,2,16384.0,1.2275385236077003,0.0,budget_exhausted,"[2, 1]"
96008,equilibrator,1,16384,ivr_v2,8,2,16384.0,1.2275385236077003,0.0,budget_exhausted,"[8, 7]"
96008,equilibrator,1,16384,lucb_v2,8,2,16384.0,1.2275385236077003,0.0,budget_exhausted,"[8, 7]"
96008,equilibrator,1,16384,author_random_hf,8,2,16384.0,1.2275385236077003,0.0,batch,"[2, 1]"
96008,equilibrator,1,16384,author_paired_lucb,8,2,16384.0,1.2275385236077003,0.0,batch,"[8, 7]"
96008,equilibrator,1,16384,author_global_voi,8,2,16384.0,1.2275385236077003,0.0,batch,"[0, 1]"
96008,equilibrator,1,16384,author_pivot_voi,8,2,16384.0,1.2275385236077003,0.0,batch,"[0, 1]"
96008,equilibrator,1,32768,pivot_kg,8,4,32768.0,1.2275385236077003,0.0,budget_exhausted,"[8, 0, 1, 6]"
96008,equilibrator,1,32768,pivot_kg_stop,8,4,32768.0,1.2275385236077003,0.0,budget_exhausted,"[8, 4, 6, 7]"
96008,equilibrator,1,32768,uniform_v2,8,4,32768.0,1.2275385236077003,0.0,budget_exhausted,"[2, 1, 0, 5]"
96008,equilibrator,1,32768,ivr_v2,8,4,32768.0,1.2275385236077003,0.0,budget_exhausted,"[8, 7, 6, 5]"
96008,equilibrator,1,32768,lucb_v2,8,4,32768.0,1.2275385236077003,0.0,budget_exhausted,"[8, 7, 6, 5]"
96008,equilibrator,1,32768,author_random_hf,8,4,32768.0,1.2275385236077003,0.0,batch,"[2, 1, 4, 7]"
96008,equilibrator,1,32768,author_paired_lucb,8,4,32768.0,1.2275385236077003,0.0,batch,"[8, 7, 6, 5]"
96008,equilibrator,1,32768,author_global_voi,8,4,32768.0,1.2275385236077003,0.0,batch,"[0, 1, 2, 3]"
96008,equilibrator,1,32768,author_pivot_voi,8,4,32768.0,1.2275385236077003,0.0,batch,"[0, 1, 2, 3]"
96008,equilibrator,1,,all_hf_reference,8,9,73728.0,1.2275385236077003,0.0,all,"[0, 1, 2, 3, 4, 5, 6, 7, 8]"
96008,equilibrator,8,8192,pivot_kg,0,1,8192.0,0.0,0.06746531630779545,budget_exhausted,[8]
96008,equilibrator,8,8192,pivot_kg_stop,0,1,8192.0,0.0,0.06746531630779545,budget_exhausted,[8]
96008,equilibrator,8,8192,uniform_v2,0,1,8192.0,0.0,0.06746531630779545,budget_exhausted,[2]
96008,equilibrator,8,8192,ivr_v2,0,1,8192.0,0.0,0.06746531630779545,budget_exhausted,[8]
96008,equilibrator,8,8192,lucb_v2,0,1,8192.0,0.0,0.06746531630779545,budget_exhausted,[8]
96008,equilibrator,8,,no_hf_v2,0,0,0.0,0.0,0.06746531630779545,no_hf_method,[]
96008,equilibrator,8,,proxy_only,8,0,0.0,0.06746531630779545,0.0,no_hf_method,[]
96008,equilibrator,8,8192,author_random_hf,8,1,8192.0,0.06746531630779545,0.0,batch,[2]
96008,equilibrator,8,8192,author_paired_lucb,3,1,8192.0,0.030992279664836336,0.03647303664295912,batch,[4]
96008,equilibrator,8,8192,author_global_voi,4,1,8192.0,0.0395067114137847,0.027958604894010752,batch,[0]
96008,equilibrator,8,8192,author_pivot_voi,4,1,8192.0,0.0395067114137847,0.027958604894010752,batch,[0]
96008,equilibrator,8,16384,pivot_kg,0,2,16384.0,0.0,0.06746531630779545,budget_exhausted,"[8, 7]"
96008,equilibrator,8,16384,pivot_kg_stop,0,2,16384.0,0.0,0.06746531630779545,budget_exhausted,"[8, 7]"
96008,equilibrator,8,16384,uniform_v2,0,2,16384.0,0.0,0.06746531630779545,budget_exhausted,"[2, 1]"
96008,equilibrator,8,16384,ivr_v2,0,2,16384.0,0.0,0.06746531630779545,budget_exhausted,"[8, 7]"
96008,equilibrator,8,16384,lucb_v2,0,2,16384.0,0.0,0.06746531630779545,budget_exhausted,"[8, 7]"
96008,equilibrator,8,16384,author_random_hf,8,2,16384.0,0.06746531630779545,0.0,batch,"[2, 1]"
96008,equilibrator,8,16384,author_paired_lucb,5,2,16384.0,0.047436449925372326,0.020028866382423127,batch,"[4, 3]"
96008,equilibrator,8,16384,author_global_voi,4,2,16384.0,0.0395067114137847,0.027958604894010752,batch,"[0, 1]"
96008,equilibrator,8,16384,author_pivot_voi,4,2,16384.0,0.0395067114137847,0.027958604894010752,batch,"[0, 1]"
96008,equilibrator,8,32768,pivot_kg,0,4,32768.0,0.0,0.06746531630779545,budget_exhausted,"[8, 7, 6, 5]"
96008,equilibrator,8,32768,pivot_kg_stop,0,4,32768.0,0.0,0.06746531630779545,budget_exhausted,"[8, 7, 6, 5]"
96008,equilibrator,8,32768,uniform_v2,0,4,32768.0,0.0,0.06746531630779545,budget_exhausted,"[2, 1, 0, 5]"
96008,equilibrator,8,32768,ivr_v2,0,4,32768.0,0.0,0.06746531630779545,budget_exhausted,"[8, 7, 6, 5]"
96008,equilibrator,8,32768,lucb_v2,0,4,32768.0,0.0,0.06746531630779545,budget_exhausted,"[8, 7, 6, 0]"
96008,equilibrator,8,32768,author_random_hf,8,4,32768.0,0.06746531630779545,0.0,batch,"[2, 1, 4, 7]"
96008,equilibrator,8,32768,author_paired_lucb,5,4,32768.0,0.047436449925372326,0.020028866382423127,batch,"[4, 3, 5, 2]"
96008,equilibrator,8,32768,author_global_voi,4,4,32768.0,0.0395067114137847,0.027958604894010752,batch,"[0, 1, 2, 3]"
96008,equilibrator,8,32768,author_pivot_voi,4,4,32768.0,0.0395067114137847,0.027958604894010752,batch,"[0, 1, 2, 3]"
96008,equilibrator,8,,all_hf_reference,5,9,73728.0,0.047436449925372326,0.020028866382423127,all,"[0, 1, 2, 3, 4, 5, 6, 7, 8]"
96009,exploiter,1,8192,pivot_kg,8,1,8192.0,1.1843717945324612,0.0,budget_exhausted,[8]
96009,exploiter,1,8192,pivot_kg_stop,8,1,8192.0,1.1843717945324612,0.0,budget_exhausted,[8]
96009,exploiter,1,8192,uniform_v2,8,1,8192.0,1.1843717945324612,0.0,budget_exhausted,[8]
96009,exploiter,1,8192,ivr_v2,8,1,8192.0,1.1843717945324612,0.0,budget_exhausted,[8]
96009,exploiter,1,8192,lucb_v2,8,1,8192.0,1.1843717945324612,0.0,budget_exhausted,[8]
96009,exploiter,1,,no_hf_v2,8,0,0.0,1.1843717945324612,0.0,no_hf_method,[]
96009,exploiter,1,,proxy_only,8,0,0.0,1.1843717945324612,0.0,no_hf_method,[]
96009,exploiter,1,8192,author_random_hf,8,1,8192.0,1.1843717945324612,0.0,batch,[1]
96009,exploiter,1,8192,author_paired_lucb,8,1,8192.0,1.1843717945324612,0.0,batch,[8]
96009,exploiter,1,8192,author_global_voi,8,1,8192.0,1.1843717945324612,0.0,batch,[0]
96009,exploiter,1,8192,author_pivot_voi,8,1,8192.0,1.1843717945324612,0.0,batch,[0]
96009,exploiter,1,16384,pivot_kg,8,2,16384.0,1.1843717945324612,0.0,budget_exhausted,"[8, 7]"
96009,exploiter,1,16384,pivot_kg_stop,8,2,16384.0,1.1843717945324612,0.0,budget_exhausted,"[8, 4]"
96009,exploiter,1,16384,uniform_v2,8,2,16384.0,1.1843717945324612,0.0,budget_exhausted,"[8, 2]"
96009,exploiter,1,16384,ivr_v2,8,2,16384.0,1.1843717945324612,0.0,budget_exhausted,"[8, 7]"
96009,exploiter,1,16384,lucb_v2,8,2,16384.0,1.1843717945324612,0.0,budget_exhausted,"[8, 7]"
96009,exploiter,1,16384,author_random_hf,8,2,16384.0,1.1843717945324612,0.0,batch,"[1, 3]"
96009,exploiter,1,16384,author_paired_lucb,8,2,16384.0,1.1843717945324612,0.0,batch,"[8, 7]"
96009,exploiter,1,16384,author_global_voi,8,2,16384.0,1.1843717945324612,0.0,batch,"[0, 1]"
96009,exploiter,1,16384,author_pivot_voi,8,2,16384.0,1.1843717945324612,0.0,batch,"[0, 1]"
96009,exploiter,1,32768,pivot_kg,8,4,32768.0,1.1843717945324612,0.0,budget_exhausted,"[8, 7, 4, 2]"
96009,exploiter,1,32768,pivot_kg_stop,8,4,32768.0,1.1843717945324612,0.0,budget_exhausted,"[8, 4, 1, 3]"
96009,exploiter,1,32768,uniform_v2,8,4,32768.0,1.1843717945324612,0.0,budget_exhausted,"[8, 2, 7, 5]"
96009,exploiter,1,32768,ivr_v2,8,4,32768.0,1.1843717945324612,0.0,budget_exhausted,"[8, 7, 6, 5]"
96009,exploiter,1,32768,lucb_v2,8,4,32768.0,1.1843717945324612,0.0,budget_exhausted,"[8, 7, 6, 5]"
96009,exploiter,1,32768,author_random_hf,8,4,32768.0,1.1843717945324612,0.0,batch,"[1, 3, 7, 4]"
96009,exploiter,1,32768,author_paired_lucb,8,4,32768.0,1.1843717945324612,0.0,batch,"[8, 7, 6, 5]"
96009,exploiter,1,32768,author_global_voi,8,4,32768.0,1.1843717945324612,0.0,batch,"[0, 1, 2, 3]"
96009,exploiter,1,32768,author_pivot_voi,8,4,32768.0,1.1843717945324612,0.0,batch,"[0, 1, 2, 3]"
96009,exploiter,1,,all_hf_reference,8,9,73728.0,1.1843717945324612,0.0,all,"[0, 1, 2, 3, 4, 5, 6, 7, 8]"
96009,exploiter,8,8192,pivot_kg,0,1,8192.0,0.0,0.0,budget_exhausted,[8]
96009,exploiter,8,8192,pivot_kg_stop,0,1,8192.0,0.0,0.0,budget_exhausted,[8]
96009,exploiter,8,8192,uniform_v2,0,1,8192.0,0.0,0.0,budget_exhausted,[8]
96009,exploiter,8,8192,ivr_v2,0,1,8192.0,0.0,0.0,budget_exhausted,[8]
96009,exploiter,8,8192,lucb_v2,0,1,8192.0,0.0,0.0,budget_exhausted,[8]
96009,exploiter,8,,no_hf_v2,0,0,0.0,0.0,0.0,no_hf_method,[]
96009,exploiter,8,,proxy_only,8,0,0.0,-0.9340373878461087,0.9340373878461087,no_hf_method,[]
96009,exploiter,8,8192,author_random_hf,8,1,8192.0,-0.9340373878461087,0.9340373878461087,batch,[1]
96009,exploiter,8,8192,author_paired_lucb,3,1,8192.0,-0.3071167538925641,0.3071167538925641,batch,[4]
96009,exploiter,8,8192,author_global_voi,4,1,8192.0,-0.4537397024927948,0.4537397024927948,batch,[0]
96009,exploiter,8,8192,author_pivot_voi,4,1,8192.0,-0.4537397024927948,0.4537397024927948,batch,[0]
96009,exploiter,8,16384,pivot_kg,0,2,16384.0,0.0,0.0,budget_exhausted,"[8, 7]"
96009,exploiter,8,16384,pivot_kg_stop,0,2,16384.0,0.0,0.0,budget_exhausted,"[8, 7]"
96009,exploiter,8,16384,uniform_v2,0,2,16384.0,0.0,0.0,budget_exhausted,"[8, 2]"
96009,exploiter,8,16384,ivr_v2,0,2,16384.0,0.0,0.0,budget_exhausted,"[8, 7]"
96009,exploiter,8,16384,lucb_v2,0,2,16384.0,0.0,0.0,budget_exhausted,"[8, 7]"
96009,exploiter,8,16384,author_random_hf,8,2,16384.0,-0.9340373878461087,0.9340373878461087,batch,"[1, 3]"
96009,exploiter,8,16384,author_paired_lucb,5,2,16384.0,-0.5704872922875982,0.5704872922875982,batch,"[4, 3]"
96009,exploiter,8,16384,author_global_voi,4,2,16384.0,-0.4537397024927948,0.4537397024927948,batch,"[0, 1]"
96009,exploiter,8,16384,author_pivot_voi,4,2,16384.0,-0.4537397024927948,0.4537397024927948,batch,"[0, 1]"
96009,exploiter,8,32768,pivot_kg,0,4,32768.0,0.0,0.0,budget_exhausted,"[8, 7, 6, 5]"
96009,exploiter,8,32768,pivot_kg_stop,0,4,32768.0,0.0,0.0,budget_exhausted,"[8, 7, 6, 5]"
96009,exploiter,8,32768,uniform_v2,0,4,32768.0,0.0,0.0,budget_exhausted,"[8, 2, 7, 5]"
96009,exploiter,8,32768,ivr_v2,0,4,32768.0,0.0,0.0,budget_exhausted,"[8, 7, 6, 5]"
96009,exploiter,8,32768,lucb_v2,0,4,32768.0,0.0,0.0,budget_exhausted,"[8, 7, 6, 5]"
96009,exploiter,8,32768,author_random_hf,8,4,32768.0,-0.9340373878461087,0.9340373878461087,batch,"[1, 3, 7, 4]"
96009,exploiter,8,32768,author_paired_lucb,9,4,32768.0,0.0,0.0,batch,"[4, 3, 5, 2]"
96009,exploiter,8,32768,author_global_voi,4,4,32768.0,-0.4537397024927948,0.4537397024927948,batch,"[0, 1, 2, 3]"
96009,exploiter,8,32768,author_pivot_voi,4,4,32768.0,-0.4537397024927948,0.4537397024927948,batch,"[0, 1, 2, 3]"
96009,exploiter,8,,all_hf_reference,0,9,73728.0,0.0,0.0,all,"[0, 1, 2, 3, 4, 5, 6, 7, 8]"
96010,equilibrator,1,8192,pivot_kg,8,1,8192.0,0.8525665925258757,0.0,budget_exhausted,[8]
96010,equilibrator,1,8192,pivot_kg_stop,8,1,8192.0,0.8525665925258757,0.0,budget_exhausted,[8]
96010,equilibrator,1,8192,uniform_v2,8,1,8192.0,0.8525665925258757,0.0,budget_exhausted,[4]
96010,equilibrator,1,8192,ivr_v2,8,1,8192.0,0.8525665925258757,0.0,budget_exhausted,[8]
96010,equilibrator,1,8192,lucb_v2,8,1,8192.0,0.8525665925258757,0.0,budget_exhausted,[8]
96010,equilibrator,1,,no_hf_v2,8,0,0.0,0.8525665925258757,0.0,no_hf_method,[]
96010,equilibrator,1,,proxy_only,8,0,0.0,0.8525665925258757,0.0,no_hf_method,[]
96010,equilibrator,1,8192,author_random_hf,7,1,8192.0,0.7150115642973397,0.13755502822853605,batch,[8]
96010,equilibrator,1,8192,author_paired_lucb,8,1,8192.0,0.8525665925258757,0.0,batch,[8]
96010,equilibrator,1,8192,author_global_voi,8,1,8192.0,0.8525665925258757,0.0,batch,[0]
96010,equilibrator,1,8192,author_pivot_voi,8,1,8192.0,0.8525665925258757,0.0,batch,[0]
96010,equilibrator,1,16384,pivot_kg,8,2,16384.0,0.8525665925258757,0.0,budget_exhausted,"[8, 2]"
96010,equilibrator,1,16384,pivot_kg_stop,8,2,16384.0,0.8525665925258757,0.0,budget_exhausted,"[8, 6]"
96010,equilibrator,1,16384,uniform_v2,8,2,16384.0,0.8525665925258757,0.0,budget_exhausted,"[4, 3]"
96010,equilibrator,1,16384,ivr_v2,8,2,16384.0,0.8525665925258757,0.0,budget_exhausted,"[8, 7]"
96010,equilibrator,1,16384,lucb_v2,8,2,16384.0,0.8525665925258757,0.0,budget_exhausted,"[8, 7]"
96010,equilibrator,1,16384,author_random_hf,7,2,16384.0,0.7150115642973397,0.13755502822853605,batch,"[8, 3]"
96010,equilibrator,1,16384,author_paired_lucb,8,2,16384.0,0.8525665925258757,0.0,batch,"[8, 7]"
96010,equilibrator,1,16384,author_global_voi,8,2,16384.0,0.8525665925258757,0.0,batch,"[0, 1]"
96010,equilibrator,1,16384,author_pivot_voi,8,2,16384.0,0.8525665925258757,0.0,batch,"[0, 1]"
96010,equilibrator,1,32768,pivot_kg,8,4,32768.0,0.8525665925258757,0.0,budget_exhausted,"[8, 2, 0, 4]"
96010,equilibrator,1,32768,pivot_kg_stop,8,4,32768.0,0.8525665925258757,0.0,budget_exhausted,"[8, 6, 1, 4]"
96010,equilibrator,1,32768,uniform_v2,8,4,32768.0,0.8525665925258757,0.0,budget_exhausted,"[4, 3, 5, 7]"
96010,equilibrator,1,32768,ivr_v2,8,4,32768.0,0.8525665925258757,0.0,budget_exhausted,"[8, 7, 6, 5]"
96010,equilibrator,1,32768,lucb_v2,8,4,32768.0,0.8525665925258757,0.0,budget_exhausted,"[8, 7, 6, 5]"
96010,equilibrator,1,32768,author_random_hf,8,4,32768.0,0.8525665925258757,0.0,batch,"[8, 3, 7, 0]"
96010,equilibrator,1,32768,author_paired_lucb,8,4,32768.0,0.8525665925258757,0.0,batch,"[8, 7, 6, 5]"
96010,equilibrator,1,32768,author_global_voi,8,4,32768.0,0.8525665925258757,0.0,batch,"[0, 1, 2, 3]"
96010,equilibrator,1,32768,author_pivot_voi,8,4,32768.0,0.8525665925258757,0.0,batch,"[0, 1, 2, 3]"
96010,equilibrator,1,,all_hf_reference,8,9,73728.0,0.8525665925258757,0.0,all,"[0, 1, 2, 3, 4, 5, 6, 7, 8]"
96010,equilibrator,8,8192,pivot_kg,0,1,8192.0,0.0,0.05561780301762498,budget_exhausted,[8]
96010,equilibrator,8,8192,pivot_kg_stop,0,1,8192.0,0.0,0.05561780301762498,budget_exhausted,[8]
96010,equilibrator,8,8192,uniform_v2,0,1,8192.0,0.0,0.05561780301762498,budget_exhausted,[4]
96010,equilibrator,8,8192,ivr_v2,0,1,8192.0,0.0,0.05561780301762498,budget_exhausted,[8]
96010,equilibrator,8,8192,lucb_v2,0,1,8192.0,0.0,0.05561780301762498,budget_exhausted,[8]
96010,equilibrator,8,,no_hf_v2,0,0,0.0,0.0,0.05561780301762498,no_hf_method,[]
96010,equilibrator,8,,proxy_only,8,0,0.0,0.05561780301762498,0.0,no_hf_method,[]
96010,equilibrator,8,8192,author_random_hf,7,1,8192.0,0.049456487974376906,0.006161315043248072,batch,[8]
96010,equilibrator,8,8192,author_paired_lucb,3,1,8192.0,0.02713122675125887,0.02848657626636611,batch,[4]
96010,equilibrator,8,8192,author_global_voi,4,1,8192.0,0.033041367987897335,0.022576435029727643,batch,[0]
96010,equilibrator,8,8192,author_pivot_voi,4,1,8192.0,0.033041367987897335,0.022576435029727643,batch,[0]
96010,equilibrator,8,16384,pivot_kg,0,2,16384.0,0.0,0.05561780301762498,budget_exhausted,"[8, 7]"
96010,equilibrator,8,16384,pivot_kg_stop,0,2,16384.0,0.0,0.05561780301762498,budget_exhausted,"[8, 7]"
96010,equilibrator,8,16384,uniform_v2,0,2,16384.0,0.0,0.05561780301762498,budget_exhausted,"[4, 3]"
96010,equilibrator,8,16384,ivr_v2,0,2,16384.0,0.0,0.05561780301762498,budget_exhausted,"[8, 7]"
96010,equilibrator,8,16384,lucb_v2,0,2,16384.0,0.0,0.05561780301762498,budget_exhausted,"[8, 7]"
96010,equilibrator,8,16384,author_random_hf,7,2,16384.0,0.049456487974376906,0.006161315043248072,batch,"[8, 3]"
96010,equilibrator,8,16384,author_paired_lucb,2,2,16384.0,0.020138943275979093,0.035478859741645885,batch,"[4, 3]"
96010,equilibrator,8,16384,author_global_voi,4,2,16384.0,0.033041367987897335,0.022576435029727643,batch,"[0, 1]"
96010,equilibrator,8,16384,author_pivot_voi,4,2,16384.0,0.033041367987897335,0.022576435029727643,batch,"[0, 1]"
96010,equilibrator,8,32768,pivot_kg,0,4,32768.0,0.0,0.05561780301762498,budget_exhausted,"[8, 7, 6, 5]"
96010,equilibrator,8,32768,pivot_kg_stop,0,4,32768.0,0.0,0.05561780301762498,budget_exhausted,"[8, 7, 6, 5]"
96010,equilibrator,8,32768,uniform_v2,0,4,32768.0,0.0,0.05561780301762498,budget_exhausted,"[4, 3, 5, 7]"
96010,equilibrator,8,32768,ivr_v2,0,4,32768.0,0.0,0.05561780301762498,budget_exhausted,"[8, 7, 6, 5]"
96010,equilibrator,8,32768,lucb_v2,0,4,32768.0,0.0,0.05561780301762498,budget_exhausted,"[8, 7, 6, 0]"
96010,equilibrator,8,32768,author_random_hf,6,4,32768.0,0.043805805018062666,0.011811997999562313,batch,"[8, 3, 7, 0]"
96010,equilibrator,8,32768,author_paired_lucb,5,4,32768.0,0.038446902651459364,0.017170900366165615,batch,"[4, 3, 2, 5]"
96010,equilibrator,8,32768,author_global_voi,4,4,32768.0,0.033041367987897335,0.022576435029727643,batch,"[0, 1, 2, 3]"
96010,equilibrator,8,32768,author_pivot_voi,4,4,32768.0,0.033041367987897335,0.022576435029727643,batch,"[0, 1, 2, 3]"
96010,equilibrator,8,,all_hf_reference,5,9,73728.0,0.038446902651459364,0.017170900366165615,all,"[0, 1, 2, 3, 4, 5, 6, 7, 8]"
96011,exploiter,1,8192,pivot_kg,8,1,8192.0,0.7510692325423483,0.0,budget_exhausted,[8]
96011,exploiter,1,8192,pivot_kg_stop,8,1,8192.0,0.7510692325423483,0.0,budget_exhausted,[8]
96011,exploiter,1,8192,uniform_v2,8,1,8192.0,0.7510692325423483,0.0,budget_exhausted,[7]
96011,exploiter,1,8192,ivr_v2,8,1,8192.0,0.7510692325423483,0.0,budget_exhausted,[8]
96011,exploiter,1,8192,lucb_v2,8,1,8192.0,0.7510692325423483,0.0,budget_exhausted,[8]
96011,exploiter,1,,no_hf_v2,8,0,0.0,0.7510692325423483,0.0,no_hf_method,[]
96011,exploiter,1,,proxy_only,8,0,0.0,0.7510692325423483,0.0,no_hf_method,[]
96011,exploiter,1,8192,author_random_hf,8,1,8192.0,0.7510692325423483,0.0,batch,[3]
96011,exploiter,1,8192,author_paired_lucb,8,1,8192.0,0.7510692325423483,0.0,batch,[8]
96011,exploiter,1,8192,author_global_voi,8,1,8192.0,0.7510692325423483,0.0,batch,[0]
96011,exploiter,1,8192,author_pivot_voi,8,1,8192.0,0.7510692325423483,0.0,batch,[0]
96011,exploiter,1,16384,pivot_kg,8,2,16384.0,0.7510692325423483,0.0,budget_exhausted,"[8, 1]"
96011,exploiter,1,16384,pivot_kg_stop,8,2,16384.0,0.7510692325423483,0.0,budget_exhausted,"[8, 0]"
96011,exploiter,1,16384,uniform_v2,8,2,16384.0,0.7510692325423483,0.0,budget_exhausted,"[7, 2]"
96011,exploiter,1,16384,ivr_v2,8,2,16384.0,0.7510692325423483,0.0,budget_exhausted,"[8, 7]"
96011,exploiter,1,16384,lucb_v2,8,2,16384.0,0.7510692325423483,0.0,budget_exhausted,"[8, 7]"
96011,exploiter,1,16384,author_random_hf,7,2,16384.0,0.6361336627691161,0.11493556977323216,batch,"[3, 8]"
96011,exploiter,1,16384,author_paired_lucb,8,2,16384.0,0.7510692325423483,0.0,batch,"[8, 7]"
96011,exploiter,1,16384,author_global_voi,8,2,16384.0,0.7510692325423483,0.0,batch,"[0, 1]"
96011,exploiter,1,16384,author_pivot_voi,8,2,16384.0,0.7510692325423483,0.0,batch,"[0, 1]"
96011,exploiter,1,32768,pivot_kg,8,4,32768.0,0.7510692325423483,0.0,budget_exhausted,"[8, 1, 5, 4]"
96011,exploiter,1,32768,pivot_kg_stop,8,4,32768.0,0.7510692325423483,0.0,budget_exhausted,"[8, 0, 7, 3]"
96011,exploiter,1,32768,uniform_v2,8,4,32768.0,0.7510692325423483,0.0,budget_exhausted,"[7, 2, 1, 0]"
96011,exploiter,1,32768,ivr_v2,8,4,32768.0,0.7510692325423483,0.0,budget_exhausted,"[8, 7, 6, 5]"
96011,exploiter,1,32768,lucb_v2,8,4,32768.0,0.7510692325423483,0.0,budget_exhausted,"[8, 7, 6, 5]"
96011,exploiter,1,32768,author_random_hf,7,4,32768.0,0.6361336627691161,0.11493556977323216,batch,"[3, 8, 4, 2]"
96011,exploiter,1,32768,author_paired_lucb,8,4,32768.0,0.7510692325423483,0.0,batch,"[8, 7, 6, 5]"
96011,exploiter,1,32768,author_global_voi,8,4,32768.0,0.7510692325423483,0.0,batch,"[0, 1, 2, 3]"
96011,exploiter,1,32768,author_pivot_voi,8,4,32768.0,0.7510692325423483,0.0,batch,"[0, 1, 2, 3]"
96011,exploiter,1,,all_hf_reference,8,9,73728.0,0.7510692325423483,0.0,all,"[0, 1, 2, 3, 4, 5, 6, 7, 8]"
96011,exploiter,8,8192,pivot_kg,0,1,8192.0,0.0,0.0,budget_exhausted,[8]
96011,exploiter,8,8192,pivot_kg_stop,0,1,8192.0,0.0,0.0,budget_exhausted,[8]
96011,exploiter,8,8192,uniform_v2,0,1,8192.0,0.0,0.0,budget_exhausted,[7]
96011,exploiter,8,8192,ivr_v2,0,1,8192.0,0.0,0.0,budget_exhausted,[8]
96011,exploiter,8,8192,lucb_v2,0,1,8192.0,0.0,0.0,budget_exhausted,[8]
96011,exploiter,8,,no_hf_v2,0,0,0.0,0.0,0.0,no_hf_method,[]
96011,exploiter,8,,proxy_only,8,0,0.0,-1.6853702154415662,1.6853702154415662,no_hf_method,[]
96011,exploiter,8,8192,author_random_hf,8,1,8192.0,-1.6853702154415662,1.6853702154415662,batch,[3]
96011,exploiter,8,8192,author_paired_lucb,3,1,8192.0,-0.48147793856875504,0.48147793856875504,batch,[4]
96011,exploiter,8,8192,author_global_voi,4,1,8192.0,-0.6795930480989159,0.6795930480989159,batch,[0]
96011,exploiter,8,8192,author_pivot_voi,4,1,8192.0,-0.6795930480989159,0.6795930480989159,batch,[0]
96011,exploiter,8,16384,pivot_kg,0,2,16384.0,0.0,0.0,budget_exhausted,"[8, 7]"
96011,exploiter,8,16384,pivot_kg_stop,0,2,16384.0,0.0,0.0,budget_exhausted,"[8, 7]"
96011,exploiter,8,16384,uniform_v2,0,2,16384.0,0.0,0.0,budget_exhausted,"[7, 2]"
96011,exploiter,8,16384,ivr_v2,0,2,16384.0,0.0,0.0,budget_exhausted,"[8, 7]"
96011,exploiter,8,16384,lucb_v2,0,2,16384.0,0.0,0.0,budget_exhausted,"[8, 7]"
96011,exploiter,8,16384,author_random_hf,7,2,16384.0,-1.412639625453796,1.412639625453796,batch,"[3, 8]"
96011,exploiter,8,16384,author_paired_lucb,2,2,16384.0,-0.3143876274774579,0.3143876274774579,batch,"[4, 3]"
96011,exploiter,8,16384,author_global_voi,4,2,16384.0,-0.6795930480989159,0.6795930480989159,batch,"[0, 1]"
96011,exploiter,8,16384,author_pivot_voi,4,2,16384.0,-0.6795930480989159,0.6795930480989159,batch,"[0, 1]"
96011,exploiter,8,32768,pivot_kg,0,4,32768.0,0.0,0.0,budget_exhausted,"[8, 7, 6, 5]"
96011,exploiter,8,32768,pivot_kg_stop,0,4,32768.0,0.0,0.0,budget_exhausted,"[8, 7, 6, 5]"
96011,exploiter,8,32768,uniform_v2,0,4,32768.0,0.0,0.0,budget_exhausted,"[7, 2, 1, 0]"
96011,exploiter,8,32768,ivr_v2,0,4,32768.0,0.0,0.0,budget_exhausted,"[8, 7, 6, 5]"
96011,exploiter,8,32768,lucb_v2,0,4,32768.0,0.0,0.0,budget_exhausted,"[8, 7, 6, 1]"
96011,exploiter,8,32768,author_random_hf,7,4,32768.0,-1.412639625453796,1.412639625453796,batch,"[3, 8, 4, 2]"
96011,exploiter,8,32768,author_paired_lucb,9,4,32768.0,0.0,0.0,batch,"[4, 3, 2, 5]"
96011,exploiter,8,32768,author_global_voi,4,4,32768.0,-0.6795930480989159,0.6795930480989159,batch,"[0, 1, 2, 3]"
96011,exploiter,8,32768,author_pivot_voi,4,4,32768.0,-0.6795930480989159,0.6795930480989159,batch,"[0, 1, 2, 3]"
96011,exploiter,8,,all_hf_reference,0,9,73728.0,0.0,0.0,all,"[0, 1, 2, 3, 4, 5, 6, 7, 8]"
96012,equilibrator,1,8192,pivot_kg,8,1,8192.0,1.749486910821597,0.0,budget_exhausted,[3]
96012,equilibrator,1,8192,pivot_kg_stop,8,0,0.0,1.749486910821597,0.0,selection_probability,[]
96012,equilibrator,1,8192,uniform_v2,8,1,8192.0,1.749486910821597,0.0,budget_exhausted,[5]
96012,equilibrator,1,8192,ivr_v2,8,1,8192.0,1.749486910821597,0.0,budget_exhausted,[8]
96012,equilibrator,1,8192,lucb_v2,8,1,8192.0,1.749486910821597,0.0,budget_exhausted,[8]
96012,equilibrator,1,,no_hf_v2,8,0,0.0,1.749486910821597,0.0,no_hf_method,[]
96012,equilibrator,1,,proxy_only,8,0,0.0,1.749486910821597,0.0,no_hf_method,[]
96012,equilibrator,1,8192,author_random_hf,8,1,8192.0,1.749486910821597,0.0,batch,[3]
96012,equilibrator,1,8192,author_paired_lucb,8,1,8192.0,1.749486910821597,0.0,batch,[8]
96012,equilibrator,1,8192,author_global_voi,8,1,8192.0,1.749486910821597,0.0,batch,[0]
96012,equilibrator,1,8192,author_pivot_voi,8,1,8192.0,1.749486910821597,0.0,batch,[0]
96012,equilibrator,1,16384,pivot_kg,8,2,16384.0,1.749486910821597,0.0,budget_exhausted,"[3, 1]"
96012,equilibrator,1,16384,pivot_kg_stop,8,0,0.0,1.749486910821597,0.0,selection_probability,[]
96012,equilibrator,1,16384,uniform_v2,8,2,16384.0,1.749486910821597,0.0,budget_exhausted,"[5, 0]"
96012,equilibrator,1,16384,ivr_v2,8,2,16384.0,1.749486910821597,0.0,budget_exhausted,"[8, 7]"
96012,equilibrator,1,16384,lucb_v2,8,2,16384.0,1.749486910821597,0.0,budget_exhausted,"[8, 7]"
96012,equilibrator,1,16384,author_random_hf,8,2,16384.0,1.749486910821597,0.0,batch,"[3, 1]"
96012,equilibrator,1,16384,author_paired_lucb,8,2,16384.0,1.749486910821597,0.0,batch,"[8, 7]"
96012,equilibrator,1,16384,author_global_voi,8,2,16384.0,1.749486910821597,0.0,batch,"[0, 1]"
96012,equilibrator,1,16384,author_pivot_voi,8,2,16384.0,1.749486910821597,0.0,batch,"[0, 1]"
96012,equilibrator,1,32768,pivot_kg,8,4,32768.0,1.749486910821597,0.0,budget_exhausted,"[3, 1, 5, 0]"
96012,equilibrator,1,32768,pivot_kg_stop,8,0,0.0,1.749486910821597,0.0,selection_probability,[]
96012,equilibrator,1,32768,uniform_v2,8,4,32768.0,1.749486910821597,0.0,budget_exhausted,"[5, 0, 1, 6]"
96012,equilibrator,1,32768,ivr_v2,8,4,32768.0,1.749486910821597,0.0,budget_exhausted,"[8, 7, 6, 5]"
96012,equilibrator,1,32768,lucb_v2,8,4,32768.0,1.749486910821597,0.0,budget_exhausted,"[8, 7, 6, 5]"
96012,equilibrator,1,32768,author_random_hf,8,4,32768.0,1.749486910821597,0.0,batch,"[3, 1, 7, 5]"
96012,equilibrator,1,32768,author_paired_lucb,8,4,32768.0,1.749486910821597,0.0,batch,"[8, 7, 6, 5]"
96012,equilibrator,1,32768,author_global_voi,8,4,32768.0,1.749486910821597,0.0,batch,"[0, 1, 2, 3]"
96012,equilibrator,1,32768,author_pivot_voi,8,4,32768.0,1.749486910821597,0.0,batch,"[0, 1, 2, 3]"
96012,equilibrator,1,,all_hf_reference,8,9,73728.0,1.749486910821597,0.0,all,"[0, 1, 2, 3, 4, 5, 6, 7, 8]"
96012,equilibrator,8,8192,pivot_kg,8,1,8192.0,0.03633513941483649,0.024622624764988416,budget_exhausted,[8]
96012,equilibrator,8,8192,pivot_kg_stop,8,1,8192.0,0.03633513941483649,0.024622624764988416,budget_exhausted,[8]
96012,equilibrator,8,8192,uniform_v2,0,1,8192.0,0.0,0.0609577641798249,budget_exhausted,[5]
96012,equilibrator,8,8192,ivr_v2,8,1,8192.0,0.03633513941483649,0.024622624764988416,budget_exhausted,[8]
96012,equilibrator,8,8192,lucb_v2,8,1,8192.0,0.03633513941483649,0.024622624764988416,budget_exhausted,[8]
96012,equilibrator,8,,no_hf_v2,0,0,0.0,0.0,0.0609577641798249,no_hf_method,[]
96012,equilibrator,8,,proxy_only,8,0,0.0,0.03633513941483649,0.024622624764988416,no_hf_method,[]
96012,equilibrator,8,8192,author_random_hf,8,1,8192.0,0.03633513941483649,0.024622624764988416,batch,[3]
96012,equilibrator,8,8192,author_paired_lucb,3,1,8192.0,0.04918055320338144,0.011777210976443464,batch,[4]
96012,equilibrator,8,8192,author_global_voi,4,1,8192.0,0.057405157109644445,0.003552607070180458,batch,[0]
96012,equilibrator,8,8192,author_pivot_voi,4,1,8192.0,0.057405157109644445,0.003552607070180458,batch,[0]
96012,equilibrator,8,16384,pivot_kg,8,2,16384.0,0.03633513941483649,0.024622624764988416,budget_exhausted,"[8, 7]"
96012,equilibrator,8,16384,pivot_kg_stop,8,2,16384.0,0.03633513941483649,0.024622624764988416,budget_exhausted,"[8, 7]"
96012,equilibrator,8,16384,uniform_v2,0,2,16384.0,0.0,0.0609577641798249,budget_exhausted,"[5, 0]"
96012,equilibrator,8,16384,ivr_v2,8,2,16384.0,0.03633513941483649,0.024622624764988416,budget_exhausted,"[8, 7]"
96012,equilibrator,8,16384,lucb_v2,8,2,16384.0,0.03633513941483649,0.024622624764988416,budget_exhausted,"[8, 7]"
96012,equilibrator,8,16384,author_random_hf,8,2,16384.0,0.03633513941483649,0.024622624764988416,batch,"[3, 1]"
96012,equilibrator,8,16384,author_paired_lucb,5,2,16384.0,0.0609577641798249,0.0,batch,"[4, 3]"
96012,equilibrator,8,16384,author_global_voi,4,2,16384.0,0.057405157109644445,0.003552607070180458,batch,"[0, 1]"
96012,equilibrator,8,16384,author_pivot_voi,4,2,16384.0,0.057405157109644445,0.003552607070180458,batch,"[0, 1]"
96012,equilibrator,8,32768,pivot_kg,8,4,32768.0,0.03633513941483649,0.024622624764988416,budget_exhausted,"[8, 7, 6, 5]"
96012,equilibrator,8,32768,pivot_kg_stop,8,4,32768.0,0.03633513941483649,0.024622624764988416,budget_exhausted,"[8, 7, 6, 5]"
96012,equilibrator,8,32768,uniform_v2,0,4,32768.0,0.0,0.0609577641798249,budget_exhausted,"[5, 0, 1, 6]"
96012,equilibrator,8,32768,ivr_v2,8,4,32768.0,0.03633513941483649,0.024622624764988416,budget_exhausted,"[8, 7, 6, 5]"
96012,equilibrator,8,32768,lucb_v2,8,4,32768.0,0.03633513941483649,0.024622624764988416,budget_exhausted,"[8, 7, 6, 5]"
96012,equilibrator,8,32768,author_random_hf,8,4,32768.0,0.03633513941483649,0.024622624764988416,batch,"[3, 1, 7, 5]"
96012,equilibrator,8,32768,author_paired_lucb,6,4,32768.0,0.059206608553697665,0.0017511556261272376,batch,"[4, 3, 5, 2]"
96012,equilibrator,8,32768,author_global_voi,4,4,32768.0,0.057405157109644445,0.003552607070180458,batch,"[0, 1, 2, 3]"
96012,equilibrator,8,32768,author_pivot_voi,4,4,32768.0,0.057405157109644445,0.003552607070180458,batch,"[0, 1, 2, 3]"
96012,equilibrator,8,,all_hf_reference,8,9,73728.0,0.03633513941483649,0.024622624764988416,all,"[0, 1, 2, 3, 4, 5, 6, 7, 8]"
96013,exploiter,1,8192,pivot_kg,8,1,8192.0,1.6382478387357995,0.0,budget_exhausted,[7]
96013,exploiter,1,8192,pivot_kg_stop,8,0,0.0,1.6382478387357995,0.0,selection_probability,[]
96013,exploiter,1,8192,uniform_v2,8,1,8192.0,1.6382478387357995,0.0,budget_exhausted,[8]
96013,exploiter,1,8192,ivr_v2,8,1,8192.0,1.6382478387357995,0.0,budget_exhausted,[8]
96013,exploiter,1,8192,lucb_v2,8,1,8192.0,1.6382478387357995,0.0,budget_exhausted,[8]
96013,exploiter,1,,no_hf_v2,8,0,0.0,1.6382478387357995,0.0,no_hf_method,[]
96013,exploiter,1,,proxy_only,8,0,0.0,1.6382478387357995,0.0,no_hf_method,[]
96013,exploiter,1,8192,author_random_hf,8,1,8192.0,1.6382478387357995,0.0,batch,[3]
96013,exploiter,1,8192,author_paired_lucb,7,1,8192.0,1.358965177365331,0.2792826613704684,batch,[8]
96013,exploiter,1,8192,author_global_voi,8,1,8192.0,1.6382478387357995,0.0,batch,[0]
96013,exploiter,1,8192,author_pivot_voi,8,1,8192.0,1.6382478387357995,0.0,batch,[0]
96013,exploiter,1,16384,pivot_kg,8,2,16384.0,1.6382478387357995,0.0,budget_exhausted,"[7, 5]"
96013,exploiter,1,16384,pivot_kg_stop,8,0,0.0,1.6382478387357995,0.0,selection_probability,[]
96013,exploiter,1,16384,uniform_v2,8,2,16384.0,1.6382478387357995,0.0,budget_exhausted,"[8, 6]"
96013,exploiter,1,16384,ivr_v2,8,2,16384.0,1.6382478387357995,0.0,budget_exhausted,"[8, 7]"
96013,exploiter,1,16384,lucb_v2,8,2,16384.0,1.6382478387357995,0.0,budget_exhausted,"[8, 7]"
96013,exploiter,1,16384,author_random_hf,8,2,16384.0,1.6382478387357995,0.0,batch,"[3, 6]"
96013,exploiter,1,16384,author_paired_lucb,8,2,16384.0,1.6382478387357995,0.0,batch,"[8, 7]"
96013,exploiter,1,16384,author_global_voi,8,2,16384.0,1.6382478387357995,0.0,batch,"[0, 1]"
96013,exploiter,1,16384,author_pivot_voi,8,2,16384.0,1.6382478387357995,0.0,batch,"[0, 1]"
96013,exploiter,1,32768,pivot_kg,8,4,32768.0,1.6382478387357995,0.0,budget_exhausted,"[7, 5, 3, 0]"
96013,exploiter,1,32768,pivot_kg_stop,8,0,0.0,1.6382478387357995,0.0,selection_probability,[]
96013,exploiter,1,32768,uniform_v2,8,4,32768.0,1.6382478387357995,0.0,budget_exhausted,"[8, 6, 1, 4]"
96013,exploiter,1,32768,ivr_v2,8,4,32768.0,1.6382478387357995,0.0,budget_exhausted,"[8, 7, 6, 5]"
96013,exploiter,1,32768,lucb_v2,8,4,32768.0,1.6382478387357995,0.0,budget_exhausted,"[8, 7, 6, 5]"
96013,exploiter,1,32768,author_random_hf,7,4,32768.0,1.358965177365331,0.2792826613704684,batch,"[3, 6, 1, 8]"
96013,exploiter,1,32768,author_paired_lucb,8,4,32768.0,1.6382478387357995,0.0,batch,"[8, 7, 6, 5]"
96013,exploiter,1,32768,author_global_voi,8,4,32768.0,1.6382478387357995,0.0,batch,"[0, 1, 2, 3]"
96013,exploiter,1,32768,author_pivot_voi,8,4,32768.0,1.6382478387357995,0.0,batch,"[0, 1, 2, 3]"
96013,exploiter,1,,all_hf_reference,8,9,73728.0,1.6382478387357995,0.0,all,"[0, 1, 2, 3, 4, 5, 6, 7, 8]"
96013,exploiter,8,8192,pivot_kg,0,1,8192.0,0.0,0.0,budget_exhausted,[8]
96013,exploiter,8,8192,pivot_kg_stop,0,1,8192.0,0.0,0.0,budget_exhausted,[8]
96013,exploiter,8,8192,uniform_v2,0,1,8192.0,0.0,0.0,budget_exhausted,[8]
96013,exploiter,8,8192,ivr_v2,0,1,8192.0,0.0,0.0,budget_exhausted,[8]
96013,exploiter,8,8192,lucb_v2,0,1,8192.0,0.0,0.0,budget_exhausted,[8]
96013,exploiter,8,,no_hf_v2,0,0,0.0,0.0,0.0,no_hf_method,[]
96013,exploiter,8,,proxy_only,8,0,0.0,-1.3884032392362586,1.3884032392362586,no_hf_method,[]
96013,exploiter,8,8192,author_random_hf,8,1,8192.0,-1.3884032392362586,1.3884032392362586,batch,[3]
96013,exploiter,8,8192,author_paired_lucb,3,1,8192.0,-0.4916311218381726,0.4916311218381726,batch,[4]
96013,exploiter,8,8192,author_global_voi,4,1,8192.0,-0.6412474329374103,0.6412474329374103,batch,[0]
96013,exploiter,8,8192,author_pivot_voi,4,1,8192.0,-0.6412474329374103,0.6412474329374103,batch,[0]
96013,exploiter,8,16384,pivot_kg,0,2,16384.0,0.0,0.0,budget_exhausted,"[8, 7]"
96013,exploiter,8,16384,pivot_kg_stop,0,2,16384.0,0.0,0.0,budget_exhausted,"[8, 7]"
96013,exploiter,8,16384,uniform_v2,0,2,16384.0,0.0,0.0,budget_exhausted,"[8, 6]"
96013,exploiter,8,16384,ivr_v2,0,2,16384.0,0.0,0.0,budget_exhausted,"[8, 7]"
96013,exploiter,8,16384,lucb_v2,0,2,16384.0,0.0,0.0,budget_exhausted,"[8, 7]"
96013,exploiter,8,16384,author_random_hf,8,2,16384.0,-1.3884032392362586,1.3884032392362586,batch,"[3, 6]"
96013,exploiter,8,16384,author_paired_lucb,5,2,16384.0,-0.8214214348347637,0.8214214348347637,batch,"[4, 3]"
96013,exploiter,8,16384,author_global_voi,4,2,16384.0,-0.6412474329374103,0.6412474329374103,batch,"[0, 1]"
96013,exploiter,8,16384,author_pivot_voi,4,2,16384.0,-0.6412474329374103,0.6412474329374103,batch,"[0, 1]"
96013,exploiter,8,32768,pivot_kg,0,4,32768.0,0.0,0.0,budget_exhausted,"[8, 7, 6, 5]"
96013,exploiter,8,32768,pivot_kg_stop,0,4,32768.0,0.0,0.0,budget_exhausted,"[8, 7, 6, 5]"
96013,exploiter,8,32768,uniform_v2,0,4,32768.0,0.0,0.0,budget_exhausted,"[8, 6, 1, 4]"
96013,exploiter,8,32768,ivr_v2,0,4,32768.0,0.0,0.0,budget_exhausted,"[8, 7, 6, 5]"
96013,exploiter,8,32768,lucb_v2,0,4,32768.0,0.0,0.0,budget_exhausted,"[8, 7, 6, 5]"
96013,exploiter,8,32768,author_random_hf,7,4,32768.0,-1.191723084343233,1.191723084343233,batch,"[3, 6, 1, 8]"
96013,exploiter,8,32768,author_paired_lucb,6,4,32768.0,-1.0071501889073171,1.0071501889073171,batch,"[4, 3, 5, 2]"
96013,exploiter,8,32768,author_global_voi,4,4,32768.0,-0.6412474329374103,0.6412474329374103,batch,"[0, 1, 2, 3]"
96013,exploiter,8,32768,author_pivot_voi,4,4,32768.0,-0.6412474329374103,0.6412474329374103,batch,"[0, 1, 2, 3]"
96013,exploiter,8,,all_hf_reference,0,9,73728.0,0.0,0.0,all,"[0, 1, 2, 3, 4, 5, 6, 7, 8]"
96014,equilibrator,1,8192,pivot_kg,8,1,8192.0,1.412496500579213,0.0,budget_exhausted,[8]
96014,equilibrator,1,8192,pivot_kg_stop,8,1,8192.0,1.412496500579213,0.0,budget_exhausted,[8]
96014,equilibrator,1,8192,uniform_v2,8,1,8192.0,1.412496500579213,0.0,budget_exhausted,[1]
96014,equilibrator,1,8192,ivr_v2,8,1,8192.0,1.412496500579213,0.0,budget_exhausted,[8]
96014,equilibrator,1,8192,lucb_v2,8,1,8192.0,1.412496500579213,0.0,budget_exhausted,[8]
96014,equilibrator,1,,no_hf_v2,8,0,0.0,1.412496500579213,0.0,no_hf_method,[]
96014,equilibrator,1,,proxy_only,8,0,0.0,1.412496500579213,0.0,no_hf_method,[]
96014,equilibrator,1,8192,author_random_hf,8,1,8192.0,1.412496500579213,0.0,batch,[3]
96014,equilibrator,1,8192,author_paired_lucb,8,1,8192.0,1.412496500579213,0.0,batch,[8]
96014,equilibrator,1,8192,author_global_voi,8,1,8192.0,1.412496500579213,0.0,batch,[0]
96014,equilibrator,1,8192,author_pivot_voi,8,1,8192.0,1.412496500579213,0.0,batch,[0]
96014,equilibrator,1,16384,pivot_kg,8,2,16384.0,1.412496500579213,0.0,budget_exhausted,"[8, 4]"
96014,equilibrator,1,16384,pivot_kg_stop,8,2,16384.0,1.412496500579213,0.0,budget_exhausted,"[8, 7]"
96014,equilibrator,1,16384,uniform_v2,8,2,16384.0,1.412496500579213,0.0,budget_exhausted,"[1, 8]"
96014,equilibrator,1,16384,ivr_v2,8,2,16384.0,1.412496500579213,0.0,budget_exhausted,"[8, 7]"
96014,equilibrator,1,16384,lucb_v2,8,2,16384.0,1.412496500579213,0.0,budget_exhausted,"[8, 7]"
96014,equilibrator,1,16384,author_random_hf,8,2,16384.0,1.412496500579213,0.0,batch,"[3, 5]"
96014,equilibrator,1,16384,author_paired_lucb,8,2,16384.0,1.412496500579213,0.0,batch,"[8, 7]"
96014,equilibrator,1,16384,author_global_voi,8,2,16384.0,1.412496500579213,0.0,batch,"[0, 1]"
96014,equilibrator,1,16384,author_pivot_voi,8,2,16384.0,1.412496500579213,0.0,batch,"[0, 1]"
96014,equilibrator,1,32768,pivot_kg,8,4,32768.0,1.412496500579213,0.0,budget_exhausted,"[8, 4, 5, 0]"
96014,equilibrator,1,32768,pivot_kg_stop,8,4,32768.0,1.412496500579213,0.0,budget_exhausted,"[8, 7, 0, 2]"
96014,equilibrator,1,32768,uniform_v2,8,4,32768.0,1.412496500579213,0.0,budget_exhausted,"[1, 8, 3, 5]"
96014,equilibrator,1,32768,ivr_v2,8,4,32768.0,1.412496500579213,0.0,budget_exhausted,"[8, 7, 6, 5]"
96014,equilibrator,1,32768,lucb_v2,8,4,32768.0,1.412496500579213,0.0,budget_exhausted,"[8, 7, 6, 5]"
96014,equilibrator,1,32768,author_random_hf,8,4,32768.0,1.412496500579213,0.0,batch,"[3, 5, 1, 8]"
96014,equilibrator,1,32768,author_paired_lucb,8,4,32768.0,1.412496500579213,0.0,batch,"[8, 7, 6, 5]"
96014,equilibrator,1,32768,author_global_voi,8,4,32768.0,1.412496500579213,0.0,batch,"[0, 1, 2, 3]"
96014,equilibrator,1,32768,author_pivot_voi,8,4,32768.0,1.412496500579213,0.0,batch,"[0, 1, 2, 3]"
96014,equilibrator,1,,all_hf_reference,8,9,73728.0,1.412496500579213,0.0,all,"[0, 1, 2, 3, 4, 5, 6, 7, 8]"
96014,equilibrator,8,8192,pivot_kg,8,1,8192.0,0.20496623439469525,0.0,budget_exhausted,[8]
96014,equilibrator,8,8192,pivot_kg_stop,8,1,8192.0,0.20496623439469525,0.0,budget_exhausted,[8]
96014,equilibrator,8,8192,uniform_v2,0,1,8192.0,0.0,0.20496623439469525,budget_exhausted,[1]
96014,equilibrator,8,8192,ivr_v2,8,1,8192.0,0.20496623439469525,0.0,budget_exhausted,[8]
96014,equilibrator,8,8192,lucb_v2,8,1,8192.0,0.20496623439469525,0.0,budget_exhausted,[8]
96014,equilibrator,8,,no_hf_v2,0,0,0.0,0.0,0.20496623439469525,no_hf_method,[]
96014,equilibrator,8,,proxy_only,8,0,0.0,0.20496623439469525,0.0,no_hf_method,[]
96014,equilibrator,8,8192,author_random_hf,8,1,8192.0,0.20496623439469525,0.0,batch,[3]
96014,equilibrator,8,8192,author_paired_lucb,3,1,8192.0,0.08406159314583742,0.12090464124885783,batch,[4]
96014,equilibrator,8,8192,author_global_voi,4,1,8192.0,0.11017253993636153,0.09479369445833372,batch,[0]
96014,equilibrator,8,8192,author_pivot_voi,4,1,8192.0,0.11017253993636153,0.09479369445833372,batch,[0]
96014,equilibrator,8,16384,pivot_kg,8,2,16384.0,0.20496623439469525,0.0,budget_exhausted,"[8, 7]"
96014,equilibrator,8,16384,pivot_kg_stop,8,2,16384.0,0.20496623439469525,0.0,budget_exhausted,"[8, 7]"
96014,equilibrator,8,16384,uniform_v2,8,2,16384.0,0.20496623439469525,0.0,budget_exhausted,"[1, 8]"
96014,equilibrator,8,16384,ivr_v2,8,2,16384.0,0.20496623439469525,0.0,budget_exhausted,"[8, 7]"
96014,equilibrator,8,16384,lucb_v2,8,2,16384.0,0.20496623439469525,0.0,budget_exhausted,"[8, 7]"
96014,equilibrator,8,16384,author_random_hf,8,2,16384.0,0.20496623439469525,0.0,batch,"[3, 5]"
96014,equilibrator,8,16384,author_paired_lucb,5,2,16384.0,0.1357903406171257,0.06917589377756955,batch,"[4, 3]"
96014,equilibrator,8,16384,author_global_voi,4,2,16384.0,0.11017253993636153,0.09479369445833372,batch,"[0, 1]"
96014,equilibrator,8,16384,author_pivot_voi,4,2,16384.0,0.11017253993636153,0.09479369445833372,batch,"[0, 1]"
96014,equilibrator,8,32768,pivot_kg,8,4,32768.0,0.20496623439469525,0.0,budget_exhausted,"[8, 7, 6, 5]"
96014,equilibrator,8,32768,pivot_kg_stop,8,4,32768.0,0.20496623439469525,0.0,budget_exhausted,"[8, 7, 6, 5]"
96014,equilibrator,8,32768,uniform_v2,8,4,32768.0,0.20496623439469525,0.0,budget_exhausted,"[1, 8, 3, 5]"
96014,equilibrator,8,32768,ivr_v2,8,4,32768.0,0.20496623439469525,0.0,budget_exhausted,"[8, 7, 6, 5]"
96014,equilibrator,8,32768,lucb_v2,8,4,32768.0,0.20496623439469525,0.0,budget_exhausted,"[8, 7, 6, 5]"
96014,equilibrator,8,32768,author_random_hf,7,4,32768.0,0.1840334763930019,0.020932758001693336,batch,"[3, 5, 1, 8]"
96014,equilibrator,8,32768,author_paired_lucb,3,4,32768.0,0.08406159314583742,0.12090464124885783,batch,"[4, 3, 5, 2]"
96014,equilibrator,8,32768,author_global_voi,4,4,32768.0,0.11017253993636153,0.09479369445833372,batch,"[0, 1, 2, 3]"
96014,equilibrator,8,32768,author_pivot_voi,4,4,32768.0,0.11017253993636153,0.09479369445833372,batch,"[0, 1, 2, 3]"
96014,equilibrator,8,,all_hf_reference,8,9,73728.0,0.20496623439469525,0.0,all,"[0, 1, 2, 3, 4, 5, 6, 7, 8]"
96015,exploiter,1,8192,pivot_kg,8,1,8192.0,1.9339819583795932,0.0,budget_exhausted,[5]
96015,exploiter,1,8192,pivot_kg_stop,8,0,0.0,1.9339819583795932,0.0,selection_probability,[]
96015,exploiter,1,8192,uniform_v2,8,1,8192.0,1.9339819583795932,0.0,budget_exhausted,[1]
96015,exploiter,1,8192,ivr_v2,8,1,8192.0,1.9339819583795932,0.0,budget_exhausted,[8]
96015,exploiter,1,8192,lucb_v2,8,1,8192.0,1.9339819583795932,0.0,budget_exhausted,[8]
96015,exploiter,1,,no_hf_v2,8,0,0.0,1.9339819583795932,0.0,no_hf_method,[]
96015,exploiter,1,,proxy_only,8,0,0.0,1.9339819583795932,0.0,no_hf_method,[]
96015,exploiter,1,8192,author_random_hf,8,1,8192.0,1.9339819583795932,0.0,batch,[4]
96015,exploiter,1,8192,author_paired_lucb,8,1,8192.0,1.9339819583795932,0.0,batch,[8]
96015,exploiter,1,8192,author_global_voi,8,1,8192.0,1.9339819583795932,0.0,batch,[0]
96015,exploiter,1,8192,author_pivot_voi,8,1,8192.0,1.9339819583795932,0.0,batch,[0]
96015,exploiter,1,16384,pivot_kg,8,2,16384.0,1.9339819583795932,0.0,budget_exhausted,"[5, 3]"
96015,exploiter,1,16384,pivot_kg_stop,8,0,0.0,1.9339819583795932,0.0,selection_probability,[]
96015,exploiter,1,16384,uniform_v2,8,2,16384.0,1.9339819583795932,0.0,budget_exhausted,"[1, 2]"
96015,exploiter,1,16384,ivr_v2,8,2,16384.0,1.9339819583795932,0.0,budget_exhausted,"[8, 7]"
96015,exploiter,1,16384,lucb_v2,8,2,16384.0,1.9339819583795932,0.0,budget_exhausted,"[8, 7]"
96015,exploiter,1,16384,author_random_hf,8,2,16384.0,1.9339819583795932,0.0,batch,"[4, 6]"
96015,exploiter,1,16384,author_paired_lucb,8,2,16384.0,1.9339819583795932,0.0,batch,"[8, 7]"
96015,exploiter,1,16384,author_global_voi,8,2,16384.0,1.9339819583795932,0.0,batch,"[0, 1]"
96015,exploiter,1,16384,author_pivot_voi,8,2,16384.0,1.9339819583795932,0.0,batch,"[0, 1]"
96015,exploiter,1,32768,pivot_kg,8,4,32768.0,1.9339819583795932,0.0,budget_exhausted,"[5, 3, 1, 6]"
96015,exploiter,1,32768,pivot_kg_stop,8,0,0.0,1.9339819583795932,0.0,selection_probability,[]
96015,exploiter,1,32768,uniform_v2,8,4,32768.0,1.9339819583795932,0.0,budget_exhausted,"[1, 2, 3, 6]"
96015,exploiter,1,32768,ivr_v2,8,4,32768.0,1.9339819583795932,0.0,budget_exhausted,"[8, 7, 6, 5]"
96015,exploiter,1,32768,lucb_v2,8,4,32768.0,1.9339819583795932,0.0,budget_exhausted,"[8, 7, 6, 5]"
96015,exploiter,1,32768,author_random_hf,7,4,32768.0,1.6007169010143367,0.33326505736525647,batch,"[4, 6, 8, 0]"
96015,exploiter,1,32768,author_paired_lucb,8,4,32768.0,1.9339819583795932,0.0,batch,"[8, 7, 6, 5]"
96015,exploiter,1,32768,author_global_voi,8,4,32768.0,1.9339819583795932,0.0,batch,"[0, 1, 2, 3]"
96015,exploiter,1,32768,author_pivot_voi,8,4,32768.0,1.9339819583795932,0.0,batch,"[0, 1, 2, 3]"
96015,exploiter,1,,all_hf_reference,8,9,73728.0,1.9339819583795932,0.0,all,"[0, 1, 2, 3, 4, 5, 6, 7, 8]"
96015,exploiter,8,8192,pivot_kg,0,1,8192.0,0.0,0.0,budget_exhausted,[8]
96015,exploiter,8,8192,pivot_kg_stop,0,1,8192.0,0.0,0.0,budget_exhausted,[8]
96015,exploiter,8,8192,uniform_v2,8,1,8192.0,-1.063842896016907,1.063842896016907,budget_exhausted,[1]
96015,exploiter,8,8192,ivr_v2,0,1,8192.0,0.0,0.0,budget_exhausted,[8]
96015,exploiter,8,8192,lucb_v2,0,1,8192.0,0.0,0.0,budget_exhausted,[8]
96015,exploiter,8,,no_hf_v2,8,0,0.0,-1.063842896016907,1.063842896016907,no_hf_method,[]
96015,exploiter,8,,proxy_only,8,0,0.0,-1.063842896016907,1.063842896016907,no_hf_method,[]
96015,exploiter,8,8192,author_random_hf,8,1,8192.0,-1.063842896016907,1.063842896016907,batch,[4]
96015,exploiter,8,8192,author_paired_lucb,5,1,8192.0,-0.6708895743362815,0.6708895743362815,batch,[4]
96015,exploiter,8,8192,author_global_voi,4,1,8192.0,-0.6628876688793892,0.6628876688793892,batch,[0]
96015,exploiter,8,8192,author_pivot_voi,4,1,8192.0,-0.6628876688793892,0.6628876688793892,batch,[0]
96015,exploiter,8,16384,pivot_kg,0,2,16384.0,0.0,0.0,budget_exhausted,"[8, 7]"
96015,exploiter,8,16384,pivot_kg_stop,0,2,16384.0,0.0,0.0,budget_exhausted,"[8, 7]"
96015,exploiter,8,16384,uniform_v2,0,2,16384.0,0.0,0.0,budget_exhausted,"[1, 2]"
96015,exploiter,8,16384,ivr_v2,0,2,16384.0,0.0,0.0,budget_exhausted,"[8, 7]"
96015,exploiter,8,16384,lucb_v2,0,2,16384.0,0.0,0.0,budget_exhausted,"[8, 7]"
96015,exploiter,8,16384,author_random_hf,8,2,16384.0,-1.063842896016907,1.063842896016907,batch,"[4, 6]"
96015,exploiter,8,16384,author_paired_lucb,3,2,16384.0,-0.5026718625637722,0.5026718625637722,batch,"[4, 5]"
96015,exploiter,8,16384,author_global_voi,4,2,16384.0,-0.6628876688793892,0.6628876688793892,batch,"[0, 1]"
96015,exploiter,8,16384,author_pivot_voi,4,2,16384.0,-0.6628876688793892,0.6628876688793892,batch,"[0, 1]"
96015,exploiter,8,32768,pivot_kg,0,4,32768.0,0.0,0.0,budget_exhausted,"[8, 7, 6, 5]"
96015,exploiter,8,32768,pivot_kg_stop,0,4,32768.0,0.0,0.0,budget_exhausted,"[8, 7, 6, 5]"
96015,exploiter,8,32768,uniform_v2,0,4,32768.0,0.0,0.0,budget_exhausted,"[1, 2, 3, 6]"
96015,exploiter,8,32768,ivr_v2,0,4,32768.0,0.0,0.0,budget_exhausted,"[8, 7, 6, 5]"
96015,exploiter,8,32768,lucb_v2,0,4,32768.0,0.0,0.0,budget_exhausted,"[8, 7, 6, 5]"
96015,exploiter,8,32768,author_random_hf,7,4,32768.0,-0.9053283177321676,0.9053283177321676,batch,"[4, 6, 8, 0]"
96015,exploiter,8,32768,author_paired_lucb,2,4,32768.0,-0.35040036910624256,0.35040036910624256,batch,"[4, 5, 3, 6]"
96015,exploiter,8,32768,author_global_voi,4,4,32768.0,-0.6628876688793892,0.6628876688793892,batch,"[0, 1, 2, 3]"
96015,exploiter,8,32768,author_pivot_voi,4,4,32768.0,-0.6628876688793892,0.6628876688793892,batch,"[0, 1, 2, 3]"
96015,exploiter,8,,all_hf_reference,0,9,73728.0,0.0,0.0,all,"[0, 1, 2, 3, 4, 5, 6, 7, 8]"
96016,equilibrator,1,8192,pivot_kg,8,1,8192.0,2.1356137695731605,0.0,budget_exhausted,[7]
96016,equilibrator,1,8192,pivot_kg_stop,8,0,0.0,2.1356137695731605,0.0,selection_probability,[]
96016,equilibrator,1,8192,uniform_v2,8,1,8192.0,2.1356137695731605,0.0,budget_exhausted,[1]
96016,equilibrator,1,8192,ivr_v2,8,1,8192.0,2.1356137695731605,0.0,budget_exhausted,[8]
96016,equilibrator,1,8192,lucb_v2,8,1,8192.0,2.1356137695731605,0.0,budget_exhausted,[8]
96016,equilibrator,1,,no_hf_v2,8,0,0.0,2.1356137695731605,0.0,no_hf_method,[]
96016,equilibrator,1,,proxy_only,8,0,0.0,2.1356137695731605,0.0,no_hf_method,[]
96016,equilibrator,1,8192,author_random_hf,8,1,8192.0,2.1356137695731605,0.0,batch,[6]
96016,equilibrator,1,8192,author_paired_lucb,8,1,8192.0,2.1356137695731605,0.0,batch,[8]
96016,equilibrator,1,8192,author_global_voi,8,1,8192.0,2.1356137695731605,0.0,batch,[0]
96016,equilibrator,1,8192,author_pivot_voi,8,1,8192.0,2.1356137695731605,0.0,batch,[0]
96016,equilibrator,1,16384,pivot_kg,8,2,16384.0,2.1356137695731605,0.0,budget_exhausted,"[7, 4]"
96016,equilibrator,1,16384,pivot_kg_stop,8,0,0.0,2.1356137695731605,0.0,selection_probability,[]
96016,equilibrator,1,16384,uniform_v2,8,2,16384.0,2.1356137695731605,0.0,budget_exhausted,"[1, 3]"
96016,equilibrator,1,16384,ivr_v2,8,2,16384.0,2.1356137695731605,0.0,budget_exhausted,"[8, 7]"
96016,equilibrator,1,16384,lucb_v2,8,2,16384.0,2.1356137695731605,0.0,budget_exhausted,"[8, 7]"
96016,equilibrator,1,16384,author_random_hf,8,2,16384.0,2.1356137695731605,0.0,batch,"[6, 5]"
96016,equilibrator,1,16384,author_paired_lucb,8,2,16384.0,2.1356137695731605,0.0,batch,"[8, 7]"
96016,equilibrator,1,16384,author_global_voi,8,2,16384.0,2.1356137695731605,0.0,batch,"[0, 1]"
96016,equilibrator,1,16384,author_pivot_voi,8,2,16384.0,2.1356137695731605,0.0,batch,"[0, 1]"
96016,equilibrator,1,32768,pivot_kg,8,4,32768.0,2.1356137695731605,0.0,budget_exhausted,"[7, 4, 3, 8]"
96016,equilibrator,1,32768,pivot_kg_stop,8,0,0.0,2.1356137695731605,0.0,selection_probability,[]
96016,equilibrator,1,32768,uniform_v2,8,4,32768.0,2.1356137695731605,0.0,budget_exhausted,"[1, 3, 0, 7]"
96016,equilibrator,1,32768,ivr_v2,8,4,32768.0,2.1356137695731605,0.0,budget_exhausted,"[8, 7, 6, 5]"
96016,equilibrator,1,32768,lucb_v2,8,4,32768.0,2.1356137695731605,0.0,budget_exhausted,"[8, 7, 6, 5]"
96016,equilibrator,1,32768,author_random_hf,8,4,32768.0,2.1356137695731605,0.0,batch,"[6, 5, 8, 7]"
96016,equilibrator,1,32768,author_paired_lucb,8,4,32768.0,2.1356137695731605,0.0,batch,"[8, 7, 6, 5]"
96016,equilibrator,1,32768,author_global_voi,8,4,32768.0,2.1356137695731605,0.0,batch,"[0, 1, 2, 3]"
96016,equilibrator,1,32768,author_pivot_voi,8,4,32768.0,2.1356137695731605,0.0,batch,"[0, 1, 2, 3]"
96016,equilibrator,1,,all_hf_reference,8,9,73728.0,2.1356137695731605,0.0,all,"[0, 1, 2, 3, 4, 5, 6, 7, 8]"
96016,equilibrator,8,8192,pivot_kg,7,1,8192.0,0.2011894580717853,0.005313635982288012,budget_exhausted,[8]
96016,equilibrator,8,8192,pivot_kg_stop,7,1,8192.0,0.2011894580717853,0.005313635982288012,budget_exhausted,[8]
96016,equilibrator,8,8192,uniform_v2,8,1,8192.0,0.2065030940540733,0.0,budget_exhausted,[1]
96016,equilibrator,8,8192,ivr_v2,7,1,8192.0,0.2011894580717853,0.005313635982288012,budget_exhausted,[8]
96016,equilibrator,8,8192,lucb_v2,7,1,8192.0,0.2011894580717853,0.005313635982288012,budget_exhausted,[8]
96016,equilibrator,8,,no_hf_v2,8,0,0.0,0.2065030940540733,0.0,no_hf_method,[]
96016,equilibrator,8,,proxy_only,8,0,0.0,0.2065030940540733,0.0,no_hf_method,[]
96016,equilibrator,8,8192,author_random_hf,8,1,8192.0,0.2065030940540733,0.0,batch,[6]
96016,equilibrator,8,8192,author_paired_lucb,5,1,8192.0,0.16985094055558664,0.03665215349848666,batch,[4]
96016,equilibrator,8,8192,author_global_voi,4,1,8192.0,0.14485098191869866,0.06165211213537464,batch,[0]
96016,equilibrator,8,8192,author_pivot_voi,4,1,8192.0,0.14485098191869866,0.06165211213537464,batch,[0]
96016,equilibrator,8,16384,pivot_kg,7,2,16384.0,0.2011894580717853,0.005313635982288012,budget_exhausted,"[8, 7]"
96016,equilibrator,8,16384,pivot_kg_stop,7,2,16384.0,0.2011894580717853,0.005313635982288012,budget_exhausted,"[8, 7]"
96016,equilibrator,8,16384,uniform_v2,8,2,16384.0,0.2065030940540733,0.0,budget_exhausted,"[1, 3]"
96016,equilibrator,8,16384,ivr_v2,7,2,16384.0,0.2011894580717853,0.005313635982288012,budget_exhausted,"[8, 7]"
96016,equilibrator,8,16384,lucb_v2,7,2,16384.0,0.2011894580717853,0.005313635982288012,budget_exhausted,"[8, 7]"
96016,equilibrator,8,16384,author_random_hf,8,2,16384.0,0.2065030940540733,0.0,batch,"[6, 5]"
96016,equilibrator,8,16384,author_paired_lucb,3,2,16384.0,0.11450655593761566,0.09199653811645764,batch,"[4, 5]"
96016,equilibrator,8,16384,author_global_voi,4,2,16384.0,0.14485098191869866,0.06165211213537464,batch,"[0, 1]"
96016,equilibrator,8,16384,author_pivot_voi,4,2,16384.0,0.14485098191869866,0.06165211213537464,batch,"[0, 1]"
96016,equilibrator,8,32768,pivot_kg,7,4,32768.0,0.2011894580717853,0.005313635982288012,budget_exhausted,"[8, 7, 6, 5]"
96016,equilibrator,8,32768,pivot_kg_stop,7,4,32768.0,0.2011894580717853,0.005313635982288012,budget_exhausted,"[8, 7, 6, 5]"
96016,equilibrator,8,32768,uniform_v2,8,4,32768.0,0.2065030940540733,0.0,budget_exhausted,"[1, 3, 0, 7]"
96016,equilibrator,8,32768,ivr_v2,7,4,32768.0,0.2011894580717853,0.005313635982288012,budget_exhausted,"[8, 7, 6, 5]"
96016,equilibrator,8,32768,lucb_v2,7,4,32768.0,0.2011894580717853,0.005313635982288012,budget_exhausted,"[8, 7, 6, 5]"
96016,equilibrator,8,32768,author_random_hf,4,4,32768.0,0.14485098191869866,0.06165211213537464,batch,"[6, 5, 8, 7]"
96016,equilibrator,8,32768,author_paired_lucb,2,4,32768.0,0.0796192000263235,0.1268838940277498,batch,"[4, 5, 3, 6]"
96016,equilibrator,8,32768,author_global_voi,4,4,32768.0,0.14485098191869866,0.06165211213537464,batch,"[0, 1, 2, 3]"
96016,equilibrator,8,32768,author_pivot_voi,4,4,32768.0,0.14485098191869866,0.06165211213537464,batch,"[0, 1, 2, 3]"
96016,equilibrator,8,,all_hf_reference,7,9,73728.0,0.2011894580717853,0.005313635982288012,all,"[0, 1, 2, 3, 4, 5, 6, 7, 8]"
96017,exploiter,1,8192,pivot_kg,8,1,8192.0,0.6427020111080821,0.0,budget_exhausted,[8]
96017,exploiter,1,8192,pivot_kg_stop,8,1,8192.0,0.6427020111080821,0.0,budget_exhausted,[8]
96017,exploiter,1,8192,uniform_v2,8,1,8192.0,0.6427020111080821,0.0,budget_exhausted,[2]
96017,exploiter,1,8192,ivr_v2,8,1,8192.0,0.6427020111080821,0.0,budget_exhausted,[8]
96017,exploiter,1,8192,lucb_v2,8,1,8192.0,0.6427020111080821,0.0,budget_exhausted,[8]
96017,exploiter,1,,no_hf_v2,8,0,0.0,0.6427020111080821,0.0,no_hf_method,[]
96017,exploiter,1,,proxy_only,8,0,0.0,0.6427020111080821,0.0,no_hf_method,[]
96017,exploiter,1,8192,author_random_hf,8,1,8192.0,0.6427020111080821,0.0,batch,[0]
96017,exploiter,1,8192,author_paired_lucb,8,1,8192.0,0.6427020111080821,0.0,batch,[8]
96017,exploiter,1,8192,author_global_voi,8,1,8192.0,0.6427020111080821,0.0,batch,[0]
96017,exploiter,1,8192,author_pivot_voi,8,1,8192.0,0.6427020111080821,0.0,batch,[0]
96017,exploiter,1,16384,pivot_kg,8,2,16384.0,0.6427020111080821,0.0,budget_exhausted,"[8, 4]"
96017,exploiter,1,16384,pivot_kg_stop,8,2,16384.0,0.6427020111080821,0.0,budget_exhausted,"[8, 6]"
96017,exploiter,1,16384,uniform_v2,8,2,16384.0,0.6427020111080821,0.0,budget_exhausted,"[2, 4]"
96017,exploiter,1,16384,ivr_v2,8,2,16384.0,0.6427020111080821,0.0,budget_exhausted,"[8, 7]"
96017,exploiter,1,16384,lucb_v2,8,2,16384.0,0.6427020111080821,0.0,budget_exhausted,"[8, 7]"
96017,exploiter,1,16384,author_random_hf,7,2,16384.0,0.5662295851238186,0.07647242598426351,batch,"[0, 8]"
96017,exploiter,1,16384,author_paired_lucb,8,2,16384.0,0.6427020111080821,0.0,batch,"[8, 7]"
96017,exploiter,1,16384,author_global_voi,8,2,16384.0,0.6427020111080821,0.0,batch,"[0, 1]"
96017,exploiter,1,16384,author_pivot_voi,8,2,16384.0,0.6427020111080821,0.0,batch,"[0, 1]"
96017,exploiter,1,32768,pivot_kg,8,4,32768.0,0.6427020111080821,0.0,budget_exhausted,"[8, 4, 5, 7]"
96017,exploiter,1,32768,pivot_kg_stop,8,4,32768.0,0.6427020111080821,0.0,budget_exhausted,"[8, 6, 2, 0]"
96017,exploiter,1,32768,uniform_v2,8,4,32768.0,0.6427020111080821,0.0,budget_exhausted,"[2, 4, 5, 6]"
96017,exploiter,1,32768,ivr_v2,8,4,32768.0,0.6427020111080821,0.0,budget_exhausted,"[8, 7, 6, 5]"
96017,exploiter,1,32768,lucb_v2,8,4,32768.0,0.6427020111080821,0.0,budget_exhausted,"[8, 7, 6, 5]"
96017,exploiter,1,32768,author_random_hf,7,4,32768.0,0.5662295851238186,0.07647242598426351,batch,"[0, 8, 6, 3]"
96017,exploiter,1,32768,author_paired_lucb,8,4,32768.0,0.6427020111080821,0.0,batch,"[8, 7, 6, 5]"
96017,exploiter,1,32768,author_global_voi,8,4,32768.0,0.6427020111080821,0.0,batch,"[0, 1, 2, 3]"
96017,exploiter,1,32768,author_pivot_voi,8,4,32768.0,0.6427020111080821,0.0,batch,"[0, 1, 2, 3]"
96017,exploiter,1,,all_hf_reference,8,9,73728.0,0.6427020111080821,0.0,all,"[0, 1, 2, 3, 4, 5, 6, 7, 8]"
96017,exploiter,8,8192,pivot_kg,0,1,8192.0,0.0,0.0,budget_exhausted,[8]
96017,exploiter,8,8192,pivot_kg_stop,0,1,8192.0,0.0,0.0,budget_exhausted,[8]
96017,exploiter,8,8192,uniform_v2,0,1,8192.0,0.0,0.0,budget_exhausted,[2]
96017,exploiter,8,8192,ivr_v2,0,1,8192.0,0.0,0.0,budget_exhausted,[8]
96017,exploiter,8,8192,lucb_v2,0,1,8192.0,0.0,0.0,budget_exhausted,[8]
96017,exploiter,8,,no_hf_v2,0,0,0.0,0.0,0.0,no_hf_method,[]
96017,exploiter,8,,proxy_only,8,0,0.0,-1.0653706725320466,1.0653706725320466,no_hf_method,[]
96017,exploiter,8,8192,author_random_hf,8,1,8192.0,-1.0653706725320466,1.0653706725320466,batch,[0]
96017,exploiter,8,8192,author_paired_lucb,3,1,8192.0,-0.3223631810708221,0.3223631810708221,batch,[4]
96017,exploiter,8,8192,author_global_voi,4,1,8192.0,-0.4326320338520007,0.4326320338520007,batch,[0]
96017,exploiter,8,8192,author_pivot_voi,4,1,8192.0,-0.4326320338520007,0.4326320338520007,batch,[0]
96017,exploiter,8,16384,pivot_kg,0,2,16384.0,0.0,0.0,budget_exhausted,"[8, 7]"
96017,exploiter,8,16384,pivot_kg_stop,0,2,16384.0,0.0,0.0,budget_exhausted,"[8, 7]"
96017,exploiter,8,16384,uniform_v2,0,2,16384.0,0.0,0.0,budget_exhausted,"[2, 4]"
96017,exploiter,8,16384,ivr_v2,0,2,16384.0,0.0,0.0,budget_exhausted,"[8, 7]"
96017,exploiter,8,16384,lucb_v2,0,2,16384.0,0.0,0.0,budget_exhausted,"[8, 7]"
96017,exploiter,8,16384,author_random_hf,7,2,16384.0,-0.8583121781218956,0.8583121781218956,batch,"[0, 8]"
96017,exploiter,8,16384,author_paired_lucb,2,2,16384.0,-0.21425250718969657,0.21425250718969657,batch,"[4, 3]"
96017,exploiter,8,16384,author_global_voi,4,2,16384.0,-0.4326320338520007,0.4326320338520007,batch,"[0, 1]"
96017,exploiter,8,16384,author_pivot_voi,4,2,16384.0,-0.4326320338520007,0.4326320338520007,batch,"[0, 1]"
96017,exploiter,8,32768,pivot_kg,0,4,32768.0,0.0,0.0,budget_exhausted,"[8, 7, 6, 5]"
96017,exploiter,8,32768,pivot_kg_stop,0,4,32768.0,0.0,0.0,budget_exhausted,"[8, 7, 6, 5]"
96017,exploiter,8,32768,uniform_v2,0,4,32768.0,0.0,0.0,budget_exhausted,"[2, 4, 5, 6]"
96017,exploiter,8,32768,ivr_v2,0,4,32768.0,0.0,0.0,budget_exhausted,"[8, 7, 6, 5]"
96017,exploiter,8,32768,lucb_v2,0,4,32768.0,0.0,0.0,budget_exhausted,"[8, 7, 6, 5]"
96017,exploiter,8,32768,author_random_hf,7,4,32768.0,-0.8583121781218956,0.8583121781218956,batch,"[0, 8, 6, 3]"
96017,exploiter,8,32768,author_paired_lucb,9,4,32768.0,0.0,0.0,batch,"[4, 3, 2, 5]"
96017,exploiter,8,32768,author_global_voi,4,4,32768.0,-0.4326320338520007,0.4326320338520007,batch,"[0, 1, 2, 3]"
96017,exploiter,8,32768,author_pivot_voi,4,4,32768.0,-0.4326320338520007,0.4326320338520007,batch,"[0, 1, 2, 3]"
96017,exploiter,8,,all_hf_reference,0,9,73728.0,0.0,0.0,all,"[0, 1, 2, 3, 4, 5, 6, 7, 8]"
96018,equilibrator,1,8192,pivot_kg,8,1,8192.0,1.3117802198234616,0.0,budget_exhausted,[8]
96018,equilibrator,1,8192,pivot_kg_stop,8,1,8192.0,1.3117802198234616,0.0,budget_exhausted,[8]
96018,equilibrator,1,8192,uniform_v2,8,1,8192.0,1.3117802198234616,0.0,budget_exhausted,[4]
96018,equilibrator,1,8192,ivr_v2,8,1,8192.0,1.3117802198234616,0.0,budget_exhausted,[8]
96018,equilibrator,1,8192,lucb_v2,8,1,8192.0,1.3117802198234616,0.0,budget_exhausted,[8]
96018,equilibrator,1,,no_hf_v2,8,0,0.0,1.3117802198234616,0.0,no_hf_method,[]
96018,equilibrator,1,,proxy_only,8,0,0.0,1.3117802198234616,0.0,no_hf_method,[]
96018,equilibrator,1,8192,author_random_hf,8,1,8192.0,1.3117802198234616,0.0,batch,[6]
96018,equilibrator,1,8192,author_paired_lucb,8,1,8192.0,1.3117802198234616,0.0,batch,[8]
96018,equilibrator,1,8192,author_global_voi,8,1,8192.0,1.3117802198234616,0.0,batch,[0]
96018,equilibrator,1,8192,author_pivot_voi,8,1,8192.0,1.3117802198234616,0.0,batch,[0]
96018,equilibrator,1,16384,pivot_kg,8,2,16384.0,1.3117802198234616,0.0,budget_exhausted,"[8, 3]"
96018,equilibrator,1,16384,pivot_kg_stop,8,2,16384.0,1.3117802198234616,0.0,budget_exhausted,"[8, 2]"
96018,equilibrator,1,16384,uniform_v2,8,2,16384.0,1.3117802198234616,0.0,budget_exhausted,"[4, 3]"
96018,equilibrator,1,16384,ivr_v2,8,2,16384.0,1.3117802198234616,0.0,budget_exhausted,"[8, 7]"
96018,equilibrator,1,16384,lucb_v2,8,2,16384.0,1.3117802198234616,0.0,budget_exhausted,"[8, 7]"
96018,equilibrator,1,16384,author_random_hf,8,2,16384.0,1.3117802198234616,0.0,batch,"[6, 0]"
96018,equilibrator,1,16384,author_paired_lucb,8,2,16384.0,1.3117802198234616,0.0,batch,"[8, 7]"
96018,equilibrator,1,16384,author_global_voi,8,2,16384.0,1.3117802198234616,0.0,batch,"[0, 1]"
96018,equilibrator,1,16384,author_pivot_voi,8,2,16384.0,1.3117802198234616,0.0,batch,"[0, 1]"
96018,equilibrator,1,32768,pivot_kg,8,4,32768.0,1.3117802198234616,0.0,budget_exhausted,"[8, 3, 1, 5]"
96018,equilibrator,1,32768,pivot_kg_stop,8,4,32768.0,1.3117802198234616,0.0,budget_exhausted,"[8, 2, 6, 7]"
96018,equilibrator,1,32768,uniform_v2,8,4,32768.0,1.3117802198234616,0.0,budget_exhausted,"[4, 3, 7, 0]"
96018,equilibrator,1,32768,ivr_v2,8,4,32768.0,1.3117802198234616,0.0,budget_exhausted,"[8, 7, 6, 5]"
96018,equilibrator,1,32768,lucb_v2,8,4,32768.0,1.3117802198234616,0.0,budget_exhausted,"[8, 7, 6, 5]"
96018,equilibrator,1,32768,author_random_hf,8,4,32768.0,1.3117802198234616,0.0,batch,"[6, 0, 2, 3]"
96018,equilibrator,1,32768,author_paired_lucb,8,4,32768.0,1.3117802198234616,0.0,batch,"[8, 7, 6, 5]"
96018,equilibrator,1,32768,author_global_voi,8,4,32768.0,1.3117802198234616,0.0,batch,"[0, 1, 2, 3]"
96018,equilibrator,1,32768,author_pivot_voi,8,4,32768.0,1.3117802198234616,0.0,batch,"[0, 1, 2, 3]"
96018,equilibrator,1,,all_hf_reference,8,9,73728.0,1.3117802198234616,0.0,all,"[0, 1, 2, 3, 4, 5, 6, 7, 8]"
96018,equilibrator,8,8192,pivot_kg,0,1,8192.0,0.0,0.1472926508147342,budget_exhausted,[8]
96018,equilibrator,8,8192,pivot_kg_stop,0,1,8192.0,0.0,0.1472926508147342,budget_exhausted,[8]
96018,equilibrator,8,8192,uniform_v2,0,1,8192.0,0.0,0.1472926508147342,budget_exhausted,[4]
96018,equilibrator,8,8192,ivr_v2,0,1,8192.0,0.0,0.1472926508147342,budget_exhausted,[8]
96018,equilibrator,8,8192,lucb_v2,0,1,8192.0,0.0,0.1472926508147342,budget_exhausted,[8]
96018,equilibrator,8,,no_hf_v2,0,0,0.0,0.0,0.1472926508147342,no_hf_method,[]
96018,equilibrator,8,,proxy_only,8,0,0.0,0.1472926508147342,0.0,no_hf_method,[]
96018,equilibrator,8,8192,author_random_hf,8,1,8192.0,0.1472926508147342,0.0,batch,[6]
96018,equilibrator,8,8192,author_paired_lucb,3,1,8192.0,0.05321266365606128,0.09407998715867291,batch,[4]
96018,equilibrator,8,8192,author_global_voi,4,1,8192.0,0.0694678119160646,0.07782483889866959,batch,[0]
96018,equilibrator,8,8192,author_pivot_voi,4,1,8192.0,0.0694678119160646,0.07782483889866959,batch,[0]
96018,equilibrator,8,16384,pivot_kg,7,2,16384.0,0.12382006269287757,0.023472588121856625,budget_exhausted,"[8, 7]"
96018,equilibrator,8,16384,pivot_kg_stop,7,2,16384.0,0.12382006269287757,0.023472588121856625,budget_exhausted,"[8, 7]"
96018,equilibrator,8,16384,uniform_v2,0,2,16384.0,0.0,0.1472926508147342,budget_exhausted,"[4, 3]"
96018,equilibrator,8,16384,ivr_v2,7,2,16384.0,0.12382006269287757,0.023472588121856625,budget_exhausted,"[8, 7]"
96018,equilibrator,8,16384,lucb_v2,7,2,16384.0,0.12382006269287757,0.023472588121856625,budget_exhausted,"[8, 7]"
96018,equilibrator,8,16384,author_random_hf,8,2,16384.0,0.1472926508147342,0.0,batch,"[6, 0]"
96018,equilibrator,8,16384,author_paired_lucb,5,2,16384.0,0.08603830267695034,0.061254348137783854,batch,"[4, 3]"
96018,equilibrator,8,16384,author_global_voi,4,2,16384.0,0.0694678119160646,0.07782483889866959,batch,"[0, 1]"
96018,equilibrator,8,16384,author_pivot_voi,4,2,16384.0,0.0694678119160646,0.07782483889866959,batch,"[0, 1]"
96018,equilibrator,8,32768,pivot_kg,7,4,32768.0,0.12382006269287757,0.023472588121856625,budget_exhausted,"[8, 7, 6, 5]"
96018,equilibrator,8,32768,pivot_kg_stop,7,4,32768.0,0.12382006269287757,0.023472588121856625,budget_exhausted,"[8, 7, 6, 5]"
96018,equilibrator,8,32768,uniform_v2,0,4,32768.0,0.0,0.1472926508147342,budget_exhausted,"[4, 3, 7, 0]"
96018,equilibrator,8,32768,ivr_v2,7,4,32768.0,0.12382006269287757,0.023472588121856625,budget_exhausted,"[8, 7, 6, 5]"
96018,equilibrator,8,32768,lucb_v2,7,4,32768.0,0.12382006269287757,0.023472588121856625,budget_exhausted,"[8, 7, 6, 5]"
96018,equilibrator,8,32768,author_random_hf,8,4,32768.0,0.1472926508147342,0.0,batch,"[6, 0, 2, 3]"
96018,equilibrator,8,32768,author_paired_lucb,3,4,32768.0,0.05321266365606128,0.09407998715867291,batch,"[4, 3, 5, 2]"
96018,equilibrator,8,32768,author_global_voi,4,4,32768.0,0.0694678119160646,0.07782483889866959,batch,"[0, 1, 2, 3]"
96018,equilibrator,8,32768,author_pivot_voi,4,4,32768.0,0.0694678119160646,0.07782483889866959,batch,"[0, 1, 2, 3]"
96018,equilibrator,8,,all_hf_reference,7,9,73728.0,0.12382006269287757,0.023472588121856625,all,"[0, 1, 2, 3, 4, 5, 6, 7, 8]"
96019,exploiter,1,8192,pivot_kg,8,1,8192.0,1.1163962451588698,0.0,budget_exhausted,[8]
96019,exploiter,1,8192,pivot_kg_stop,8,1,8192.0,1.1163962451588698,0.0,budget_exhausted,[8]
96019,exploiter,1,8192,uniform_v2,8,1,8192.0,1.1163962451588698,0.0,budget_exhausted,[6]
96019,exploiter,1,8192,ivr_v2,8,1,8192.0,1.1163962451588698,0.0,budget_exhausted,[8]
96019,exploiter,1,8192,lucb_v2,8,1,8192.0,1.1163962451588698,0.0,budget_exhausted,[8]
96019,exploiter,1,,no_hf_v2,8,0,0.0,1.1163962451588698,0.0,no_hf_method,[]
96019,exploiter,1,,proxy_only,8,0,0.0,1.1163962451588698,0.0,no_hf_method,[]
96019,exploiter,1,8192,author_random_hf,8,1,8192.0,1.1163962451588698,0.0,batch,[1]
96019,exploiter,1,8192,author_paired_lucb,8,1,8192.0,1.1163962451588698,0.0,batch,[8]
96019,exploiter,1,8192,author_global_voi,8,1,8192.0,1.1163962451588698,0.0,batch,[0]
96019,exploiter,1,8192,author_pivot_voi,8,1,8192.0,1.1163962451588698,0.0,batch,[0]
96019,exploiter,1,16384,pivot_kg,8,2,16384.0,1.1163962451588698,0.0,budget_exhausted,"[8, 3]"
96019,exploiter,1,16384,pivot_kg_stop,8,2,16384.0,1.1163962451588698,0.0,budget_exhausted,"[8, 7]"
96019,exploiter,1,16384,uniform_v2,8,2,16384.0,1.1163962451588698,0.0,budget_exhausted,"[6, 8]"
96019,exploiter,1,16384,ivr_v2,8,2,16384.0,1.1163962451588698,0.0,budget_exhausted,"[8, 7]"
96019,exploiter,1,16384,lucb_v2,8,2,16384.0,1.1163962451588698,0.0,budget_exhausted,"[8, 7]"
96019,exploiter,1,16384,author_random_hf,8,2,16384.0,1.1163962451588698,0.0,batch,"[1, 6]"
96019,exploiter,1,16384,author_paired_lucb,8,2,16384.0,1.1163962451588698,0.0,batch,"[8, 7]"
96019,exploiter,1,16384,author_global_voi,8,2,16384.0,1.1163962451588698,0.0,batch,"[0, 1]"
96019,exploiter,1,16384,author_pivot_voi,8,2,16384.0,1.1163962451588698,0.0,batch,"[0, 1]"
96019,exploiter,1,32768,pivot_kg,8,4,32768.0,1.1163962451588698,0.0,budget_exhausted,"[8, 3, 2, 1]"
96019,exploiter,1,32768,pivot_kg_stop,8,4,32768.0,1.1163962451588698,0.0,budget_exhausted,"[8, 7, 4, 0]"
96019,exploiter,1,32768,uniform_v2,8,4,32768.0,1.1163962451588698,0.0,budget_exhausted,"[6, 8, 3, 7]"
96019,exploiter,1,32768,ivr_v2,8,4,32768.0,1.1163962451588698,0.0,budget_exhausted,"[8, 7, 6, 5]"
96019,exploiter,1,32768,lucb_v2,8,4,32768.0,1.1163962451588698,0.0,budget_exhausted,"[8, 7, 6, 5]"
96019,exploiter,1,32768,author_random_hf,8,4,32768.0,1.1163962451588698,0.0,batch,"[1, 6, 7, 3]"
96019,exploiter,1,32768,author_paired_lucb,8,4,32768.0,1.1163962451588698,0.0,batch,"[8, 7, 6, 5]"
96019,exploiter,1,32768,author_global_voi,8,4,32768.0,1.1163962451588698,0.0,batch,"[0, 1, 2, 3]"
96019,exploiter,1,32768,author_pivot_voi,8,4,32768.0,1.1163962451588698,0.0,batch,"[0, 1, 2, 3]"
96019,exploiter,1,,all_hf_reference,8,9,73728.0,1.1163962451588698,0.0,all,"[0, 1, 2, 3, 4, 5, 6, 7, 8]"
96019,exploiter,8,8192,pivot_kg,0,1,8192.0,0.0,0.0,budget_exhausted,[8]
96019,exploiter,8,8192,pivot_kg_stop,0,1,8192.0,0.0,0.0,budget_exhausted,[8]
96019,exploiter,8,8192,uniform_v2,0,1,8192.0,0.0,0.0,budget_exhausted,[6]
96019,exploiter,8,8192,ivr_v2,0,1,8192.0,0.0,0.0,budget_exhausted,[8]
96019,exploiter,8,8192,lucb_v2,0,1,8192.0,0.0,0.0,budget_exhausted,[8]
96019,exploiter,8,,no_hf_v2,0,0,0.0,0.0,0.0,no_hf_method,[]
96019,exploiter,8,,proxy_only,8,0,0.0,-0.764056514620128,0.764056514620128,no_hf_method,[]
96019,exploiter,8,8192,author_random_hf,8,1,8192.0,-0.764056514620128,0.764056514620128,batch,[1]
96019,exploiter,8,8192,author_paired_lucb,3,1,8192.0,-0.3295391286203879,0.3295391286203879,batch,[4]
96019,exploiter,8,8192,author_global_voi,4,1,8192.0,-0.42008881122539055,0.42008881122539055,batch,[0]
96019,exploiter,8,8192,author_pivot_voi,4,1,8192.0,-0.42008881122539055,0.42008881122539055,batch,[0]
96019,exploiter,8,16384,pivot_kg,0,2,16384.0,0.0,0.0,budget_exhausted,"[8, 7]"
96019,exploiter,8,16384,pivot_kg_stop,0,2,16384.0,0.0,0.0,budget_exhausted,"[8, 7]"
96019,exploiter,8,16384,uniform_v2,0,2,16384.0,0.0,0.0,budget_exhausted,"[6, 8]"
96019,exploiter,8,16384,ivr_v2,0,2,16384.0,0.0,0.0,budget_exhausted,"[8, 7]"
96019,exploiter,8,16384,lucb_v2,0,2,16384.0,0.0,0.0,budget_exhausted,"[8, 7]"
96019,exploiter,8,16384,author_random_hf,8,2,16384.0,-0.764056514620128,0.764056514620128,batch,"[1, 6]"
96019,exploiter,8,16384,author_paired_lucb,5,2,16384.0,-0.5008499672367417,0.5008499672367417,batch,"[4, 3]"
96019,exploiter,8,16384,author_global_voi,4,2,16384.0,-0.42008881122539055,0.42008881122539055,batch,"[0, 1]"
96019,exploiter,8,16384,author_pivot_voi,4,2,16384.0,-0.42008881122539055,0.42008881122539055,batch,"[0, 1]"
96019,exploiter,8,32768,pivot_kg,0,4,32768.0,0.0,0.0,budget_exhausted,"[8, 7, 6, 5]"
96019,exploiter,8,32768,pivot_kg_stop,0,4,32768.0,0.0,0.0,budget_exhausted,"[8, 7, 6, 5]"
96019,exploiter,8,32768,uniform_v2,0,4,32768.0,0.0,0.0,budget_exhausted,"[6, 8, 3, 7]"
96019,exploiter,8,32768,ivr_v2,0,4,32768.0,0.0,0.0,budget_exhausted,"[8, 7, 6, 5]"
96019,exploiter,8,32768,lucb_v2,0,4,32768.0,0.0,0.0,budget_exhausted,"[8, 7, 6, 5]"
96019,exploiter,8,32768,author_random_hf,8,4,32768.0,-0.764056514620128,0.764056514620128,batch,"[1, 6, 7, 3]"
96019,exploiter,8,32768,author_paired_lucb,9,4,32768.0,0.0,0.0,batch,"[4, 3, 5, 2]"
96019,exploiter,8,32768,author_global_voi,4,4,32768.0,-0.42008881122539055,0.42008881122539055,batch,"[0, 1, 2, 3]"
96019,exploiter,8,32768,author_pivot_voi,4,4,32768.0,-0.42008881122539055,0.42008881122539055,batch,"[0, 1, 2, 3]"
96019,exploiter,8,,all_hf_reference,0,9,73728.0,0.0,0.0,all,"[0, 1, 2, 3, 4, 5, 6, 7, 8]"
96020,equilibrator,1,8192,pivot_kg,8,1,8192.0,1.3507464089836745,0.0,budget_exhausted,[8]
96020,equilibrator,1,8192,pivot_kg_stop,8,1,8192.0,1.3507464089836745,0.0,budget_exhausted,[8]
96020,equilibrator,1,8192,uniform_v2,8,1,8192.0,1.3507464089836745,0.0,budget_exhausted,[3]
96020,equilibrator,1,8192,ivr_v2,8,1,8192.0,1.3507464089836745,0.0,budget_exhausted,[8]
96020,equilibrator,1,8192,lucb_v2,8,1,8192.0,1.3507464089836745,0.0,budget_exhausted,[8]
96020,equilibrator,1,,no_hf_v2,8,0,0.0,1.3507464089836745,0.0,no_hf_method,[]
96020,equilibrator,1,,proxy_only,8,0,0.0,1.3507464089836745,0.0,no_hf_method,[]
96020,equilibrator,1,8192,author_random_hf,8,1,8192.0,1.3507464089836745,0.0,batch,[7]
96020,equilibrator,1,8192,author_paired_lucb,8,1,8192.0,1.3507464089836745,0.0,batch,[8]
96020,equilibrator,1,8192,author_global_voi,8,1,8192.0,1.3507464089836745,0.0,batch,[0]
96020,equilibrator,1,8192,author_pivot_voi,8,1,8192.0,1.3507464089836745,0.0,batch,[0]
96020,equilibrator,1,16384,pivot_kg,8,2,16384.0,1.3507464089836745,0.0,budget_exhausted,"[8, 7]"
96020,equilibrator,1,16384,pivot_kg_stop,8,2,16384.0,1.3507464089836745,0.0,budget_exhausted,"[8, 6]"
96020,equilibrator,1,16384,uniform_v2,8,2,16384.0,1.3507464089836745,0.0,budget_exhausted,"[3, 7]"
96020,equilibrator,1,16384,ivr_v2,8,2,16384.0,1.3507464089836745,0.0,budget_exhausted,"[8, 7]"
96020,equilibrator,1,16384,lucb_v2,8,2,16384.0,1.3507464089836745,0.0,budget_exhausted,"[8, 7]"
96020,equilibrator,1,16384,author_random_hf,8,2,16384.0,1.3507464089836745,0.0,batch,"[7, 5]"
96020,equilibrator,1,16384,author_paired_lucb,8,2,16384.0,1.3507464089836745,0.0,batch,"[8, 7]"
96020,equilibrator,1,16384,author_global_voi,8,2,16384.0,1.3507464089836745,0.0,batch,"[0, 1]"
96020,equilibrator,1,16384,author_pivot_voi,8,2,16384.0,1.3507464089836745,0.0,batch,"[0, 1]"
96020,equilibrator,1,32768,pivot_kg,8,4,32768.0,1.3507464089836745,0.0,budget_exhausted,"[8, 7, 3, 2]"
96020,equilibrator,1,32768,pivot_kg_stop,8,3,24576.0,1.3507464089836745,0.0,selection_probability,"[8, 6, 0]"
96020,equilibrator,1,32768,uniform_v2,8,4,32768.0,1.3507464089836745,0.0,budget_exhausted,"[3, 7, 6, 5]"
96020,equilibrator,1,32768,ivr_v2,8,4,32768.0,1.3507464089836745,0.0,budget_exhausted,"[8, 7, 6, 5]"
96020,equilibrator,1,32768,lucb_v2,8,4,32768.0,1.3507464089836745,0.0,budget_exhausted,"[8, 7, 6, 5]"
96020,equilibrator,1,32768,author_random_hf,8,4,32768.0,1.3507464089836745,0.0,batch,"[7, 5, 3, 4]"
96020,equilibrator,1,32768,author_paired_lucb,8,4,32768.0,1.3507464089836745,0.0,batch,"[8, 7, 6, 5]"
96020,equilibrator,1,32768,author_global_voi,8,4,32768.0,1.3507464089836745,0.0,batch,"[0, 1, 2, 3]"
96020,equilibrator,1,32768,author_pivot_voi,8,4,32768.0,1.3507464089836745,0.0,batch,"[0, 1, 2, 3]"
96020,equilibrator,1,,all_hf_reference,8,9,73728.0,1.3507464089836745,0.0,all,"[0, 1, 2, 3, 4, 5, 6, 7, 8]"
96020,equilibrator,8,8192,pivot_kg,0,1,8192.0,0.0,0.07010528026150695,budget_exhausted,[8]
96020,equilibrator,8,8192,pivot_kg_stop,0,1,8192.0,0.0,0.07010528026150695,budget_exhausted,[8]
96020,equilibrator,8,8192,uniform_v2,0,1,8192.0,0.0,0.07010528026150695,budget_exhausted,[3]
96020,equilibrator,8,8192,ivr_v2,0,1,8192.0,0.0,0.07010528026150695,budget_exhausted,[8]
96020,equilibrator,8,8192,lucb_v2,0,1,8192.0,0.0,0.07010528026150695,budget_exhausted,[8]
96020,equilibrator,8,,no_hf_v2,0,0,0.0,0.0,0.07010528026150695,no_hf_method,[]
96020,equilibrator,8,,proxy_only,8,0,0.0,0.06395580254674291,0.00614947771476404,no_hf_method,[]
96020,equilibrator,8,8192,author_random_hf,8,1,8192.0,0.06395580254674291,0.00614947771476404,batch,[7]
96020,equilibrator,8,8192,author_paired_lucb,3,1,8192.0,0.04013656678391919,0.029968713477587755,batch,[4]
96020,equilibrator,8,8192,author_global_voi,4,1,8192.0,0.052513800019002604,0.017591480242504343,batch,[0]
96020,equilibrator,8,8192,author_pivot_voi,4,1,8192.0,0.052513800019002604,0.017591480242504343,batch,[0]
96020,equilibrator,8,16384,pivot_kg,8,2,16384.0,0.06395580254674291,0.00614947771476404,budget_exhausted,"[8, 7]"
96020,equilibrator,8,16384,pivot_kg_stop,8,2,16384.0,0.06395580254674291,0.00614947771476404,budget_exhausted,"[8, 7]"
96020,equilibrator,8,16384,uniform_v2,0,2,16384.0,0.0,0.07010528026150695,budget_exhausted,"[3, 7]"
96020,equilibrator,8,16384,ivr_v2,8,2,16384.0,0.06395580254674291,0.00614947771476404,budget_exhausted,"[8, 7]"
96020,equilibrator,8,16384,lucb_v2,8,2,16384.0,0.06395580254674291,0.00614947771476404,budget_exhausted,"[8, 7]"
96020,equilibrator,8,16384,author_random_hf,8,2,16384.0,0.06395580254674291,0.00614947771476404,batch,"[7, 5]"
96020,equilibrator,8,16384,author_paired_lucb,5,2,16384.0,0.06261709140684604,0.007488188854660904,batch,"[4, 3]"
96020,equilibrator,8,16384,author_global_voi,4,2,16384.0,0.052513800019002604,0.017591480242504343,batch,"[0, 1]"
96020,equilibrator,8,16384,author_pivot_voi,4,2,16384.0,0.052513800019002604,0.017591480242504343,batch,"[0, 1]"
96020,equilibrator,8,32768,pivot_kg,8,4,32768.0,0.06395580254674291,0.00614947771476404,budget_exhausted,"[8, 7, 6, 5]"
96020,equilibrator,8,32768,pivot_kg_stop,8,4,32768.0,0.06395580254674291,0.00614947771476404,budget_exhausted,"[8, 7, 6, 5]"
96020,equilibrator,8,32768,uniform_v2,0,4,32768.0,0.0,0.07010528026150695,budget_exhausted,"[3, 7, 6, 5]"
96020,equilibrator,8,32768,ivr_v2,8,4,32768.0,0.06395580254674291,0.00614947771476404,budget_exhausted,"[8, 7, 6, 5]"
96020,equilibrator,8,32768,lucb_v2,8,4,32768.0,0.06395580254674291,0.00614947771476404,budget_exhausted,"[8, 7, 6, 5]"
96020,equilibrator,8,32768,author_random_hf,8,4,32768.0,0.06395580254674291,0.00614947771476404,batch,"[7, 5, 3, 4]"
96020,equilibrator,8,32768,author_paired_lucb,4,4,32768.0,0.052513800019002604,0.017591480242504343,batch,"[4, 3, 5, 2]"
96020,equilibrator,8,32768,author_global_voi,4,4,32768.0,0.052513800019002604,0.017591480242504343,batch,"[0, 1, 2, 3]"
96020,equilibrator,8,32768,author_pivot_voi,4,4,32768.0,0.052513800019002604,0.017591480242504343,batch,"[0, 1, 2, 3]"
96020,equilibrator,8,,all_hf_reference,8,9,73728.0,0.06395580254674291,0.00614947771476404,all,"[0, 1, 2, 3, 4, 5, 6, 7, 8]"
96021,exploiter,1,8192,pivot_kg,8,1,8192.0,0.5388396182634648,0.0,budget_exhausted,[8]
96021,exploiter,1,8192,pivot_kg_stop,8,1,8192.0,0.5388396182634648,0.0,budget_exhausted,[8]
96021,exploiter,1,8192,uniform_v2,8,1,8192.0,0.5388396182634648,0.0,budget_exhausted,[5]
96021,exploiter,1,8192,ivr_v2,8,1,8192.0,0.5388396182634648,0.0,budget_exhausted,[8]
96021,exploiter,1,8192,lucb_v2,8,1,8192.0,0.5388396182634648,0.0,budget_exhausted,[8]
96021,exploiter,1,,no_hf_v2,8,0,0.0,0.5388396182634648,0.0,no_hf_method,[]
96021,exploiter,1,,proxy_only,8,0,0.0,0.5388396182634648,0.0,no_hf_method,[]
96021,exploiter,1,8192,author_random_hf,8,1,8192.0,0.5388396182634648,0.0,batch,[6]
96021,exploiter,1,8192,author_paired_lucb,8,1,8192.0,0.5388396182634648,0.0,batch,[8]
96021,exploiter,1,8192,author_global_voi,8,1,8192.0,0.5388396182634648,0.0,batch,[0]
96021,exploiter,1,8192,author_pivot_voi,8,1,8192.0,0.5388396182634648,0.0,batch,[0]
96021,exploiter,1,16384,pivot_kg,8,2,16384.0,0.5388396182634648,0.0,budget_exhausted,"[8, 7]"
96021,exploiter,1,16384,pivot_kg_stop,8,2,16384.0,0.5388396182634648,0.0,budget_exhausted,"[8, 7]"
96021,exploiter,1,16384,uniform_v2,8,2,16384.0,0.5388396182634648,0.0,budget_exhausted,"[5, 6]"
96021,exploiter,1,16384,ivr_v2,8,2,16384.0,0.5388396182634648,0.0,budget_exhausted,"[8, 7]"
96021,exploiter,1,16384,lucb_v2,8,2,16384.0,0.5388396182634648,0.0,budget_exhausted,"[8, 7]"
96021,exploiter,1,16384,author_random_hf,8,2,16384.0,0.5388396182634648,0.0,batch,"[6, 7]"
96021,exploiter,1,16384,author_paired_lucb,8,2,16384.0,0.5388396182634648,0.0,batch,"[8, 7]"
96021,exploiter,1,16384,author_global_voi,8,2,16384.0,0.5388396182634648,0.0,batch,"[0, 1]"
96021,exploiter,1,16384,author_pivot_voi,8,2,16384.0,0.5388396182634648,0.0,batch,"[0, 1]"
96021,exploiter,1,32768,pivot_kg,8,4,32768.0,0.5388396182634648,0.0,budget_exhausted,"[8, 7, 6, 3]"
96021,exploiter,1,32768,pivot_kg_stop,8,4,32768.0,0.5388396182634648,0.0,budget_exhausted,"[8, 7, 4, 0]"
96021,exploiter,1,32768,uniform_v2,8,4,32768.0,0.5388396182634648,0.0,budget_exhausted,"[5, 6, 4, 0]"
96021,exploiter,1,32768,ivr_v2,8,4,32768.0,0.5388396182634648,0.0,budget_exhausted,"[8, 7, 6, 5]"
96021,exploiter,1,32768,lucb_v2,8,4,32768.0,0.5388396182634648,0.0,budget_exhausted,"[8, 7, 6, 5]"
96021,exploiter,1,32768,author_random_hf,8,4,32768.0,0.5388396182634648,0.0,batch,"[6, 7, 2, 1]"
96021,exploiter,1,32768,author_paired_lucb,8,4,32768.0,0.5388396182634648,0.0,batch,"[8, 7, 6, 5]"
96021,exploiter,1,32768,author_global_voi,8,4,32768.0,0.5388396182634648,0.0,batch,"[0, 1, 2, 3]"
96021,exploiter,1,32768,author_pivot_voi,8,4,32768.0,0.5388396182634648,0.0,batch,"[0, 1, 2, 3]"
96021,exploiter,1,,all_hf_reference,8,9,73728.0,0.5388396182634648,0.0,all,"[0, 1, 2, 3, 4, 5, 6, 7, 8]"
96021,exploiter,8,8192,pivot_kg,0,1,8192.0,0.0,0.0,budget_exhausted,[8]
96021,exploiter,8,8192,pivot_kg_stop,0,1,8192.0,0.0,0.0,budget_exhausted,[8]
96021,exploiter,8,8192,uniform_v2,0,1,8192.0,0.0,0.0,budget_exhausted,[5]
96021,exploiter,8,8192,ivr_v2,0,1,8192.0,0.0,0.0,budget_exhausted,[8]
96021,exploiter,8,8192,lucb_v2,0,1,8192.0,0.0,0.0,budget_exhausted,[8]
96021,exploiter,8,,no_hf_v2,0,0,0.0,0.0,0.0,no_hf_method,[]
96021,exploiter,8,,proxy_only,8,0,0.0,-1.9145220350442207,1.9145220350442207,no_hf_method,[]
96021,exploiter,8,8192,author_random_hf,8,1,8192.0,-1.9145220350442207,1.9145220350442207,batch,[6]
96021,exploiter,8,8192,author_paired_lucb,3,1,8192.0,-0.5988058037887577,0.5988058037887577,batch,[4]
96021,exploiter,8,8192,author_global_voi,4,1,8192.0,-0.8458641311349423,0.8458641311349423,batch,[0]
96021,exploiter,8,8192,author_pivot_voi,4,1,8192.0,-0.8458641311349423,0.8458641311349423,batch,[0]
96021,exploiter,8,16384,pivot_kg,0,2,16384.0,0.0,0.0,budget_exhausted,"[8, 7]"
96021,exploiter,8,16384,pivot_kg_stop,0,2,16384.0,0.0,0.0,budget_exhausted,"[8, 7]"
96021,exploiter,8,16384,uniform_v2,0,2,16384.0,0.0,0.0,budget_exhausted,"[5, 6]"
96021,exploiter,8,16384,ivr_v2,0,2,16384.0,0.0,0.0,budget_exhausted,"[8, 7]"
96021,exploiter,8,16384,lucb_v2,0,2,16384.0,0.0,0.0,budget_exhausted,"[8, 3]"
96021,exploiter,8,16384,author_random_hf,8,2,16384.0,-1.9145220350442207,1.9145220350442207,batch,"[6, 7]"
96021,exploiter,8,16384,author_paired_lucb,2,2,16384.0,-0.3722833175251191,0.3722833175251191,batch,"[4, 3]"
96021,exploiter,8,16384,author_global_voi,4,2,16384.0,-0.8458641311349423,0.8458641311349423,batch,"[0, 1]"
96021,exploiter,8,16384,author_pivot_voi,4,2,16384.0,-0.8458641311349423,0.8458641311349423,batch,"[0, 1]"
96021,exploiter,8,32768,pivot_kg,0,4,32768.0,0.0,0.0,budget_exhausted,"[8, 7, 6, 5]"
96021,exploiter,8,32768,pivot_kg_stop,0,4,32768.0,0.0,0.0,budget_exhausted,"[8, 7, 6, 5]"
96021,exploiter,8,32768,uniform_v2,0,4,32768.0,0.0,0.0,budget_exhausted,"[5, 6, 4, 0]"
96021,exploiter,8,32768,ivr_v2,0,4,32768.0,0.0,0.0,budget_exhausted,"[8, 7, 6, 5]"
96021,exploiter,8,32768,lucb_v2,0,4,32768.0,0.0,0.0,budget_exhausted,"[8, 3, 2, 1]"
96021,exploiter,8,32768,author_random_hf,8,4,32768.0,-1.9145220350442207,1.9145220350442207,batch,"[6, 7, 2, 1]"
96021,exploiter,8,32768,author_paired_lucb,9,4,32768.0,0.0,0.0,batch,"[4, 3, 2, 5]"
96021,exploiter,8,32768,author_global_voi,4,4,32768.0,-0.8458641311349423,0.8458641311349423,batch,"[0, 1, 2, 3]"
96021,exploiter,8,32768,author_pivot_voi,4,4,32768.0,-0.8458641311349423,0.8458641311349423,batch,"[0, 1, 2, 3]"
96021,exploiter,8,,all_hf_reference,0,9,73728.0,0.0,0.0,all,"[0, 1, 2, 3, 4, 5, 6, 7, 8]"
96022,equilibrator,1,8192,pivot_kg,8,1,8192.0,1.5510089237104676,0.0,budget_exhausted,[1]
96022,equilibrator,1,8192,pivot_kg_stop,8,0,0.0,1.5510089237104676,0.0,selection_probability,[]
96022,equilibrator,1,8192,uniform_v2,8,1,8192.0,1.5510089237104676,0.0,budget_exhausted,[3]
96022,equilibrator,1,8192,ivr_v2,8,1,8192.0,1.5510089237104676,0.0,budget_exhausted,[8]
96022,equilibrator,1,8192,lucb_v2,8,1,8192.0,1.5510089237104676,0.0,budget_exhausted,[8]
96022,equilibrator,1,,no_hf_v2,8,0,0.0,1.5510089237104676,0.0,no_hf_method,[]
96022,equilibrator,1,,proxy_only,8,0,0.0,1.5510089237104676,0.0,no_hf_method,[]
96022,equilibrator,1,8192,author_random_hf,8,1,8192.0,1.5510089237104676,0.0,batch,[6]
96022,equilibrator,1,8192,author_paired_lucb,8,1,8192.0,1.5510089237104676,0.0,batch,[8]
96022,equilibrator,1,8192,author_global_voi,8,1,8192.0,1.5510089237104676,0.0,batch,[0]
96022,equilibrator,1,8192,author_pivot_voi,8,1,8192.0,1.5510089237104676,0.0,batch,[0]
96022,equilibrator,1,16384,pivot_kg,8,2,16384.0,1.5510089237104676,0.0,budget_exhausted,"[1, 0]"
96022,equilibrator,1,16384,pivot_kg_stop,8,0,0.0,1.5510089237104676,0.0,selection_probability,[]
96022,equilibrator,1,16384,uniform_v2,8,2,16384.0,1.5510089237104676,0.0,budget_exhausted,"[3, 1]"
96022,equilibrator,1,16384,ivr_v2,8,2,16384.0,1.5510089237104676,0.0,budget_exhausted,"[8, 7]"
96022,equilibrator,1,16384,lucb_v2,8,2,16384.0,1.5510089237104676,0.0,budget_exhausted,"[8, 7]"
96022,equilibrator,1,16384,author_random_hf,8,2,16384.0,1.5510089237104676,0.0,batch,"[6, 2]"
96022,equilibrator,1,16384,author_paired_lucb,8,2,16384.0,1.5510089237104676,0.0,batch,"[8, 7]"
96022,equilibrator,1,16384,author_global_voi,8,2,16384.0,1.5510089237104676,0.0,batch,"[0, 1]"
96022,equilibrator,1,16384,author_pivot_voi,8,2,16384.0,1.5510089237104676,0.0,batch,"[0, 1]"
96022,equilibrator,1,32768,pivot_kg,8,4,32768.0,1.5510089237104676,0.0,budget_exhausted,"[1, 0, 2, 5]"
96022,equilibrator,1,32768,pivot_kg_stop,8,0,0.0,1.5510089237104676,0.0,selection_probability,[]
96022,equilibrator,1,32768,uniform_v2,8,4,32768.0,1.5510089237104676,0.0,budget_exhausted,"[3, 1, 6, 8]"
96022,equilibrator,1,32768,ivr_v2,8,4,32768.0,1.5510089237104676,0.0,budget_exhausted,"[8, 7, 6, 5]"
96022,equilibrator,1,32768,lucb_v2,8,4,32768.0,1.5510089237104676,0.0,budget_exhausted,"[8, 7, 6, 5]"
96022,equilibrator,1,32768,author_random_hf,8,4,32768.0,1.5510089237104676,0.0,batch,"[6, 2, 4, 7]"
96022,equilibrator,1,32768,author_paired_lucb,8,4,32768.0,1.5510089237104676,0.0,batch,"[8, 7, 6, 5]"
96022,equilibrator,1,32768,author_global_voi,8,4,32768.0,1.5510089237104676,0.0,batch,"[0, 1, 2, 3]"
96022,equilibrator,1,32768,author_pivot_voi,8,4,32768.0,1.5510089237104676,0.0,batch,"[0, 1, 2, 3]"
96022,equilibrator,1,,all_hf_reference,8,9,73728.0,1.5510089237104676,0.0,all,"[0, 1, 2, 3, 4, 5, 6, 7, 8]"
96022,equilibrator,8,8192,pivot_kg,8,1,8192.0,0.3177228154826882,0.0,budget_exhausted,[8]
96022,equilibrator,8,8192,pivot_kg_stop,8,1,8192.0,0.3177228154826882,0.0,budget_exhausted,[8]
96022,equilibrator,8,8192,uniform_v2,0,1,8192.0,0.0,0.3177228154826882,budget_exhausted,[3]
96022,equilibrator,8,8192,ivr_v2,8,1,8192.0,0.3177228154826882,0.0,budget_exhausted,[8]
96022,equilibrator,8,8192,lucb_v2,8,1,8192.0,0.3177228154826882,0.0,budget_exhausted,[8]
96022,equilibrator,8,,no_hf_v2,0,0,0.0,0.0,0.3177228154826882,no_hf_method,[]
96022,equilibrator,8,,proxy_only,8,0,0.0,0.3177228154826882,0.0,no_hf_method,[]
96022,equilibrator,8,8192,author_random_hf,8,1,8192.0,0.3177228154826882,0.0,batch,[6]
96022,equilibrator,8,8192,author_paired_lucb,3,1,8192.0,0.07761651500156283,0.24010630048112538,batch,[4]
96022,equilibrator,8,8192,author_global_voi,4,1,8192.0,0.11644391293278289,0.20127890254990533,batch,[0]
96022,equilibrator,8,8192,author_pivot_voi,4,1,8192.0,0.11644391293278289,0.20127890254990533,batch,[0]
96022,equilibrator,8,16384,pivot_kg,8,2,16384.0,0.3177228154826882,0.0,budget_exhausted,"[8, 7]"
96022,equilibrator,8,16384,pivot_kg_stop,8,2,16384.0,0.3177228154826882,0.0,budget_exhausted,"[8, 7]"
96022,equilibrator,8,16384,uniform_v2,0,2,16384.0,0.0,0.3177228154826882,budget_exhausted,"[3, 1]"
96022,equilibrator,8,16384,ivr_v2,8,2,16384.0,0.3177228154826882,0.0,budget_exhausted,"[8, 7]"
96022,equilibrator,8,16384,lucb_v2,8,2,16384.0,0.3177228154826882,0.0,budget_exhausted,"[8, 7]"
96022,equilibrator,8,16384,author_random_hf,8,2,16384.0,0.3177228154826882,0.0,batch,"[6, 2]"
96022,equilibrator,8,16384,author_paired_lucb,5,2,16384.0,0.16063368207146225,0.15708913341122596,batch,"[4, 3]"
96022,equilibrator,8,16384,author_global_voi,4,2,16384.0,0.11644391293278289,0.20127890254990533,batch,"[0, 1]"
96022,equilibrator,8,16384,author_pivot_voi,4,2,16384.0,0.11644391293278289,0.20127890254990533,batch,"[0, 1]"
96022,equilibrator,8,32768,pivot_kg,8,4,32768.0,0.3177228154826882,0.0,budget_exhausted,"[8, 7, 6, 5]"
96022,equilibrator,8,32768,pivot_kg_stop,8,4,32768.0,0.3177228154826882,0.0,budget_exhausted,"[8, 7, 6, 5]"
96022,equilibrator,8,32768,uniform_v2,8,4,32768.0,0.3177228154826882,0.0,budget_exhausted,"[3, 1, 6, 8]"
96022,equilibrator,8,32768,ivr_v2,8,4,32768.0,0.3177228154826882,0.0,budget_exhausted,"[8, 7, 6, 5]"
96022,equilibrator,8,32768,lucb_v2,8,4,32768.0,0.3177228154826882,0.0,budget_exhausted,"[8, 7, 6, 5]"
96022,equilibrator,8,32768,author_random_hf,8,4,32768.0,0.3177228154826882,0.0,batch,"[6, 2, 4, 7]"
96022,equilibrator,8,32768,author_paired_lucb,5,4,32768.0,0.16063368207146225,0.15708913341122596,batch,"[4, 3, 5, 2]"
96022,equilibrator,8,32768,author_global_voi,4,4,32768.0,0.11644391293278289,0.20127890254990533,batch,"[0, 1, 2, 3]"
96022,equilibrator,8,32768,author_pivot_voi,4,4,32768.0,0.11644391293278289,0.20127890254990533,batch,"[0, 1, 2, 3]"
96022,equilibrator,8,,all_hf_reference,7,9,73728.0,0.262086720956483,0.055636094526205215,all,"[0, 1, 2, 3, 4, 5, 6, 7, 8]"
96023,exploiter,1,8192,pivot_kg,8,1,8192.0,0.8866435138032207,0.0,budget_exhausted,[8]
96023,exploiter,1,8192,pivot_kg_stop,8,1,8192.0,0.8866435138032207,0.0,budget_exhausted,[8]
96023,exploiter,1,8192,uniform_v2,8,1,8192.0,0.8866435138032207,0.0,budget_exhausted,[7]
96023,exploiter,1,8192,ivr_v2,8,1,8192.0,0.8866435138032207,0.0,budget_exhausted,[8]
96023,exploiter,1,8192,lucb_v2,8,1,8192.0,0.8866435138032207,0.0,budget_exhausted,[8]
96023,exploiter,1,,no_hf_v2,8,0,0.0,0.8866435138032207,0.0,no_hf_method,[]
96023,exploiter,1,,proxy_only,8,0,0.0,0.8866435138032207,0.0,no_hf_method,[]
96023,exploiter,1,8192,author_random_hf,8,1,8192.0,0.8866435138032207,0.0,batch,[2]
96023,exploiter,1,8192,author_paired_lucb,7,1,8192.0,0.776041314565451,0.1106021992377697,batch,[8]
96023,exploiter,1,8192,author_global_voi,8,1,8192.0,0.8866435138032207,0.0,batch,[0]
96023,exploiter,1,8192,author_pivot_voi,8,1,8192.0,0.8866435138032207,0.0,batch,[0]
96023,exploiter,1,16384,pivot_kg,8,2,16384.0,0.8866435138032207,0.0,budget_exhausted,"[8, 4]"
96023,exploiter,1,16384,pivot_kg_stop,8,2,16384.0,0.8866435138032207,0.0,budget_exhausted,"[8, 1]"
96023,exploiter,1,16384,uniform_v2,8,2,16384.0,0.8866435138032207,0.0,budget_exhausted,"[7, 1]"
96023,exploiter,1,16384,ivr_v2,8,2,16384.0,0.8866435138032207,0.0,budget_exhausted,"[8, 7]"
96023,exploiter,1,16384,lucb_v2,8,2,16384.0,0.8866435138032207,0.0,budget_exhausted,"[8, 7]"
96023,exploiter,1,16384,author_random_hf,8,2,16384.0,0.8866435138032207,0.0,batch,"[2, 6]"
96023,exploiter,1,16384,author_paired_lucb,6,2,16384.0,0.6774516748335215,0.20919183896969917,batch,"[8, 7]"
96023,exploiter,1,16384,author_global_voi,8,2,16384.0,0.8866435138032207,0.0,batch,"[0, 1]"
96023,exploiter,1,16384,author_pivot_voi,8,2,16384.0,0.8866435138032207,0.0,batch,"[0, 1]"
96023,exploiter,1,32768,pivot_kg,8,4,32768.0,0.8866435138032207,0.0,budget_exhausted,"[8, 4, 7, 1]"
96023,exploiter,1,32768,pivot_kg_stop,8,4,32768.0,0.8866435138032207,0.0,budget_exhausted,"[8, 1, 3, 0]"
96023,exploiter,1,32768,uniform_v2,8,4,32768.0,0.8866435138032207,0.0,budget_exhausted,"[7, 1, 4, 6]"
96023,exploiter,1,32768,ivr_v2,8,4,32768.0,0.8866435138032207,0.0,budget_exhausted,"[8, 7, 6, 5]"
96023,exploiter,1,32768,lucb_v2,8,4,32768.0,0.8866435138032207,0.0,budget_exhausted,"[8, 7, 6, 5]"
96023,exploiter,1,32768,author_random_hf,8,4,32768.0,0.8866435138032207,0.0,batch,"[2, 6, 5, 3]"
96023,exploiter,1,32768,author_paired_lucb,8,4,32768.0,0.8866435138032207,0.0,batch,"[8, 7, 6, 5]"
96023,exploiter,1,32768,author_global_voi,8,4,32768.0,0.8866435138032207,0.0,batch,"[0, 1, 2, 3]"
96023,exploiter,1,32768,author_pivot_voi,8,4,32768.0,0.8866435138032207,0.0,batch,"[0, 1, 2, 3]"
96023,exploiter,1,,all_hf_reference,8,9,73728.0,0.8866435138032207,0.0,all,"[0, 1, 2, 3, 4, 5, 6, 7, 8]"
96023,exploiter,8,8192,pivot_kg,0,1,8192.0,0.0,0.0,budget_exhausted,[8]
96023,exploiter,8,8192,pivot_kg_stop,0,1,8192.0,0.0,0.0,budget_exhausted,[8]
96023,exploiter,8,8192,uniform_v2,0,1,8192.0,0.0,0.0,budget_exhausted,[7]
96023,exploiter,8,8192,ivr_v2,0,1,8192.0,0.0,0.0,budget_exhausted,[8]
96023,exploiter,8,8192,lucb_v2,0,1,8192.0,0.0,0.0,budget_exhausted,[8]
96023,exploiter,8,,no_hf_v2,0,0,0.0,0.0,0.0,no_hf_method,[]
96023,exploiter,8,,proxy_only,8,0,0.0,-1.4530141090941997,1.4530141090941997,no_hf_method,[]
96023,exploiter,8,8192,author_random_hf,8,1,8192.0,-1.4530141090941997,1.4530141090941997,batch,[2]
96023,exploiter,8,8192,author_paired_lucb,3,1,8192.0,-0.5284212178208635,0.5284212178208635,batch,[4]
96023,exploiter,8,8192,author_global_voi,4,1,8192.0,-0.6896295825250253,0.6896295825250253,batch,[0]
96023,exploiter,8,8192,author_pivot_voi,4,1,8192.0,-0.6896295825250253,0.6896295825250253,batch,[0]
96023,exploiter,8,16384,pivot_kg,0,2,16384.0,0.0,0.0,budget_exhausted,"[8, 7]"
96023,exploiter,8,16384,pivot_kg_stop,0,2,16384.0,0.0,0.0,budget_exhausted,"[8, 7]"
96023,exploiter,8,16384,uniform_v2,0,2,16384.0,0.0,0.0,budget_exhausted,"[7, 1]"
96023,exploiter,8,16384,ivr_v2,0,2,16384.0,0.0,0.0,budget_exhausted,"[8, 7]"
96023,exploiter,8,16384,lucb_v2,0,2,16384.0,0.0,0.0,budget_exhausted,"[8, 7]"
96023,exploiter,8,16384,author_random_hf,8,2,16384.0,-1.4530141090941997,1.4530141090941997,batch,"[2, 6]"
96023,exploiter,8,16384,author_paired_lucb,5,2,16384.0,-0.8092273442913338,0.8092273442913338,batch,"[4, 3]"
96023,exploiter,8,16384,author_global_voi,4,2,16384.0,-0.6896295825250253,0.6896295825250253,batch,"[0, 1]"
96023,exploiter,8,16384,author_pivot_voi,4,2,16384.0,-0.6896295825250253,0.6896295825250253,batch,"[0, 1]"
96023,exploiter,8,32768,pivot_kg,0,4,32768.0,0.0,0.0,budget_exhausted,"[8, 7, 6, 5]"
96023,exploiter,8,32768,pivot_kg_stop,0,4,32768.0,0.0,0.0,budget_exhausted,"[8, 7, 6, 5]"
96023,exploiter,8,32768,uniform_v2,0,4,32768.0,0.0,0.0,budget_exhausted,"[7, 1, 4, 6]"
96023,exploiter,8,32768,ivr_v2,0,4,32768.0,0.0,0.0,budget_exhausted,"[8, 7, 6, 5]"
96023,exploiter,8,32768,lucb_v2,0,4,32768.0,0.0,0.0,budget_exhausted,"[8, 7, 6, 5]"
96023,exploiter,8,32768,author_random_hf,8,4,32768.0,-1.4530141090941997,1.4530141090941997,batch,"[2, 6, 5, 3]"
96023,exploiter,8,32768,author_paired_lucb,9,4,32768.0,0.0,0.0,batch,"[4, 3, 5, 2]"
96023,exploiter,8,32768,author_global_voi,4,4,32768.0,-0.6896295825250253,0.6896295825250253,batch,"[0, 1, 2, 3]"
96023,exploiter,8,32768,author_pivot_voi,4,4,32768.0,-0.6896295825250253,0.6896295825250253,batch,"[0, 1, 2, 3]"
96023,exploiter,8,,all_hf_reference,0,9,73728.0,0.0,0.0,all,"[0, 1, 2, 3, 4, 5, 6, 7, 8]"
96024,equilibrator,1,8192,pivot_kg,8,1,8192.0,1.1482060592757217,0.0,budget_exhausted,[8]
96024,equilibrator,1,8192,pivot_kg_stop,8,1,8192.0,1.1482060592757217,0.0,budget_exhausted,[8]
96024,equilibrator,1,8192,uniform_v2,8,1,8192.0,1.1482060592757217,0.0,budget_exhausted,[5]
96024,equilibrator,1,8192,ivr_v2,8,1,8192.0,1.1482060592757217,0.0,budget_exhausted,[8]
96024,equilibrator,1,8192,lucb_v2,8,1,8192.0,1.1482060592757217,0.0,budget_exhausted,[8]
96024,equilibrator,1,,no_hf_v2,8,0,0.0,1.1482060592757217,0.0,no_hf_method,[]
96024,equilibrator,1,,proxy_only,8,0,0.0,1.1482060592757217,0.0,no_hf_method,[]
96024,equilibrator,1,8192,author_random_hf,8,1,8192.0,1.1482060592757217,0.0,batch,[2]
96024,equilibrator,1,8192,author_paired_lucb,8,1,8192.0,1.1482060592757217,0.0,batch,[8]
96024,equilibrator,1,8192,author_global_voi,8,1,8192.0,1.1482060592757217,0.0,batch,[0]
96024,equilibrator,1,8192,author_pivot_voi,8,1,8192.0,1.1482060592757217,0.0,batch,[0]
96024,equilibrator,1,16384,pivot_kg,8,2,16384.0,1.1482060592757217,0.0,budget_exhausted,"[8, 3]"
96024,equilibrator,1,16384,pivot_kg_stop,8,2,16384.0,1.1482060592757217,0.0,budget_exhausted,"[8, 6]"
96024,equilibrator,1,16384,uniform_v2,8,2,16384.0,1.1482060592757217,0.0,budget_exhausted,"[5, 2]"
96024,equilibrator,1,16384,ivr_v2,8,2,16384.0,1.1482060592757217,0.0,budget_exhausted,"[8, 7]"
96024,equilibrator,1,16384,lucb_v2,8,2,16384.0,1.1482060592757217,0.0,budget_exhausted,"[8, 7]"
96024,equilibrator,1,16384,author_random_hf,8,2,16384.0,1.1482060592757217,0.0,batch,"[2, 0]"
96024,equilibrator,1,16384,author_paired_lucb,8,2,16384.0,1.1482060592757217,0.0,batch,"[8, 7]"
96024,equilibrator,1,16384,author_global_voi,8,2,16384.0,1.1482060592757217,0.0,batch,"[0, 1]"
96024,equilibrator,1,16384,author_pivot_voi,8,2,16384.0,1.1482060592757217,0.0,batch,"[0, 1]"
96024,equilibrator,1,32768,pivot_kg,8,4,32768.0,1.1482060592757217,0.0,budget_exhausted,"[8, 3, 1, 0]"
96024,equilibrator,1,32768,pivot_kg_stop,8,4,32768.0,1.1482060592757217,0.0,budget_exhausted,"[8, 6, 2, 4]"
96024,equilibrator,1,32768,uniform_v2,8,4,32768.0,1.1482060592757217,0.0,budget_exhausted,"[5, 2, 3, 1]"
96024,equilibrator,1,32768,ivr_v2,8,4,32768.0,1.1482060592757217,0.0,budget_exhausted,"[8, 7, 6, 5]"
96024,equilibrator,1,32768,lucb_v2,8,4,32768.0,1.1482060592757217,0.0,budget_exhausted,"[8, 7, 6, 5]"
96024,equilibrator,1,32768,author_random_hf,8,4,32768.0,1.1482060592757217,0.0,batch,"[2, 0, 4, 8]"
96024,equilibrator,1,32768,author_paired_lucb,8,4,32768.0,1.1482060592757217,0.0,batch,"[8, 7, 6, 5]"
96024,equilibrator,1,32768,author_global_voi,8,4,32768.0,1.1482060592757217,0.0,batch,"[0, 1, 2, 3]"
96024,equilibrator,1,32768,author_pivot_voi,8,4,32768.0,1.1482060592757217,0.0,batch,"[0, 1, 2, 3]"
96024,equilibrator,1,,all_hf_reference,8,9,73728.0,1.1482060592757217,0.0,all,"[0, 1, 2, 3, 4, 5, 6, 7, 8]"
96024,equilibrator,8,8192,pivot_kg,0,1,8192.0,0.0,0.03447373990748753,budget_exhausted,[8]
96024,equilibrator,8,8192,pivot_kg_stop,0,1,8192.0,0.0,0.03447373990748753,budget_exhausted,[8]
96024,equilibrator,8,8192,uniform_v2,0,1,8192.0,0.0,0.03447373990748753,budget_exhausted,[5]
96024,equilibrator,8,8192,ivr_v2,0,1,8192.0,0.0,0.03447373990748753,budget_exhausted,[8]
96024,equilibrator,8,8192,lucb_v2,0,1,8192.0,0.0,0.03447373990748753,budget_exhausted,[8]
96024,equilibrator,8,,no_hf_v2,0,0,0.0,0.0,0.03447373990748753,no_hf_method,[]
96024,equilibrator,8,,proxy_only,8,0,0.0,0.03447373990748753,0.0,no_hf_method,[]
96024,equilibrator,8,8192,author_random_hf,8,1,8192.0,0.03447373990748753,0.0,batch,[2]
96024,equilibrator,8,8192,author_paired_lucb,3,1,8192.0,0.020353377399769834,0.014120362507717699,batch,[4]
96024,equilibrator,8,8192,author_global_voi,4,1,8192.0,0.02299773638059288,0.011476003526894651,batch,[0]
96024,equilibrator,8,8192,author_pivot_voi,4,1,8192.0,0.02299773638059288,0.011476003526894651,batch,[0]
96024,equilibrator,8,16384,pivot_kg,8,2,16384.0,0.03447373990748753,0.0,budget_exhausted,"[8, 7]"
96024,equilibrator,8,16384,pivot_kg_stop,8,2,16384.0,0.03447373990748753,0.0,budget_exhausted,"[8, 7]"
96024,equilibrator,8,16384,uniform_v2,0,2,16384.0,0.0,0.03447373990748753,budget_exhausted,"[5, 2]"
96024,equilibrator,8,16384,ivr_v2,8,2,16384.0,0.03447373990748753,0.0,budget_exhausted,"[8, 7]"
96024,equilibrator,8,16384,lucb_v2,8,2,16384.0,0.03447373990748753,0.0,budget_exhausted,"[8, 7]"
96024,equilibrator,8,16384,author_random_hf,8,2,16384.0,0.03447373990748753,0.0,batch,"[2, 0]"
96024,equilibrator,8,16384,author_paired_lucb,2,2,16384.0,0.01617910972086642,0.018294630186621114,batch,"[4, 3]"
96024,equilibrator,8,16384,author_global_voi,4,2,16384.0,0.02299773638059288,0.011476003526894651,batch,"[0, 1]"
96024,equilibrator,8,16384,author_pivot_voi,4,2,16384.0,0.02299773638059288,0.011476003526894651,batch,"[0, 1]"
96024,equilibrator,8,32768,pivot_kg,8,4,32768.0,0.03447373990748753,0.0,budget_exhausted,"[8, 7, 6, 5]"
96024,equilibrator,8,32768,pivot_kg_stop,8,4,32768.0,0.03447373990748753,0.0,budget_exhausted,"[8, 7, 6, 5]"
96024,equilibrator,8,32768,uniform_v2,0,4,32768.0,0.0,0.03447373990748753,budget_exhausted,"[5, 2, 3, 1]"
96024,equilibrator,8,32768,ivr_v2,8,4,32768.0,0.03447373990748753,0.0,budget_exhausted,"[8, 7, 6, 5]"
96024,equilibrator,8,32768,lucb_v2,8,4,32768.0,0.03447373990748753,0.0,budget_exhausted,"[8, 7, 6, 5]"
96024,equilibrator,8,32768,author_random_hf,7,4,32768.0,0.029850600099262464,0.0046231398082250685,batch,"[2, 0, 4, 8]"
96024,equilibrator,8,32768,author_paired_lucb,3,4,32768.0,0.020353377399769834,0.014120362507717699,batch,"[4, 3, 2, 5]"
96024,equilibrator,8,32768,author_global_voi,4,4,32768.0,0.02299773638059288,0.011476003526894651,batch,"[0, 1, 2, 3]"
96024,equilibrator,8,32768,author_pivot_voi,4,4,32768.0,0.02299773638059288,0.011476003526894651,batch,"[0, 1, 2, 3]"
96024,equilibrator,8,,all_hf_reference,8,9,73728.0,0.03447373990748753,0.0,all,"[0, 1, 2, 3, 4, 5, 6, 7, 8]"
96025,exploiter,1,8192,pivot_kg,8,1,8192.0,1.4656775301577696,0.0,budget_exhausted,[1]
96025,exploiter,1,8192,pivot_kg_stop,8,0,0.0,1.4656775301577696,0.0,selection_probability,[]
96025,exploiter,1,8192,uniform_v2,8,1,8192.0,1.4656775301577696,0.0,budget_exhausted,[6]
96025,exploiter,1,8192,ivr_v2,8,1,8192.0,1.4656775301577696,0.0,budget_exhausted,[8]
96025,exploiter,1,8192,lucb_v2,8,1,8192.0,1.4656775301577696,0.0,budget_exhausted,[8]
96025,exploiter,1,,no_hf_v2,8,0,0.0,1.4656775301577696,0.0,no_hf_method,[]
96025,exploiter,1,,proxy_only,8,0,0.0,1.4656775301577696,0.0,no_hf_method,[]
96025,exploiter,1,8192,author_random_hf,8,1,8192.0,1.4656775301577696,0.0,batch,[5]
96025,exploiter,1,8192,author_paired_lucb,8,1,8192.0,1.4656775301577696,0.0,batch,[8]
96025,exploiter,1,8192,author_global_voi,8,1,8192.0,1.4656775301577696,0.0,batch,[0]
96025,exploiter,1,8192,author_pivot_voi,8,1,8192.0,1.4656775301577696,0.0,batch,[0]
96025,exploiter,1,16384,pivot_kg,8,2,16384.0,1.4656775301577696,0.0,budget_exhausted,"[1, 4]"
96025,exploiter,1,16384,pivot_kg_stop,8,0,0.0,1.4656775301577696,0.0,selection_probability,[]
96025,exploiter,1,16384,uniform_v2,8,2,16384.0,1.4656775301577696,0.0,budget_exhausted,"[6, 2]"
96025,exploiter,1,16384,ivr_v2,8,2,16384.0,1.4656775301577696,0.0,budget_exhausted,"[8, 7]"
96025,exploiter,1,16384,lucb_v2,8,2,16384.0,1.4656775301577696,0.0,budget_exhausted,"[8, 7]"
96025,exploiter,1,16384,author_random_hf,7,2,16384.0,1.250008206227117,0.21566932393065263,batch,"[5, 8]"
96025,exploiter,1,16384,author_paired_lucb,8,2,16384.0,1.4656775301577696,0.0,batch,"[8, 7]"
96025,exploiter,1,16384,author_global_voi,8,2,16384.0,1.4656775301577696,0.0,batch,"[0, 1]"
96025,exploiter,1,16384,author_pivot_voi,8,2,16384.0,1.4656775301577696,0.0,batch,"[0, 1]"
96025,exploiter,1,32768,pivot_kg,8,4,32768.0,1.4656775301577696,0.0,budget_exhausted,"[1, 4, 5, 8]"
96025,exploiter,1,32768,pivot_kg_stop,8,0,0.0,1.4656775301577696,0.0,selection_probability,[]
96025,exploiter,1,32768,uniform_v2,8,4,32768.0,1.4656775301577696,0.0,budget_exhausted,"[6, 2, 7, 8]"
96025,exploiter,1,32768,ivr_v2,8,4,32768.0,1.4656775301577696,0.0,budget_exhausted,"[8, 7, 6, 5]"
96025,exploiter,1,32768,lucb_v2,8,4,32768.0,1.4656775301577696,0.0,budget_exhausted,"[8, 7, 6, 5]"
96025,exploiter,1,32768,author_random_hf,8,4,32768.0,1.4656775301577696,0.0,batch,"[5, 8, 7, 2]"
96025,exploiter,1,32768,author_paired_lucb,8,4,32768.0,1.4656775301577696,0.0,batch,"[8, 7, 6, 5]"
96025,exploiter,1,32768,author_global_voi,8,4,32768.0,1.4656775301577696,0.0,batch,"[0, 1, 2, 3]"
96025,exploiter,1,32768,author_pivot_voi,8,4,32768.0,1.4656775301577696,0.0,batch,"[0, 1, 2, 3]"
96025,exploiter,1,,all_hf_reference,8,9,73728.0,1.4656775301577696,0.0,all,"[0, 1, 2, 3, 4, 5, 6, 7, 8]"
96025,exploiter,8,8192,pivot_kg,0,1,8192.0,0.0,0.0,budget_exhausted,[8]
96025,exploiter,8,8192,pivot_kg_stop,0,1,8192.0,0.0,0.0,budget_exhausted,[8]
96025,exploiter,8,8192,uniform_v2,0,1,8192.0,0.0,0.0,budget_exhausted,[6]
96025,exploiter,8,8192,ivr_v2,0,1,8192.0,0.0,0.0,budget_exhausted,[8]
96025,exploiter,8,8192,lucb_v2,0,1,8192.0,0.0,0.0,budget_exhausted,[8]
96025,exploiter,8,,no_hf_v2,0,0,0.0,0.0,0.0,no_hf_method,[]
96025,exploiter,8,,proxy_only,8,0,0.0,-1.040473586907175,1.040473586907175,no_hf_method,[]
96025,exploiter,8,8192,author_random_hf,8,1,8192.0,-1.040473586907175,1.040473586907175,batch,[5]
96025,exploiter,8,8192,author_paired_lucb,3,1,8192.0,-0.35232333394354237,0.35232333394354237,batch,[4]
96025,exploiter,8,8192,author_global_voi,4,1,8192.0,-0.4734871670563091,0.4734871670563091,batch,[0]
96025,exploiter,8,8192,author_pivot_voi,4,1,8192.0,-0.4734871670563091,0.4734871670563091,batch,[0]
96025,exploiter,8,16384,pivot_kg,0,2,16384.0,0.0,0.0,budget_exhausted,"[8, 7]"
96025,exploiter,8,16384,pivot_kg_stop,0,2,16384.0,0.0,0.0,budget_exhausted,"[8, 7]"
96025,exploiter,8,16384,uniform_v2,0,2,16384.0,0.0,0.0,budget_exhausted,"[6, 2]"
96025,exploiter,8,16384,ivr_v2,0,2,16384.0,0.0,0.0,budget_exhausted,"[8, 7]"
96025,exploiter,8,16384,lucb_v2,0,2,16384.0,0.0,0.0,budget_exhausted,"[8, 7]"
96025,exploiter,8,16384,author_random_hf,7,2,16384.0,-0.8724597535185743,0.8724597535185743,batch,"[5, 8]"
96025,exploiter,8,16384,author_paired_lucb,5,2,16384.0,-0.593796534256029,0.593796534256029,batch,"[4, 3]"
96025,exploiter,8,16384,author_global_voi,4,2,16384.0,-0.4734871670563091,0.4734871670563091,batch,"[0, 1]"
96025,exploiter,8,16384,author_pivot_voi,4,2,16384.0,-0.4734871670563091,0.4734871670563091,batch,"[0, 1]"
96025,exploiter,8,32768,pivot_kg,0,4,32768.0,0.0,0.0,budget_exhausted,"[8, 7, 6, 5]"
96025,exploiter,8,32768,pivot_kg_stop,0,4,32768.0,0.0,0.0,budget_exhausted,"[8, 7, 6, 5]"
96025,exploiter,8,32768,uniform_v2,0,4,32768.0,0.0,0.0,budget_exhausted,"[6, 2, 7, 8]"
96025,exploiter,8,32768,ivr_v2,0,4,32768.0,0.0,0.0,budget_exhausted,"[8, 7, 6, 5]"
96025,exploiter,8,32768,lucb_v2,0,4,32768.0,0.0,0.0,budget_exhausted,"[8, 7, 6, 5]"
96025,exploiter,8,32768,author_random_hf,6,4,32768.0,-0.7305218689421544,0.7305218689421544,batch,"[5, 8, 7, 2]"
96025,exploiter,8,32768,author_paired_lucb,6,4,32768.0,-0.7305218689421544,0.7305218689421544,batch,"[4, 3, 5, 2]"
96025,exploiter,8,32768,author_global_voi,4,4,32768.0,-0.4734871670563091,0.4734871670563091,batch,"[0, 1, 2, 3]"
96025,exploiter,8,32768,author_pivot_voi,4,4,32768.0,-0.4734871670563091,0.4734871670563091,batch,"[0, 1, 2, 3]"
96025,exploiter,8,,all_hf_reference,0,9,73728.0,0.0,0.0,all,"[0, 1, 2, 3, 4, 5, 6, 7, 8]"
96026,equilibrator,1,8192,pivot_kg,8,1,8192.0,2.326486890302332,0.0,budget_exhausted,[1]
96026,equilibrator,1,8192,pivot_kg_stop,8,0,0.0,2.326486890302332,0.0,selection_probability,[]
96026,equilibrator,1,8192,uniform_v2,8,1,8192.0,2.326486890302332,0.0,budget_exhausted,[8]
96026,equilibrator,1,8192,ivr_v2,8,1,8192.0,2.326486890302332,0.0,budget_exhausted,[8]
96026,equilibrator,1,8192,lucb_v2,8,1,8192.0,2.326486890302332,0.0,budget_exhausted,[8]
96026,equilibrator,1,,no_hf_v2,8,0,0.0,2.326486890302332,0.0,no_hf_method,[]
96026,equilibrator,1,,proxy_only,8,0,0.0,2.326486890302332,0.0,no_hf_method,[]
96026,equilibrator,1,8192,author_random_hf,8,1,8192.0,2.326486890302332,0.0,batch,[1]
96026,equilibrator,1,8192,author_paired_lucb,8,1,8192.0,2.326486890302332,0.0,batch,[8]
96026,equilibrator,1,8192,author_global_voi,8,1,8192.0,2.326486890302332,0.0,batch,[0]
96026,equilibrator,1,8192,author_pivot_voi,8,1,8192.0,2.326486890302332,0.0,batch,[0]
96026,equilibrator,1,16384,pivot_kg,8,2,16384.0,2.326486890302332,0.0,budget_exhausted,"[1, 5]"
96026,equilibrator,1,16384,pivot_kg_stop,8,0,0.0,2.326486890302332,0.0,selection_probability,[]
96026,equilibrator,1,16384,uniform_v2,8,2,16384.0,2.326486890302332,0.0,budget_exhausted,"[8, 4]"
96026,equilibrator,1,16384,ivr_v2,8,2,16384.0,2.326486890302332,0.0,budget_exhausted,"[8, 7]"
96026,equilibrator,1,16384,lucb_v2,8,2,16384.0,2.326486890302332,0.0,budget_exhausted,"[8, 7]"
96026,equilibrator,1,16384,author_random_hf,8,2,16384.0,2.326486890302332,0.0,batch,"[1, 7]"
96026,equilibrator,1,16384,author_paired_lucb,8,2,16384.0,2.326486890302332,0.0,batch,"[8, 7]"
96026,equilibrator,1,16384,author_global_voi,8,2,16384.0,2.326486890302332,0.0,batch,"[0, 1]"
96026,equilibrator,1,16384,author_pivot_voi,8,2,16384.0,2.326486890302332,0.0,batch,"[0, 1]"
96026,equilibrator,1,32768,pivot_kg,8,4,32768.0,2.326486890302332,0.0,budget_exhausted,"[1, 5, 6, 0]"
96026,equilibrator,1,32768,pivot_kg_stop,8,0,0.0,2.326486890302332,0.0,selection_probability,[]
96026,equilibrator,1,32768,uniform_v2,8,4,32768.0,2.326486890302332,0.0,budget_exhausted,"[8, 4, 2, 6]"
96026,equilibrator,1,32768,ivr_v2,8,4,32768.0,2.326486890302332,0.0,budget_exhausted,"[8, 7, 6, 5]"
96026,equilibrator,1,32768,lucb_v2,8,4,32768.0,2.326486890302332,0.0,budget_exhausted,"[8, 7, 6, 5]"
96026,equilibrator,1,32768,author_random_hf,8,4,32768.0,2.326486890302332,0.0,batch,"[1, 7, 3, 8]"
96026,equilibrator,1,32768,author_paired_lucb,8,4,32768.0,2.326486890302332,0.0,batch,"[8, 7, 6, 5]"
96026,equilibrator,1,32768,author_global_voi,8,4,32768.0,2.326486890302332,0.0,batch,"[0, 1, 2, 3]"
96026,equilibrator,1,32768,author_pivot_voi,8,4,32768.0,2.326486890302332,0.0,batch,"[0, 1, 2, 3]"
96026,equilibrator,1,,all_hf_reference,8,9,73728.0,2.326486890302332,0.0,all,"[0, 1, 2, 3, 4, 5, 6, 7, 8]"
96026,equilibrator,8,8192,pivot_kg,7,1,8192.0,0.24346128717225266,0.03991383984500821,budget_exhausted,[8]
96026,equilibrator,8,8192,pivot_kg_stop,7,1,8192.0,0.24346128717225266,0.03991383984500821,budget_exhausted,[8]
96026,equilibrator,8,8192,uniform_v2,7,1,8192.0,0.24346128717225266,0.03991383984500821,budget_exhausted,[8]
96026,equilibrator,8,8192,ivr_v2,7,1,8192.0,0.24346128717225266,0.03991383984500821,budget_exhausted,[8]
96026,equilibrator,8,8192,lucb_v2,7,1,8192.0,0.24346128717225266,0.03991383984500821,budget_exhausted,[8]
96026,equilibrator,8,,no_hf_v2,8,0,0.0,0.28337512701726086,0.0,no_hf_method,[]
96026,equilibrator,8,,proxy_only,8,0,0.0,0.28337512701726086,0.0,no_hf_method,[]
96026,equilibrator,8,8192,author_random_hf,8,1,8192.0,0.28337512701726086,0.0,batch,[1]
96026,equilibrator,8,8192,author_paired_lucb,5,1,8192.0,0.1695175074051333,0.11385761961212756,batch,[4]
96026,equilibrator,8,8192,author_global_voi,4,1,8192.0,0.13475992780450857,0.1486151992127523,batch,[0]
96026,equilibrator,8,8192,author_pivot_voi,4,1,8192.0,0.13475992780450857,0.1486151992127523,batch,[0]
96026,equilibrator,8,16384,pivot_kg,8,2,16384.0,0.28337512701726086,0.0,budget_exhausted,"[8, 7]"
96026,equilibrator,8,16384,pivot_kg_stop,8,2,16384.0,0.28337512701726086,0.0,budget_exhausted,"[8, 7]"
96026,equilibrator,8,16384,uniform_v2,7,2,16384.0,0.24346128717225266,0.03991383984500821,budget_exhausted,"[8, 4]"
96026,equilibrator,8,16384,ivr_v2,8,2,16384.0,0.28337512701726086,0.0,budget_exhausted,"[8, 7]"
96026,equilibrator,8,16384,lucb_v2,8,2,16384.0,0.28337512701726086,0.0,budget_exhausted,"[8, 7]"
96026,equilibrator,8,16384,author_random_hf,8,2,16384.0,0.28337512701726086,0.0,batch,"[1, 7]"
96026,equilibrator,8,16384,author_paired_lucb,3,2,16384.0,0.10092194235544125,0.18245318466181962,batch,"[4, 5]"
96026,equilibrator,8,16384,author_global_voi,4,2,16384.0,0.13475992780450857,0.1486151992127523,batch,"[0, 1]"
96026,equilibrator,8,16384,author_pivot_voi,4,2,16384.0,0.13475992780450857,0.1486151992127523,batch,"[0, 1]"
96026,equilibrator,8,32768,pivot_kg,8,4,32768.0,0.28337512701726086,0.0,budget_exhausted,"[8, 7, 6, 5]"
96026,equilibrator,8,32768,pivot_kg_stop,8,4,32768.0,0.28337512701726086,0.0,budget_exhausted,"[8, 7, 6, 5]"
96026,equilibrator,8,32768,uniform_v2,7,4,32768.0,0.24346128717225266,0.03991383984500821,budget_exhausted,"[8, 4, 2, 6]"
96026,equilibrator,8,32768,ivr_v2,8,4,32768.0,0.28337512701726086,0.0,budget_exhausted,"[8, 7, 6, 5]"
96026,equilibrator,8,32768,lucb_v2,8,4,32768.0,0.28337512701726086,0.0,budget_exhausted,"[8, 7, 6, 5]"
96026,equilibrator,8,32768,author_random_hf,6,4,32768.0,0.2056228686228235,0.07775225839443736,batch,"[1, 7, 3, 8]"
96026,equilibrator,8,32768,author_paired_lucb,7,4,32768.0,0.24346128717225266,0.03991383984500821,batch,"[4, 5, 3, 6]"
96026,equilibrator,8,32768,author_global_voi,4,4,32768.0,0.13475992780450857,0.1486151992127523,batch,"[0, 1, 2, 3]"
96026,equilibrator,8,32768,author_pivot_voi,4,4,32768.0,0.13475992780450857,0.1486151992127523,batch,"[0, 1, 2, 3]"
96026,equilibrator,8,,all_hf_reference,6,9,73728.0,0.2056228686228235,0.07775225839443736,all,"[0, 1, 2, 3, 4, 5, 6, 7, 8]"
96027,exploiter,1,8192,pivot_kg,8,1,8192.0,1.5250865924824482,0.0,budget_exhausted,[8]
96027,exploiter,1,8192,pivot_kg_stop,8,0,0.0,1.5250865924824482,0.0,selection_probability,[]
96027,exploiter,1,8192,uniform_v2,8,1,8192.0,1.5250865924824482,0.0,budget_exhausted,[2]
96027,exploiter,1,8192,ivr_v2,8,1,8192.0,1.5250865924824482,0.0,budget_exhausted,[8]
96027,exploiter,1,8192,lucb_v2,8,1,8192.0,1.5250865924824482,0.0,budget_exhausted,[8]
96027,exploiter,1,,no_hf_v2,8,0,0.0,1.5250865924824482,0.0,no_hf_method,[]
96027,exploiter,1,,proxy_only,8,0,0.0,1.5250865924824482,0.0,no_hf_method,[]
96027,exploiter,1,8192,author_random_hf,8,1,8192.0,1.5250865924824482,0.0,batch,[7]
96027,exploiter,1,8192,author_paired_lucb,8,1,8192.0,1.5250865924824482,0.0,batch,[8]
96027,exploiter,1,8192,author_global_voi,8,1,8192.0,1.5250865924824482,0.0,batch,[0]
96027,exploiter,1,8192,author_pivot_voi,8,1,8192.0,1.5250865924824482,0.0,batch,[0]
96027,exploiter,1,16384,pivot_kg,8,2,16384.0,1.5250865924824482,0.0,budget_exhausted,"[8, 0]"
96027,exploiter,1,16384,pivot_kg_stop,8,0,0.0,1.5250865924824482,0.0,selection_probability,[]
96027,exploiter,1,16384,uniform_v2,8,2,16384.0,1.5250865924824482,0.0,budget_exhausted,"[2, 4]"
96027,exploiter,1,16384,ivr_v2,8,2,16384.0,1.5250865924824482,0.0,budget_exhausted,"[8, 7]"
96027,exploiter,1,16384,lucb_v2,8,2,16384.0,1.5250865924824482,0.0,budget_exhausted,"[8, 7]"
96027,exploiter,1,16384,author_random_hf,8,2,16384.0,1.5250865924824482,0.0,batch,"[7, 1]"
96027,exploiter,1,16384,author_paired_lucb,8,2,16384.0,1.5250865924824482,0.0,batch,"[8, 7]"
96027,exploiter,1,16384,author_global_voi,8,2,16384.0,1.5250865924824482,0.0,batch,"[0, 1]"
96027,exploiter,1,16384,author_pivot_voi,8,2,16384.0,1.5250865924824482,0.0,batch,"[0, 1]"
96027,exploiter,1,32768,pivot_kg,8,4,32768.0,1.5250865924824482,0.0,budget_exhausted,"[8, 0, 5, 2]"
96027,exploiter,1,32768,pivot_kg_stop,8,0,0.0,1.5250865924824482,0.0,selection_probability,[]
96027,exploiter,1,32768,uniform_v2,8,4,32768.0,1.5250865924824482,0.0,budget_exhausted,"[2, 4, 7, 1]"
96027,exploiter,1,32768,ivr_v2,8,4,32768.0,1.5250865924824482,0.0,budget_exhausted,"[8, 7, 6, 5]"
96027,exploiter,1,32768,lucb_v2,8,4,32768.0,1.5250865924824482,0.0,budget_exhausted,"[8, 7, 6, 5]"
96027,exploiter,1,32768,author_random_hf,8,4,32768.0,1.5250865924824482,0.0,batch,"[7, 1, 6, 2]"
96027,exploiter,1,32768,author_paired_lucb,8,4,32768.0,1.5250865924824482,0.0,batch,"[8, 7, 6, 5]"
96027,exploiter,1,32768,author_global_voi,8,4,32768.0,1.5250865924824482,0.0,batch,"[0, 1, 2, 3]"
96027,exploiter,1,32768,author_pivot_voi,8,4,32768.0,1.5250865924824482,0.0,batch,"[0, 1, 2, 3]"
96027,exploiter,1,,all_hf_reference,8,9,73728.0,1.5250865924824482,0.0,all,"[0, 1, 2, 3, 4, 5, 6, 7, 8]"
96027,exploiter,8,8192,pivot_kg,0,1,8192.0,0.0,0.0,budget_exhausted,[8]
96027,exploiter,8,8192,pivot_kg_stop,0,1,8192.0,0.0,0.0,budget_exhausted,[8]
96027,exploiter,8,8192,uniform_v2,0,1,8192.0,0.0,0.0,budget_exhausted,[2]
96027,exploiter,8,8192,ivr_v2,0,1,8192.0,0.0,0.0,budget_exhausted,[8]
96027,exploiter,8,8192,lucb_v2,0,1,8192.0,0.0,0.0,budget_exhausted,[8]
96027,exploiter,8,,no_hf_v2,0,0,0.0,0.0,0.0,no_hf_method,[]
96027,exploiter,8,,proxy_only,8,0,0.0,-1.0999100369836023,1.0999100369836023,no_hf_method,[]
96027,exploiter,8,8192,author_random_hf,8,1,8192.0,-1.0999100369836023,1.0999100369836023,batch,[7]
96027,exploiter,8,8192,author_paired_lucb,3,1,8192.0,-0.4572288355065157,0.4572288355065157,batch,[4]
96027,exploiter,8,8192,author_global_voi,4,1,8192.0,-0.60118713762359,0.60118713762359,batch,[0]
96027,exploiter,8,8192,author_pivot_voi,4,1,8192.0,-0.60118713762359,0.60118713762359,batch,[0]
96027,exploiter,8,16384,pivot_kg,0,2,16384.0,0.0,0.0,budget_exhausted,"[8, 7]"
96027,exploiter,8,16384,pivot_kg_stop,0,2,16384.0,0.0,0.0,budget_exhausted,"[8, 7]"
96027,exploiter,8,16384,uniform_v2,0,2,16384.0,0.0,0.0,budget_exhausted,"[2, 4]"
96027,exploiter,8,16384,ivr_v2,0,2,16384.0,0.0,0.0,budget_exhausted,"[8, 7]"
96027,exploiter,8,16384,lucb_v2,0,2,16384.0,0.0,0.0,budget_exhausted,"[8, 7]"
96027,exploiter,8,16384,author_random_hf,8,2,16384.0,-1.0999100369836023,1.0999100369836023,batch,"[7, 1]"
96027,exploiter,8,16384,author_paired_lucb,5,2,16384.0,-0.7436864790115375,0.7436864790115375,batch,"[4, 3]"
96027,exploiter,8,16384,author_global_voi,4,2,16384.0,-0.60118713762359,0.60118713762359,batch,"[0, 1]"
96027,exploiter,8,16384,author_pivot_voi,4,2,16384.0,-0.60118713762359,0.60118713762359,batch,"[0, 1]"
96027,exploiter,8,32768,pivot_kg,0,4,32768.0,0.0,0.0,budget_exhausted,"[8, 7, 6, 5]"
96027,exploiter,8,32768,pivot_kg_stop,0,4,32768.0,0.0,0.0,budget_exhausted,"[8, 7, 6, 5]"
96027,exploiter,8,32768,uniform_v2,0,4,32768.0,0.0,0.0,budget_exhausted,"[2, 4, 7, 1]"
96027,exploiter,8,32768,ivr_v2,0,4,32768.0,0.0,0.0,budget_exhausted,"[8, 7, 6, 5]"
96027,exploiter,8,32768,lucb_v2,0,4,32768.0,0.0,0.0,budget_exhausted,"[8, 7, 6, 5]"
96027,exploiter,8,32768,author_random_hf,8,4,32768.0,-1.0999100369836023,1.0999100369836023,batch,"[7, 1, 6, 2]"
96027,exploiter,8,32768,author_paired_lucb,6,4,32768.0,-0.8961822180683364,0.8961822180683364,batch,"[4, 3, 5, 2]"
96027,exploiter,8,32768,author_global_voi,4,4,32768.0,-0.60118713762359,0.60118713762359,batch,"[0, 1, 2, 3]"
96027,exploiter,8,32768,author_pivot_voi,4,4,32768.0,-0.60118713762359,0.60118713762359,batch,"[0, 1, 2, 3]"
96027,exploiter,8,,all_hf_reference,0,9,73728.0,0.0,0.0,all,"[0, 1, 2, 3, 4, 5, 6, 7, 8]"
96028,equilibrator,1,8192,pivot_kg,8,1,8192.0,1.8784762362617278,0.0,budget_exhausted,[5]
96028,equilibrator,1,8192,pivot_kg_stop,8,0,0.0,1.8784762362617278,0.0,selection_probability,[]
96028,equilibrator,1,8192,uniform_v2,8,1,8192.0,1.8784762362617278,0.0,budget_exhausted,[1]
96028,equilibrator,1,8192,ivr_v2,8,1,8192.0,1.8784762362617278,0.0,budget_exhausted,[8]
96028,equilibrator,1,8192,lucb_v2,8,1,8192.0,1.8784762362617278,0.0,budget_exhausted,[8]
96028,equilibrator,1,,no_hf_v2,8,0,0.0,1.8784762362617278,0.0,no_hf_method,[]
96028,equilibrator,1,,proxy_only,8,0,0.0,1.8784762362617278,0.0,no_hf_method,[]
96028,equilibrator,1,8192,author_random_hf,8,1,8192.0,1.8784762362617278,0.0,batch,[3]
96028,equilibrator,1,8192,author_paired_lucb,8,1,8192.0,1.8784762362617278,0.0,batch,[8]
96028,equilibrator,1,8192,author_global_voi,8,1,8192.0,1.8784762362617278,0.0,batch,[0]
96028,equilibrator,1,8192,author_pivot_voi,8,1,8192.0,1.8784762362617278,0.0,batch,[0]
96028,equilibrator,1,16384,pivot_kg,8,2,16384.0,1.8784762362617278,0.0,budget_exhausted,"[5, 7]"
96028,equilibrator,1,16384,pivot_kg_stop,8,0,0.0,1.8784762362617278,0.0,selection_probability,[]
96028,equilibrator,1,16384,uniform_v2,8,2,16384.0,1.8784762362617278,0.0,budget_exhausted,"[1, 6]"
96028,equilibrator,1,16384,ivr_v2,8,2,16384.0,1.8784762362617278,0.0,budget_exhausted,"[8, 7]"
96028,equilibrator,1,16384,lucb_v2,8,2,16384.0,1.8784762362617278,0.0,budget_exhausted,"[8, 7]"
96028,equilibrator,1,16384,author_random_hf,8,2,16384.0,1.8784762362617278,0.0,batch,"[3, 5]"
96028,equilibrator,1,16384,author_paired_lucb,8,2,16384.0,1.8784762362617278,0.0,batch,"[8, 7]"
96028,equilibrator,1,16384,author_global_voi,8,2,16384.0,1.8784762362617278,0.0,batch,"[0, 1]"
96028,equilibrator,1,16384,author_pivot_voi,8,2,16384.0,1.8784762362617278,0.0,batch,"[0, 1]"
96028,equilibrator,1,32768,pivot_kg,8,4,32768.0,1.8784762362617278,0.0,budget_exhausted,"[5, 7, 8, 3]"
96028,equilibrator,1,32768,pivot_kg_stop,8,0,0.0,1.8784762362617278,0.0,selection_probability,[]
96028,equilibrator,1,32768,uniform_v2,8,4,32768.0,1.8784762362617278,0.0,budget_exhausted,"[1, 6, 5, 2]"
96028,equilibrator,1,32768,ivr_v2,8,4,32768.0,1.8784762362617278,0.0,budget_exhausted,"[8, 7, 6, 5]"
96028,equilibrator,1,32768,lucb_v2,8,4,32768.0,1.8784762362617278,0.0,budget_exhausted,"[8, 7, 6, 5]"
96028,equilibrator,1,32768,author_random_hf,8,4,32768.0,1.8784762362617278,0.0,batch,"[3, 5, 6, 8]"
96028,equilibrator,1,32768,author_paired_lucb,8,4,32768.0,1.8784762362617278,0.0,batch,"[8, 7, 6, 5]"
96028,equilibrator,1,32768,author_global_voi,8,4,32768.0,1.8784762362617278,0.0,batch,"[0, 1, 2, 3]"
96028,equilibrator,1,32768,author_pivot_voi,8,4,32768.0,1.8784762362617278,0.0,batch,"[0, 1, 2, 3]"
96028,equilibrator,1,,all_hf_reference,8,9,73728.0,1.8784762362617278,0.0,all,"[0, 1, 2, 3, 4, 5, 6, 7, 8]"
96028,equilibrator,8,8192,pivot_kg,8,1,8192.0,0.36570637199847256,0.0,budget_exhausted,[8]
96028,equilibrator,8,8192,pivot_kg_stop,8,1,8192.0,0.36570637199847256,0.0,budget_exhausted,[8]
96028,equilibrator,8,8192,uniform_v2,0,1,8192.0,0.0,0.36570637199847256,budget_exhausted,[1]
96028,equilibrator,8,8192,ivr_v2,8,1,8192.0,0.36570637199847256,0.0,budget_exhausted,[8]
96028,equilibrator,8,8192,lucb_v2,8,1,8192.0,0.36570637199847256,0.0,budget_exhausted,[8]
96028,equilibrator,8,,no_hf_v2,0,0,0.0,0.0,0.36570637199847256,no_hf_method,[]
96028,equilibrator,8,,proxy_only,8,0,0.0,0.36570637199847256,0.0,no_hf_method,[]
96028,equilibrator,8,8192,author_random_hf,8,1,8192.0,0.36570637199847256,0.0,batch,[3]
96028,equilibrator,8,8192,author_paired_lucb,3,1,8192.0,0.0729932365405794,0.2927131354578931,batch,[4]
96028,equilibrator,8,8192,author_global_voi,4,1,8192.0,0.1072730036476491,0.2584333683508234,batch,[0]
96028,equilibrator,8,8192,author_pivot_voi,4,1,8192.0,0.1072730036476491,0.2584333683508234,batch,[0]
96028,equilibrator,8,16384,pivot_kg,8,2,16384.0,0.36570637199847256,0.0,budget_exhausted,"[8, 7]"
96028,equilibrator,8,16384,pivot_kg_stop,8,2,16384.0,0.36570637199847256,0.0,budget_exhausted,"[8, 7]"
96028,equilibrator,8,16384,uniform_v2,6,2,16384.0,0.20689199013366402,0.15881438186480853,budget_exhausted,"[1, 6]"
96028,equilibrator,8,16384,ivr_v2,8,2,16384.0,0.36570637199847256,0.0,budget_exhausted,"[8, 7]"
96028,equilibrator,8,16384,lucb_v2,8,2,16384.0,0.36570637199847256,0.0,budget_exhausted,"[8, 7]"
96028,equilibrator,8,16384,author_random_hf,8,2,16384.0,0.36570637199847256,0.0,batch,"[3, 5]"
96028,equilibrator,8,16384,author_paired_lucb,5,2,16384.0,0.1510140338368855,0.21469233816158706,batch,"[4, 3]"
96028,equilibrator,8,16384,author_global_voi,4,2,16384.0,0.1072730036476491,0.2584333683508234,batch,"[0, 1]"
96028,equilibrator,8,16384,author_pivot_voi,4,2,16384.0,0.1072730036476491,0.2584333683508234,batch,"[0, 1]"
96028,equilibrator,8,32768,pivot_kg,8,4,32768.0,0.36570637199847256,0.0,budget_exhausted,"[8, 7, 6, 5]"
96028,equilibrator,8,32768,pivot_kg_stop,8,4,32768.0,0.36570637199847256,0.0,budget_exhausted,"[8, 7, 6, 5]"
96028,equilibrator,8,32768,uniform_v2,8,4,32768.0,0.36570637199847256,0.0,budget_exhausted,"[1, 6, 5, 2]"
96028,equilibrator,8,32768,ivr_v2,8,4,32768.0,0.36570637199847256,0.0,budget_exhausted,"[8, 7, 6, 5]"
96028,equilibrator,8,32768,lucb_v2,8,4,32768.0,0.36570637199847256,0.0,budget_exhausted,"[8, 7, 6, 5]"
96028,equilibrator,8,32768,author_random_hf,7,4,32768.0,0.27757154333278466,0.08813482866568789,batch,"[3, 5, 6, 8]"
96028,equilibrator,8,32768,author_paired_lucb,5,4,32768.0,0.1510140338368855,0.21469233816158706,batch,"[4, 3, 5, 2]"
96028,equilibrator,8,32768,author_global_voi,4,4,32768.0,0.1072730036476491,0.2584333683508234,batch,"[0, 1, 2, 3]"
96028,equilibrator,8,32768,author_pivot_voi,4,4,32768.0,0.1072730036476491,0.2584333683508234,batch,"[0, 1, 2, 3]"
96028,equilibrator,8,,all_hf_reference,8,9,73728.0,0.36570637199847256,0.0,all,"[0, 1, 2, 3, 4, 5, 6, 7, 8]"
96029,exploiter,1,8192,pivot_kg,8,1,8192.0,1.6767618413774525,0.0,budget_exhausted,[3]
96029,exploiter,1,8192,pivot_kg_stop,8,0,0.0,1.6767618413774525,0.0,selection_probability,[]
96029,exploiter,1,8192,uniform_v2,8,1,8192.0,1.6767618413774525,0.0,budget_exhausted,[4]
96029,exploiter,1,8192,ivr_v2,8,1,8192.0,1.6767618413774525,0.0,budget_exhausted,[8]
96029,exploiter,1,8192,lucb_v2,8,1,8192.0,1.6767618413774525,0.0,budget_exhausted,[8]
96029,exploiter,1,,no_hf_v2,8,0,0.0,1.6767618413774525,0.0,no_hf_method,[]
96029,exploiter,1,,proxy_only,8,0,0.0,1.6767618413774525,0.0,no_hf_method,[]
96029,exploiter,1,8192,author_random_hf,8,1,8192.0,1.6767618413774525,0.0,batch,[3]
96029,exploiter,1,8192,author_paired_lucb,8,1,8192.0,1.6767618413774525,0.0,batch,[8]
96029,exploiter,1,8192,author_global_voi,8,1,8192.0,1.6767618413774525,0.0,batch,[0]
96029,exploiter,1,8192,author_pivot_voi,8,1,8192.0,1.6767618413774525,0.0,batch,[0]
96029,exploiter,1,16384,pivot_kg,8,2,16384.0,1.6767618413774525,0.0,budget_exhausted,"[3, 4]"
96029,exploiter,1,16384,pivot_kg_stop,8,0,0.0,1.6767618413774525,0.0,selection_probability,[]
96029,exploiter,1,16384,uniform_v2,8,2,16384.0,1.6767618413774525,0.0,budget_exhausted,"[4, 0]"
96029,exploiter,1,16384,ivr_v2,8,2,16384.0,1.6767618413774525,0.0,budget_exhausted,"[8, 7]"
96029,exploiter,1,16384,lucb_v2,8,2,16384.0,1.6767618413774525,0.0,budget_exhausted,"[8, 7]"
96029,exploiter,1,16384,author_random_hf,8,2,16384.0,1.6767618413774525,0.0,batch,"[3, 7]"
96029,exploiter,1,16384,author_paired_lucb,8,2,16384.0,1.6767618413774525,0.0,batch,"[8, 7]"
96029,exploiter,1,16384,author_global_voi,8,2,16384.0,1.6767618413774525,0.0,batch,"[0, 1]"
96029,exploiter,1,16384,author_pivot_voi,8,2,16384.0,1.6767618413774525,0.0,batch,"[0, 1]"
96029,exploiter,1,32768,pivot_kg,8,4,32768.0,1.6767618413774525,0.0,budget_exhausted,"[3, 4, 1, 6]"
96029,exploiter,1,32768,pivot_kg_stop,8,0,0.0,1.6767618413774525,0.0,selection_probability,[]
96029,exploiter,1,32768,uniform_v2,8,4,32768.0,1.6767618413774525,0.0,budget_exhausted,"[4, 0, 8, 1]"
96029,exploiter,1,32768,ivr_v2,8,4,32768.0,1.6767618413774525,0.0,budget_exhausted,"[8, 7, 6, 5]"
96029,exploiter,1,32768,lucb_v2,8,4,32768.0,1.6767618413774525,0.0,budget_exhausted,"[8, 7, 6, 5]"
96029,exploiter,1,32768,author_random_hf,8,4,32768.0,1.6767618413774525,0.0,batch,"[3, 7, 8, 2]"
96029,exploiter,1,32768,author_paired_lucb,8,4,32768.0,1.6767618413774525,0.0,batch,"[8, 7, 6, 5]"
96029,exploiter,1,32768,author_global_voi,8,4,32768.0,1.6767618413774525,0.0,batch,"[0, 1, 2, 3]"
96029,exploiter,1,32768,author_pivot_voi,8,4,32768.0,1.6767618413774525,0.0,batch,"[0, 1, 2, 3]"
96029,exploiter,1,,all_hf_reference,8,9,73728.0,1.6767618413774525,0.0,all,"[0, 1, 2, 3, 4, 5, 6, 7, 8]"
96029,exploiter,8,8192,pivot_kg,0,1,8192.0,0.0,0.0,budget_exhausted,[8]
96029,exploiter,8,8192,pivot_kg_stop,0,1,8192.0,0.0,0.0,budget_exhausted,[8]
96029,exploiter,8,8192,uniform_v2,0,1,8192.0,0.0,0.0,budget_exhausted,[4]
96029,exploiter,8,8192,ivr_v2,0,1,8192.0,0.0,0.0,budget_exhausted,[8]
96029,exploiter,8,8192,lucb_v2,0,1,8192.0,0.0,0.0,budget_exhausted,[8]
96029,exploiter,8,,no_hf_v2,0,0,0.0,0.0,0.0,no_hf_method,[]
96029,exploiter,8,,proxy_only,8,0,0.0,-1.4850926105222402,1.4850926105222402,no_hf_method,[]
96029,exploiter,8,8192,author_random_hf,8,1,8192.0,-1.4850926105222402,1.4850926105222402,batch,[3]
96029,exploiter,8,8192,author_paired_lucb,5,1,8192.0,-0.8432543923684284,0.8432543923684284,batch,[4]
96029,exploiter,8,8192,author_global_voi,4,1,8192.0,-0.6504541966590548,0.6504541966590548,batch,[0]
96029,exploiter,8,8192,author_pivot_voi,4,1,8192.0,-0.6504541966590548,0.6504541966590548,batch,[0]
96029,exploiter,8,16384,pivot_kg,0,2,16384.0,0.0,0.0,budget_exhausted,"[8, 7]"
96029,exploiter,8,16384,pivot_kg_stop,0,2,16384.0,0.0,0.0,budget_exhausted,"[8, 7]"
96029,exploiter,8,16384,uniform_v2,0,2,16384.0,0.0,0.0,budget_exhausted,"[4, 0]"
96029,exploiter,8,16384,ivr_v2,0,2,16384.0,0.0,0.0,budget_exhausted,"[8, 7]"
96029,exploiter,8,16384,lucb_v2,0,2,16384.0,0.0,0.0,budget_exhausted,"[8, 7]"
96029,exploiter,8,16384,author_random_hf,8,2,16384.0,-1.4850926105222402,1.4850926105222402,batch,"[3, 7]"
96029,exploiter,8,16384,author_paired_lucb,3,2,16384.0,-0.4701829484749894,0.4701829484749894,batch,"[4, 5]"
96029,exploiter,8,16384,author_global_voi,4,2,16384.0,-0.6504541966590548,0.6504541966590548,batch,"[0, 1]"
96029,exploiter,8,16384,author_pivot_voi,4,2,16384.0,-0.6504541966590548,0.6504541966590548,batch,"[0, 1]"
96029,exploiter,8,32768,pivot_kg,0,4,32768.0,0.0,0.0,budget_exhausted,"[8, 7, 6, 5]"
96029,exploiter,8,32768,pivot_kg_stop,0,4,32768.0,0.0,0.0,budget_exhausted,"[8, 7, 6, 5]"
96029,exploiter,8,32768,uniform_v2,0,4,32768.0,0.0,0.0,budget_exhausted,"[4, 0, 8, 1]"
96029,exploiter,8,32768,ivr_v2,0,4,32768.0,0.0,0.0,budget_exhausted,"[8, 7, 6, 5]"
96029,exploiter,8,32768,lucb_v2,0,4,32768.0,0.0,0.0,budget_exhausted,"[8, 7, 6, 5]"
96029,exploiter,8,32768,author_random_hf,6,4,32768.0,-1.0506312867403764,1.0506312867403764,batch,"[3, 7, 8, 2]"
96029,exploiter,8,32768,author_paired_lucb,2,4,32768.0,-0.3258676851917748,0.3258676851917748,batch,"[4, 5, 3, 6]"
96029,exploiter,8,32768,author_global_voi,4,4,32768.0,-0.6504541966590548,0.6504541966590548,batch,"[0, 1, 2, 3]"
96029,exploiter,8,32768,author_pivot_voi,4,4,32768.0,-0.6504541966590548,0.6504541966590548,batch,"[0, 1, 2, 3]"
96029,exploiter,8,,all_hf_reference,0,9,73728.0,0.0,0.0,all,"[0, 1, 2, 3, 4, 5, 6, 7, 8]"
